<?xml version="1.0" encoding="UTF-8"?>
<class-scheme publication-date="2022-08-01" scheme-type="cpc" publication-type="official">
<classification-item breakdown-code="false" not-allocatable="true" level="5" additional-only="false" sort-key="G12B" definition-exists="true" date-revised="2018-08-01" status="published"><classification-symbol>G12B</classification-symbol><class-title date-revised="2013-01-01"><title-part><text>CONSTRUCTIONAL DETAILS OF INSTRUMENTS, OR COMPARABLE DETAILS OF OTHER APPARATUS, NOT OTHERWISE PROVIDED FOR</text></title-part></class-title><notes-and-warnings date-revised="2013-01-01"><note type="note"><note-paragraph>This subclass <u>covers</u> only details which are not restricted to measuring instruments or to any other apparatus covered by a single class.</note-paragraph><note-paragraph>This subclass <u>does not cover</u>: <subnote type="bullet"><note-paragraph>details covered by any other subclass in section <class-ref scheme="cpc">A</class-ref>, <class-ref scheme="cpc">F</class-ref>, <class-ref scheme="cpc">G</class-ref> or <class-ref scheme="cpc">H</class-ref>. In particular, details restricted to the measuring instruments are covered by the relevant subclasses of class <class-ref scheme="cpc">G01</class-ref>, e.g. <class-ref scheme="cpc">G01D</class-ref>;</note-paragraph><note-paragraph>constructional details restricted to electric apparatus, e.g. casings, screenings, which are covered by subclass <class-ref scheme="cpc">H05K</class-ref> or the relevant subclass in section <class-ref scheme="cpc">H</class-ref>.</note-paragraph></subnote></note-paragraph><note-paragraph>Attention is drawn to the Notes following the title of section <class-ref scheme="cpc">G</class-ref>, especially as regards to the definition of the term &quot;measuring&quot; in Note (2) following the title of class <class-ref scheme="cpc">G01</class-ref>.</note-paragraph></note><note type="warning"><note-paragraph>In this subclass non-limiting references (in the sense of paragraph 39 of the Guide to the IPC) may still be displayed in the scheme.</note-paragraph></note></notes-and-warnings>
<classification-item breakdown-code="false" not-allocatable="true" level="6" additional-only="false" sort-key="G12B1/00" date-revised="2013-01-01" status="published"><classification-symbol>G12B1/00</classification-symbol>
<classification-item breakdown-code="false" not-allocatable="false" level="7" additional-only="false" sort-key="G12B1/00" definition-exists="true" ipc-concordant="G12B1/00" c-set-base-allowed="false" c-set-subsequent-allowed="true" date-revised="2017-08-01" status="published"><classification-symbol>G12B1/00</classification-symbol><class-title date-revised="2017-08-01"><title-part><text>Sensitive elements capable of producing movement or displacement for purposes not limited to measurement</text></title-part><title-part><text>Associated transmission mechanisms therefor</text></title-part></class-title>
<classification-item breakdown-code="false" not-allocatable="false" level="8" additional-only="false" sort-key="G12B1/02" definition-exists="false" ipc-concordant="G12B1/02" c-set-base-allowed="false" c-set-subsequent-allowed="true" date-revised="2013-01-01" status="published"><classification-symbol>G12B1/02</classification-symbol><class-title date-revised="2013-01-01"><title-part><text>Compound strips or plates, e.g. bimetallic</text></title-part></class-title></classification-item>
<classification-item breakdown-code="false" not-allocatable="false" level="8" additional-only="false" sort-key="G12B1/04" definition-exists="false" ipc-concordant="G12B1/04" c-set-base-allowed="false" c-set-subsequent-allowed="true" date-revised="2013-01-01" status="published"><classification-symbol>G12B1/04</classification-symbol><class-title date-revised="2013-01-01"><title-part><text>Hollow bodies having parts which are deformable or displaceable under pressure, e.g. Bourdon tube, bellows </text><reference><text>bellows in general <class-ref scheme="cpc">F16J3/00</class-ref></text></reference></title-part></class-title></classification-item></classification-item>
<classification-item breakdown-code="false" not-allocatable="false" level="7" additional-only="false" sort-key="G12B3/00" definition-exists="true" ipc-concordant="G12B3/00" c-set-base-allowed="false" c-set-subsequent-allowed="true" date-revised="2013-01-01" status="published"><classification-symbol>G12B3/00</classification-symbol><class-title date-revised="2013-01-01"><title-part><text>Details of movements not otherwise provided for </text><reference><text>damping of shock or vibrations in general <class-ref scheme="cpc">F16F</class-ref>; avoiding out-of-balance forces <class-ref scheme="cpc">F16F15/00</class-ref>; testing balance <class-ref scheme="cpc">G01M</class-ref></text></reference></title-part></class-title>
<classification-item breakdown-code="false" not-allocatable="false" level="8" additional-only="false" sort-key="G12B3/02" definition-exists="false" ipc-concordant="G12B3/02" c-set-base-allowed="false" c-set-subsequent-allowed="true" date-revised="2013-01-01" status="published"><classification-symbol>G12B3/02</classification-symbol><class-title date-revised="2013-01-01"><title-part><text>Caging of movements, i.e. locking of movements when not in use</text></title-part></class-title></classification-item>
<classification-item breakdown-code="false" not-allocatable="false" level="8" additional-only="false" sort-key="G12B3/04" definition-exists="false" ipc-concordant="G12B3/04" c-set-base-allowed="false" c-set-subsequent-allowed="true" date-revised="2013-01-01" status="published"><classification-symbol>G12B3/04</classification-symbol><class-title date-revised="2013-01-01"><title-part><text>Suspensions </text><reference><text>bearings <class-ref scheme="cpc">F16C</class-ref></text></reference></title-part></class-title></classification-item>
<classification-item breakdown-code="false" not-allocatable="false" level="8" additional-only="false" sort-key="G12B3/06" definition-exists="false" ipc-concordant="G12B3/06" c-set-base-allowed="false" c-set-subsequent-allowed="true" date-revised="2013-01-01" status="published"><classification-symbol>G12B3/06</classification-symbol><class-title date-revised="2013-01-01"><title-part><text>Reducing effects of friction, e.g. by vibration </text><reference><text>by lubrication <class-ref scheme="cpc">F16N</class-ref></text></reference></title-part></class-title></classification-item>
<classification-item breakdown-code="false" not-allocatable="false" level="8" additional-only="false" sort-key="G12B3/08" definition-exists="false" ipc-concordant="G12B3/08" c-set-base-allowed="false" c-set-subsequent-allowed="true" date-revised="2013-01-01" status="published"><classification-symbol>G12B3/08</classification-symbol><class-title date-revised="2013-01-01"><title-part><text>Damping of movements, e.g. to promote rapid non-oscillatory movement to a final reading</text></title-part></class-title>
<classification-item breakdown-code="false" not-allocatable="false" level="9" additional-only="false" sort-key="G12B3/10" definition-exists="false" ipc-concordant="G12B3/10" c-set-base-allowed="false" c-set-subsequent-allowed="true" date-revised="2013-01-01" status="published"><classification-symbol>G12B3/10</classification-symbol><class-title date-revised="2013-01-01"><title-part><text>using eddy currents</text></title-part></class-title></classification-item></classification-item></classification-item>
<classification-item breakdown-code="false" not-allocatable="false" level="7" additional-only="false" sort-key="G12B5/00" definition-exists="true" ipc-concordant="G12B5/00" c-set-base-allowed="false" c-set-subsequent-allowed="true" date-revised="2017-01-01" status="published"><classification-symbol>G12B5/00</classification-symbol><class-title date-revised="2017-01-01"><title-part><text>Adjusting position or attitude, e.g. level, of instruments or other apparatus, or of parts thereof </text><reference><text>levels <u>per se</u> <class-ref scheme="cpc">G01C9/00</class-ref></text></reference></title-part><title-part><text>Compensating for the effects of tilting or acceleration, e.g. for optical apparatus</text></title-part></class-title></classification-item>
<classification-item breakdown-code="false" not-allocatable="false" level="7" additional-only="false" sort-key="G12B7/00" definition-exists="true" ipc-concordant="G12B7/00" c-set-base-allowed="false" c-set-subsequent-allowed="true" date-revised="2013-01-01" status="published"><classification-symbol>G12B7/00</classification-symbol><class-title date-revised="2013-01-01"><title-part><text>Compensating for the effects of temperature </text><reference><text>by cooling <class-ref scheme="cpc">G12B15/00</class-ref></text></reference></title-part></class-title></classification-item>
<classification-item breakdown-code="false" not-allocatable="false" level="7" additional-only="false" sort-key="G12B9/00" definition-exists="true" ipc-concordant="G12B9/00" c-set-base-allowed="false" c-set-subsequent-allowed="true" date-revised="2013-01-01" status="published"><classification-symbol>G12B9/00</classification-symbol><class-title date-revised="2013-01-01"><title-part><text>Housing or supporting of instruments or other apparatus</text></title-part></class-title>
<classification-item breakdown-code="false" not-allocatable="false" level="8" additional-only="false" sort-key="G12B9/02" definition-exists="false" ipc-concordant="G12B9/02" c-set-base-allowed="false" c-set-subsequent-allowed="true" date-revised="2013-01-01" status="published"><classification-symbol>G12B9/02</classification-symbol><class-title date-revised="2013-01-01"><title-part><text>Casings</text></title-part><title-part><text>Housings</text></title-part><title-part><text>Cabinets </text><reference><text>sealing arrangements for transmission members <class-ref scheme="cpc">F16J</class-ref>, particularly <class-ref scheme="cpc">F16J15/50</class-ref></text></reference></title-part></class-title>
<classification-item breakdown-code="false" not-allocatable="false" level="9" additional-only="false" sort-key="G12B9/04" definition-exists="false" ipc-concordant="G12B9/04" c-set-base-allowed="false" c-set-subsequent-allowed="true" date-revised="2013-01-01" status="published"><classification-symbol>G12B9/04</classification-symbol><class-title date-revised="2013-01-01"><title-part><text>Details, e.g. cover</text></title-part></class-title>
<classification-item breakdown-code="false" not-allocatable="false" level="10" additional-only="false" sort-key="G12B9/06" definition-exists="false" ipc-concordant="G12B9/06" c-set-base-allowed="false" c-set-subsequent-allowed="true" date-revised="2013-01-01" status="published"><classification-symbol>G12B9/06</classification-symbol><class-title date-revised="2013-01-01"><title-part><text>Metal casings</text></title-part></class-title></classification-item></classification-item></classification-item>
<classification-item breakdown-code="false" not-allocatable="false" level="8" additional-only="false" sort-key="G12B9/08" definition-exists="false" ipc-concordant="G12B9/08" c-set-base-allowed="false" c-set-subsequent-allowed="true" date-revised="2013-01-01" status="published"><classification-symbol>G12B9/08</classification-symbol><class-title date-revised="2013-01-01"><title-part><text>Supports</text></title-part><title-part><text>Devices for carrying</text></title-part></class-title>
<classification-item breakdown-code="false" not-allocatable="false" level="9" additional-only="false" sort-key="G12B9/10" definition-exists="false" ipc-concordant="G12B9/10" c-set-base-allowed="false" c-set-subsequent-allowed="true" date-revised="2013-01-01" status="published"><classification-symbol>G12B9/10</classification-symbol><class-title date-revised="2013-01-01"><title-part><text>Instruments boards</text></title-part><title-part><text>Panels</text></title-part><title-part><text>Desks</text></title-part><title-part><text>Racks</text></title-part></class-title></classification-item></classification-item></classification-item>
<classification-item breakdown-code="false" not-allocatable="false" level="7" additional-only="false" sort-key="G12B11/00" definition-exists="true" ipc-concordant="G12B11/00" c-set-base-allowed="false" c-set-subsequent-allowed="true" date-revised="2013-01-01" status="published"><classification-symbol>G12B11/00</classification-symbol><class-title date-revised="2013-01-01"><title-part><text>Indicating elements</text></title-part><title-part><text>Illumination thereof</text></title-part></class-title>
<classification-item breakdown-code="false" not-allocatable="false" level="8" additional-only="false" sort-key="G12B11/02" definition-exists="false" ipc-concordant="G12B11/02" c-set-base-allowed="false" c-set-subsequent-allowed="true" date-revised="2013-01-01" status="published"><classification-symbol>G12B11/02</classification-symbol><class-title date-revised="2013-01-01"><title-part><text>Scales</text></title-part><title-part><text>Dials</text></title-part></class-title></classification-item>
<classification-item breakdown-code="false" not-allocatable="false" level="8" additional-only="false" sort-key="G12B11/04" definition-exists="false" ipc-concordant="G12B11/04" c-set-base-allowed="false" c-set-subsequent-allowed="true" date-revised="2013-01-01" status="published"><classification-symbol>G12B11/04</classification-symbol><class-title date-revised="2013-01-01"><title-part><text>Pointers</text></title-part><title-part><text>Setting-mechanisms therefor</text></title-part></class-title></classification-item></classification-item>
<classification-item breakdown-code="false" not-allocatable="false" level="7" additional-only="false" sort-key="G12B13/00" definition-exists="false" ipc-concordant="G12B13/00" c-set-base-allowed="false" c-set-subsequent-allowed="true" date-revised="2013-01-01" status="published"><classification-symbol>G12B13/00</classification-symbol><class-title date-revised="2013-01-01"><title-part><text>Calibrating of instruments and apparatus </text><reference><text>calibrating of measuring instruments <class-ref scheme="cpc">G01</class-ref></text></reference></title-part></class-title></classification-item>
<classification-item breakdown-code="false" not-allocatable="false" level="7" additional-only="false" sort-key="G12B15/00" definition-exists="false" ipc-concordant="G12B15/00" c-set-base-allowed="false" c-set-subsequent-allowed="true" date-revised="2013-01-01" status="published"><classification-symbol>G12B15/00</classification-symbol><class-title date-revised="2013-01-01"><title-part><text>Cooling </text><reference><text>by refrigeration, e.g. circulation of refrigerated fluid, <class-ref scheme="cpc">F25D</class-ref>; heat-exchange or heat-transfer details of general application <class-ref scheme="cpc">F28F</class-ref></text></reference></title-part></class-title>
<classification-item breakdown-code="false" not-allocatable="false" level="8" additional-only="false" sort-key="G12B15/02" definition-exists="false" ipc-concordant="G12B15/02" c-set-base-allowed="false" c-set-subsequent-allowed="true" date-revised="2013-01-01" status="published"><classification-symbol>G12B15/02</classification-symbol><class-title date-revised="2013-01-01"><title-part><text>by closed-cycle fluid-circulating systems</text></title-part></class-title></classification-item>
<classification-item breakdown-code="false" not-allocatable="false" level="8" additional-only="false" sort-key="G12B15/04" definition-exists="false" ipc-concordant="G12B15/04" c-set-base-allowed="false" c-set-subsequent-allowed="true" date-revised="2013-01-01" status="published"><classification-symbol>G12B15/04</classification-symbol><class-title date-revised="2013-01-01"><title-part><text>by currents of fluid, e.g. air, in open cycle</text></title-part></class-title></classification-item>
<classification-item breakdown-code="false" not-allocatable="false" level="8" additional-only="false" sort-key="G12B15/06" definition-exists="false" ipc-concordant="G12B15/06" c-set-base-allowed="false" c-set-subsequent-allowed="true" date-revised="2013-01-01" status="published"><classification-symbol>G12B15/06</classification-symbol><class-title date-revised="2013-01-01"><title-part><text>by contact with heat-absorbing or radiating masses, e.g. heat-sink</text></title-part></class-title></classification-item></classification-item>
<classification-item breakdown-code="false" not-allocatable="false" level="7" additional-only="false" sort-key="G12B17/00" definition-exists="false" ipc-concordant="G12B17/00" c-set-base-allowed="false" c-set-subsequent-allowed="true" date-revised="2013-01-01" status="published"><classification-symbol>G12B17/00</classification-symbol><class-title date-revised="2013-01-01"><title-part><text>Screening </text><reference><text>insulation or other protection of buildings <class-ref scheme="cpc">E04B</class-ref>; emergency protection of apparatus in general <class-ref scheme="cpc">F16P7/00</class-ref>; in connection with acoustic waves <class-ref scheme="cpc">G10K11/00</class-ref>; in connection with nuclear radiation <class-ref scheme="cpc">G21F</class-ref></text></reference></title-part></class-title><notes-and-warnings date-revised="2013-01-01"><note type="note"><note-paragraph>This group <u>covers</u>: <subnote type="bullet"><note-paragraph>the protection of instruments or other apparatus from external  radiation or other influences; </note-paragraph><note-paragraph>the prevention of the emission of undesirable radiation or other  influences by instruments or other apparatus.</note-paragraph></subnote></note-paragraph></note></notes-and-warnings>
<classification-item breakdown-code="false" not-allocatable="false" level="8" additional-only="false" sort-key="G12B17/02" definition-exists="false" ipc-concordant="G12B17/02" c-set-base-allowed="false" c-set-subsequent-allowed="true" date-revised="2013-01-01" status="published"><classification-symbol>G12B17/02</classification-symbol><class-title date-revised="2013-01-01"><title-part><text>from electric or magnetic fields, e.g. radio waves</text></title-part></class-title></classification-item>
<classification-item breakdown-code="false" not-allocatable="false" level="8" additional-only="false" sort-key="G12B17/04" definition-exists="false" ipc-concordant="G12B17/04" c-set-base-allowed="false" c-set-subsequent-allowed="true" date-revised="2013-01-01" status="published"><classification-symbol>G12B17/04</classification-symbol><class-title date-revised="2013-01-01"><title-part><text>from visible, ultra-violet, or infra-red light </text><reference><text>screening of lighting devices <class-ref scheme="cpc">F21V</class-ref>; optical filters <class-ref scheme="cpc">G02B5/20</class-ref></text></reference></title-part></class-title></classification-item>
<classification-item breakdown-code="false" not-allocatable="false" level="8" additional-only="false" sort-key="G12B17/06" definition-exists="false" ipc-concordant="G12B17/06" c-set-base-allowed="false" c-set-subsequent-allowed="true" date-revised="2013-01-01" status="published"><classification-symbol>G12B17/06</classification-symbol><class-title date-revised="2013-01-01"><title-part><text>from heat </text><reference><text><class-ref scheme="cpc">G12B17/04</class-ref> takes precedence; cooling <class-ref scheme="cpc">G12B15/00</class-ref></text></reference></title-part></class-title></classification-item>
<classification-item breakdown-code="false" not-allocatable="false" level="8" additional-only="false" sort-key="G12B17/08" definition-exists="false" ipc-concordant="G12B17/08" c-set-base-allowed="false" c-set-subsequent-allowed="true" date-revised="2016-05-01" status="published"><classification-symbol>G12B17/08</classification-symbol><class-title date-revised="2016-05-01"><title-part><text>from influences producing mechanical damage, e.g. caused by blast, by external objects, by person </text><reference><text><class-ref scheme="cpc">G12B17/02</class-ref>&#160;-&#160;<class-ref scheme="cpc">G12B17/06</class-ref> take precedence</text></reference></title-part></class-title></classification-item></classification-item></classification-item></classification-item></class-scheme>