<?xml version="1.0" encoding="UTF-8"?>
<class-scheme publication-date="2022-08-01" scheme-type="cpc" publication-type="official">
<classification-item breakdown-code="false" not-allocatable="true" level="5" additional-only="false" sort-key="E05G" definition-exists="true" date-revised="2018-08-01" status="published"><classification-symbol>E05G</classification-symbol><class-title date-revised="2013-01-01"><title-part><text>SAFES OR STRONG-ROOMS FOR VALUABLES</text></title-part><title-part><text>BANK PROTECTION DEVICES</text></title-part><title-part><text>SAFETY TRANSACTION PARTITIONS </text><reference><CPC-specific-text><text>devices to prevent theft of bags, trunks or baskets <class-ref scheme="cpc">A45C13/18</class-ref>;</text></CPC-specific-text><text> alarm arrangements <u>per se</u> <class-ref scheme="cpc">G08B</class-ref></text></reference></title-part></class-title><notes-and-warnings date-revised="2013-01-01"><note type="note"><note-paragraph>In this subclass, the following terms are used with the meanings indicated: <subnote type="bullet"><note-paragraph>&quot;bank&quot; is a building or portion of a building devoted to the safekeeping or exchange of valuables between the &quot;bank&quot; and its customers; </note-paragraph><note-paragraph>&quot;bank protection device&quot; is a mechanism in or on a bank for protecting the valuables or repelling attacks by stealth or force.</note-paragraph></subnote></note-paragraph></note><note type="warning"><note-paragraph>In this subclass non-limiting references (in the sense of paragraph 39 of the Guide to the IPC) may still be displayed in the scheme.</note-paragraph></note></notes-and-warnings>
<classification-item breakdown-code="false" not-allocatable="true" level="6" additional-only="false" sort-key="E05G1/00" date-revised="2013-01-01" status="published"><classification-symbol>E05G1/00</classification-symbol>
<classification-item breakdown-code="false" not-allocatable="false" level="7" additional-only="false" sort-key="E05G1/00" definition-exists="true" ipc-concordant="E05G1/00" c-set-base-allowed="false" c-set-subsequent-allowed="true" date-revised="2022-01-01" status="published"><classification-symbol>E05G1/00</classification-symbol><class-title date-revised="2022-01-01"><title-part><text>Safes or strong-rooms for valuables </text><reference><text>savings boxes <class-ref scheme="cpc">A45C1/12</class-ref>; floatable safes <class-ref scheme="cpc">B63C7/30</class-ref>; storage containers without attack or fire-retardant features <class-ref scheme="cpc">B65D</class-ref>; bank buildings in general, e.g. modular construction or floor plan, <class-ref scheme="cpc">E04H1/06</class-ref>; buildings resistant to earthquakes or war action <class-ref scheme="cpc">E04H9/00</class-ref></text></reference></title-part></class-title>
<classification-item breakdown-code="false" not-allocatable="false" level="8" additional-only="false" sort-key="E05G1/005" definition-exists="true" ipc-concordant="E05G1/00" c-set-base-allowed="false" c-set-subsequent-allowed="true" date-revised="2013-01-01" status="published"><classification-symbol>E05G1/005</classification-symbol><class-title date-revised="2013-01-01"><title-part><CPC-specific-text><text>Portable strong boxes, e.g. which may be fixed to a wall or the like </text><reference><text><class-ref scheme="cpc">E05G1/08</class-ref>, <class-ref scheme="cpc">E05G1/14</class-ref> take precedence; devices to prevent theft or loss of bags, trunks, baskets, or the like <class-ref scheme="cpc">A45C13/18</class-ref>; coin boxes for coin freed apparatus <class-ref scheme="cpc">G07F9/06</class-ref></text></reference></CPC-specific-text></title-part></class-title></classification-item>
<classification-item breakdown-code="false" not-allocatable="false" level="8" additional-only="false" sort-key="E05G1/02" definition-exists="true" ipc-concordant="E05G1/02" c-set-base-allowed="false" c-set-subsequent-allowed="true" date-revised="2013-01-01" status="published"><classification-symbol>E05G1/02</classification-symbol><class-title date-revised="2013-01-01"><title-part><text>Details </text><reference><text>safe hinges <class-ref scheme="cpc">E05D7/14</class-ref></text></reference></title-part></class-title>
<classification-item breakdown-code="false" not-allocatable="false" level="9" additional-only="false" sort-key="E05G1/024" definition-exists="false" ipc-concordant="E05G1/024" c-set-base-allowed="false" c-set-subsequent-allowed="true" date-revised="2013-01-01" status="published"><classification-symbol>E05G1/024</classification-symbol><class-title date-revised="2013-01-01"><title-part><text>Wall or panel structure</text></title-part></class-title></classification-item>
<classification-item breakdown-code="false" not-allocatable="false" level="9" additional-only="false" sort-key="E05G1/026" definition-exists="true" ipc-concordant="E05G1/026" c-set-base-allowed="false" c-set-subsequent-allowed="true" date-revised="2013-01-01" status="published"><classification-symbol>E05G1/026</classification-symbol><class-title date-revised="2013-01-01"><title-part><text>Closures </text><reference><text>protective doors, windows, or like closures against air raid or other war-like action <class-ref scheme="cpc">E06B5/10</class-ref>; shutters, movable grilles, other safety closures <class-ref scheme="cpc">E06B9/02</class-ref></text></reference></title-part></class-title></classification-item>
<classification-item breakdown-code="false" not-allocatable="false" level="9" additional-only="false" sort-key="E05G1/04" definition-exists="true" ipc-concordant="E05G1/04" c-set-base-allowed="false" c-set-subsequent-allowed="true" date-revised="2013-01-01" status="published"><classification-symbol>E05G1/04</classification-symbol><class-title date-revised="2013-01-01"><title-part><text>Closure fasteners </text><reference><text>locks <class-ref scheme="cpc">E05B</class-ref></text></reference></title-part></class-title></classification-item></classification-item>
<classification-item breakdown-code="false" not-allocatable="false" level="8" additional-only="false" sort-key="E05G1/06" definition-exists="false" ipc-concordant="E05G1/06" c-set-base-allowed="false" c-set-subsequent-allowed="true" date-revised="2013-01-01" status="published"><classification-symbol>E05G1/06</classification-symbol><class-title date-revised="2013-01-01"><title-part><text>having provision for multiple compartments</text></title-part></class-title>
<classification-item breakdown-code="false" not-allocatable="false" level="9" additional-only="false" sort-key="E05G1/08" definition-exists="false" ipc-concordant="E05G1/08" c-set-base-allowed="false" c-set-subsequent-allowed="true" date-revised="2013-01-01" status="published"><classification-symbol>E05G1/08</classification-symbol><class-title date-revised="2013-01-01"><title-part><text>secured individually</text></title-part></class-title></classification-item></classification-item>
<classification-item breakdown-code="false" not-allocatable="false" level="8" additional-only="false" sort-key="E05G1/10" definition-exists="true" ipc-concordant="E05G1/10" c-set-base-allowed="false" c-set-subsequent-allowed="true" date-revised="2013-01-01" status="published"><classification-symbol>E05G1/10</classification-symbol><class-title date-revised="2013-01-01"><title-part><text>with alarm, signal or indicator </text><reference><CPC-specific-text><text><class-ref scheme="cpc">E05G1/14</class-ref> takes precedence</text></CPC-specific-text><text>; burglar, theft or intruder alarm <u>per se</u> <class-ref scheme="cpc">G08B13/00</class-ref>; fire or explosion alarm <u>per se</u> <class-ref scheme="cpc">G08B17/00</class-ref></text></reference></title-part></class-title></classification-item>
<classification-item breakdown-code="false" not-allocatable="false" level="8" additional-only="false" sort-key="E05G1/12" definition-exists="true" ipc-concordant="E05G1/12" c-set-base-allowed="false" c-set-subsequent-allowed="true" date-revised="2022-01-01" status="published"><classification-symbol>E05G1/12</classification-symbol><class-title date-revised="2022-01-01"><title-part><text>with fluent-material releasing, generating or distributing means, e.g. fire-retardant or fire extinguishing means </text><reference><text><class-ref scheme="cpc">E05G1/14</class-ref> takes precedence; identifying, scaring or incapacitating burglars, thieves or intruders with smoke, gas, powder or liquid <class-ref scheme="cpc">G08B15/02</class-ref></text></reference></title-part></class-title></classification-item>
<classification-item breakdown-code="false" not-allocatable="false" level="8" additional-only="false" sort-key="E05G1/14" definition-exists="false" ipc-concordant="E05G1/14" c-set-base-allowed="false" c-set-subsequent-allowed="true" date-revised="2013-01-01" status="published"><classification-symbol>E05G1/14</classification-symbol><class-title date-revised="2013-01-01"><title-part><text>with means for masking or destroying the valuables, e.g. in case of theft</text></title-part></class-title></classification-item></classification-item>
<classification-item breakdown-code="false" not-allocatable="false" level="7" additional-only="false" sort-key="E05G5/00" definition-exists="true" ipc-concordant="E05G5/00" c-set-base-allowed="false" c-set-subsequent-allowed="true" date-revised="2013-01-01" status="published"><classification-symbol>E05G5/00</classification-symbol><class-title date-revised="2013-01-01"><title-part><text>Bank protection devices </text><reference><text><class-ref scheme="cpc">E05G1/12</class-ref>, <class-ref scheme="cpc">E05G7/00</class-ref> take precedence; closed circuit television systems <class-ref scheme="cpc">H04N7/18</class-ref></text></reference></title-part></class-title>
<classification-item breakdown-code="false" not-allocatable="false" level="8" additional-only="false" sort-key="E05G5/003" definition-exists="true" ipc-concordant="E05G5/00" c-set-base-allowed="false" c-set-subsequent-allowed="true" date-revised="2013-01-01" status="published"><classification-symbol>E05G5/003</classification-symbol><class-title date-revised="2013-01-01"><title-part><CPC-specific-text><text>Entrance control </text><reference><text><class-ref scheme="cpc">E05G5/02</class-ref> takes precedence</text></reference></CPC-specific-text></title-part></class-title></classification-item>
<classification-item breakdown-code="false" not-allocatable="false" level="8" additional-only="false" sort-key="E05G5/006" definition-exists="false" ipc-concordant="E05G5/00" c-set-base-allowed="false" c-set-subsequent-allowed="true" date-revised="2013-01-01" status="published"><classification-symbol>E05G5/006</classification-symbol><class-title date-revised="2013-01-01"><title-part><CPC-specific-text><text>Cashier&apos;s counters or receptables for holding valuables readily accessible for handling, with safeguard mechanisms for the valuables in case of hold-up</text></CPC-specific-text></title-part></class-title></classification-item>
<classification-item breakdown-code="false" not-allocatable="false" level="8" additional-only="false" sort-key="E05G5/02" definition-exists="true" ipc-concordant="E05G5/02" c-set-base-allowed="false" c-set-subsequent-allowed="true" date-revised="2013-01-01" status="published"><classification-symbol>E05G5/02</classification-symbol><class-title date-revised="2013-01-01"><title-part><text>Trapping or confining mechanisms, </text><CPC-specific-text><text>e.g. transaction security booths</text></CPC-specific-text><reference><text>thief or burglar incapacitating means in general <class-ref scheme="cpc">G08B15/00</class-ref></text></reference></title-part></class-title></classification-item></classification-item>
<classification-item breakdown-code="false" not-allocatable="false" level="7" additional-only="false" sort-key="E05G7/00" definition-exists="true" ipc-concordant="E05G7/00" c-set-base-allowed="false" c-set-subsequent-allowed="true" date-revised="2017-01-01" status="published"><classification-symbol>E05G7/00</classification-symbol><class-title date-revised="2017-01-01"><title-part><text>Safety transaction partitions, e.g. movable pay-plates</text></title-part><title-part><CPC-specific-text><text>Bank drive-up windows</text></CPC-specific-text><reference><text>non-safety paying counters, e.g. for supermarkets <class-ref scheme="cpc">A47F9/02</class-ref>; </text><CPC-specific-text><text>secure depositories for food <class-ref scheme="cpc">A47G29/14</class-ref>; secure transfers between a building and a vehicle <class-ref scheme="cpc">B60P3/03</class-ref></text></CPC-specific-text></reference></title-part></class-title>
<classification-item breakdown-code="false" not-allocatable="false" level="8" additional-only="false" sort-key="E05G7/001" definition-exists="true" ipc-concordant="E05G7/00" c-set-base-allowed="false" c-set-subsequent-allowed="true" date-revised="2013-01-01" status="published"><classification-symbol>E05G7/001</classification-symbol><class-title date-revised="2013-01-01"><title-part><CPC-specific-text><text>Bank depositories </text><reference><text>automatic safe-deposit box systems <class-ref scheme="cpc">E05G1/06</class-ref></text></reference></CPC-specific-text></title-part></class-title></classification-item>
<classification-item breakdown-code="false" not-allocatable="false" level="8" additional-only="false" sort-key="E05G7/002" definition-exists="false" ipc-concordant="E05G7/00" c-set-base-allowed="false" c-set-subsequent-allowed="true" date-revised="2013-01-01" status="published"><classification-symbol>E05G7/002</classification-symbol><class-title date-revised="2013-01-01"><title-part><CPC-specific-text><text>Security barriers for bank teller windows</text></CPC-specific-text></title-part></class-title>
<classification-item breakdown-code="false" not-allocatable="false" level="9" additional-only="false" sort-key="E05G7/004" definition-exists="true" ipc-concordant="E05G7/00" c-set-base-allowed="false" c-set-subsequent-allowed="true" date-revised="2013-01-01" status="published"><classification-symbol>E05G7/004</classification-symbol><class-title date-revised="2013-01-01"><title-part><CPC-specific-text><text>movable </text><reference><text><class-ref scheme="cpc">E05G7/005</class-ref> takes precedence</text></reference></CPC-specific-text></title-part></class-title></classification-item>
<classification-item breakdown-code="false" not-allocatable="false" level="9" additional-only="false" sort-key="E05G7/005" definition-exists="false" ipc-concordant="E05G7/00" c-set-base-allowed="false" c-set-subsequent-allowed="true" date-revised="2013-01-01" status="published"><classification-symbol>E05G7/005</classification-symbol><class-title date-revised="2013-01-01"><title-part><CPC-specific-text><text>Pass-boxes therefor, e.g. with stationary bottoms</text></CPC-specific-text></title-part></class-title>
<classification-item breakdown-code="false" not-allocatable="false" level="10" additional-only="false" sort-key="E05G7/007" definition-exists="false" ipc-concordant="E05G7/00" c-set-base-allowed="false" c-set-subsequent-allowed="true" date-revised="2013-01-01" status="published"><classification-symbol>E05G7/007</classification-symbol><class-title date-revised="2013-01-01"><title-part><CPC-specific-text><text>with rotatable bottoms</text></CPC-specific-text></title-part></class-title></classification-item>
<classification-item breakdown-code="false" not-allocatable="false" level="10" additional-only="false" sort-key="E05G7/008" definition-exists="false" ipc-concordant="E05G7/00" c-set-base-allowed="false" c-set-subsequent-allowed="true" date-revised="2013-01-01" status="published"><classification-symbol>E05G7/008</classification-symbol><class-title date-revised="2013-01-01"><title-part><CPC-specific-text><text>with slidable bottoms, e.g. bank drive-up windows</text></CPC-specific-text></title-part></class-title></classification-item></classification-item></classification-item></classification-item></classification-item>
<classification-item breakdown-code="true" not-allocatable="true" level="6" additional-only="true" sort-key="E05G700/00" date-revised="2013-01-01" status="published"><classification-symbol>E05G2700/00</classification-symbol>
<classification-item breakdown-code="true" not-allocatable="false" level="7" additional-only="true" sort-key="E05G700/00" definition-exists="false" ipc-concordant="CPCONLY" c-set-base-allowed="false" c-set-subsequent-allowed="true" date-revised="2013-01-01" status="published"><classification-symbol>E05G2700/00</classification-symbol><class-title date-revised="2013-01-01"><title-part><text>Safes or accessories thereof</text></title-part></class-title>
<classification-item breakdown-code="true" not-allocatable="false" level="8" additional-only="true" sort-key="E05G700/02" definition-exists="false" ipc-concordant="CPCONLY" c-set-base-allowed="false" c-set-subsequent-allowed="true" date-revised="2013-01-01" status="published"><classification-symbol>E05G2700/02</classification-symbol><class-title date-revised="2013-01-01"><title-part><text>Strong boxes, wall safes</text></title-part></class-title></classification-item>
<classification-item breakdown-code="true" not-allocatable="false" level="8" additional-only="true" sort-key="E05G700/04" definition-exists="false" ipc-concordant="CPCONLY" c-set-base-allowed="false" c-set-subsequent-allowed="true" date-revised="2013-01-01" status="published"><classification-symbol>E05G2700/04</classification-symbol><class-title date-revised="2013-01-01"><title-part><text>Alarm devices, trapping mechanisms or similar devices for safes or the like</text></title-part></class-title></classification-item></classification-item></classification-item></classification-item></class-scheme>