<?xml version="1.0" encoding="UTF-8"?>
<class-scheme publication-date="2022-08-01" scheme-type="cpc" publication-type="official">
<classification-item breakdown-code="false" not-allocatable="true" level="5" additional-only="false" sort-key="D10B" definition-exists="false" date-revised="2013-01-01" status="published"><classification-symbol>D10B</classification-symbol><class-title date-revised="2013-01-01"><title-part><text>INDEXING SCHEME ASSOCIATED WITH SUBLASSES OF SECTION <class-ref scheme="cpc">D</class-ref>, RELATING TO TEXTILES</text></title-part></class-title><notes-and-warnings date-revised="2013-01-01"><note type="note"><note-paragraph>This subclass constitutes a scheme for indexing only.</note-paragraph><note-paragraph>The indexing codes of this subclass, relating to the chemical constitution of the fibrous materials, are to be associated with groups of section <class-ref scheme="cpc">D</class-ref>, with the exception of those of subclass <class-ref scheme="cpc">D06M</class-ref>, as far as these groups themselves do not give information about the chemical nature of the fibres.</note-paragraph><note-paragraph>In a number of fields, the indexing codes relating to the chemical constitution of the fibrous materials are not allotted to documents having an abstract in which the chemical constitution is clearly stated, e.g. if the abstract mentions &quot;polyamide&quot;, code <class-ref scheme="cpc">D10B2331/021</class-ref> is not allotted.</note-paragraph><note-paragraph>Blends of fibres are indexed according to each constituent fibre.</note-paragraph></note></notes-and-warnings>
<classification-item breakdown-code="true" not-allocatable="true" level="6" additional-only="true" sort-key="D10B101/00" date-revised="2013-01-01" status="published"><classification-symbol>D10B2101/00</classification-symbol>
<classification-item breakdown-code="true" not-allocatable="false" level="7" additional-only="true" sort-key="D10B101/00" definition-exists="false" ipc-concordant="CPCONLY" c-set-base-allowed="false" c-set-subsequent-allowed="true" date-revised="2013-01-01" status="published"><classification-symbol>D10B2101/00</classification-symbol><class-title date-revised="2013-01-01"><title-part><text>Inorganic fibres</text></title-part></class-title>
<classification-item breakdown-code="true" not-allocatable="false" level="8" additional-only="true" sort-key="D10B101/02" definition-exists="false" ipc-concordant="CPCONLY" c-set-base-allowed="false" c-set-subsequent-allowed="true" date-revised="2013-01-01" status="published"><classification-symbol>D10B2101/02</classification-symbol><class-title date-revised="2013-01-01"><title-part><text>based on oxides or oxide ceramics, e.g. silicates</text></title-part></class-title>
<classification-item breakdown-code="true" not-allocatable="false" level="9" additional-only="true" sort-key="D10B101/04" definition-exists="false" ipc-concordant="CPCONLY" c-set-base-allowed="false" c-set-subsequent-allowed="true" date-revised="2013-01-01" status="published"><classification-symbol>D10B2101/04</classification-symbol><class-title date-revised="2013-01-01"><title-part><text>Asbestos</text></title-part></class-title></classification-item>
<classification-item breakdown-code="true" not-allocatable="false" level="9" additional-only="true" sort-key="D10B101/06" definition-exists="false" ipc-concordant="CPCONLY" c-set-base-allowed="false" c-set-subsequent-allowed="true" date-revised="2013-01-01" status="published"><classification-symbol>D10B2101/06</classification-symbol><class-title date-revised="2013-01-01"><title-part><text>Glass</text></title-part></class-title></classification-item>
<classification-item breakdown-code="true" not-allocatable="false" level="9" additional-only="true" sort-key="D10B101/08" definition-exists="false" ipc-concordant="CPCONLY" c-set-base-allowed="false" c-set-subsequent-allowed="true" date-revised="2013-01-01" status="published"><classification-symbol>D10B2101/08</classification-symbol><class-title date-revised="2013-01-01"><title-part><text>Ceramic</text></title-part></class-title></classification-item></classification-item>
<classification-item breakdown-code="true" not-allocatable="false" level="8" additional-only="true" sort-key="D10B101/10" definition-exists="false" ipc-concordant="CPCONLY" c-set-base-allowed="false" c-set-subsequent-allowed="true" date-revised="2013-01-01" status="published"><classification-symbol>D10B2101/10</classification-symbol><class-title date-revised="2013-01-01"><title-part><text>based on non-oxides other than metals</text></title-part></class-title>
<classification-item breakdown-code="true" not-allocatable="false" level="9" additional-only="true" sort-key="D10B101/12" definition-exists="false" ipc-concordant="CPCONLY" c-set-base-allowed="false" c-set-subsequent-allowed="true" date-revised="2013-01-01" status="published"><classification-symbol>D10B2101/12</classification-symbol><class-title date-revised="2013-01-01"><title-part><text>Carbon</text></title-part><title-part><text>Pitch</text></title-part></class-title>
<classification-item breakdown-code="true" not-allocatable="false" level="10" additional-only="true" sort-key="D10B101/122" definition-exists="false" ipc-concordant="CPCONLY" c-set-base-allowed="false" c-set-subsequent-allowed="true" date-revised="2017-08-01" status="published"><classification-symbol>D10B2101/122</classification-symbol><class-title date-revised="2017-08-01"><title-part><text>Nanocarbons</text></title-part></class-title></classification-item></classification-item>
<classification-item breakdown-code="true" not-allocatable="false" level="9" additional-only="true" sort-key="D10B101/14" definition-exists="false" ipc-concordant="CPCONLY" c-set-base-allowed="false" c-set-subsequent-allowed="true" date-revised="2013-01-01" status="published"><classification-symbol>D10B2101/14</classification-symbol><class-title date-revised="2013-01-01"><title-part><text>Carbides</text></title-part><title-part><text>Nitrides</text></title-part><title-part><text>Silicides</text></title-part><title-part><text>Borides</text></title-part></class-title>
<classification-item breakdown-code="true" not-allocatable="false" level="10" additional-only="true" sort-key="D10B101/16" definition-exists="false" ipc-concordant="CPCONLY" c-set-base-allowed="false" c-set-subsequent-allowed="true" date-revised="2013-01-01" status="published"><classification-symbol>D10B2101/16</classification-symbol><class-title date-revised="2013-01-01"><title-part><text>Silicon carbide</text></title-part></class-title></classification-item></classification-item></classification-item>
<classification-item breakdown-code="true" not-allocatable="false" level="8" additional-only="true" sort-key="D10B101/20" definition-exists="false" ipc-concordant="CPCONLY" c-set-base-allowed="false" c-set-subsequent-allowed="true" date-revised="2013-01-01" status="published"><classification-symbol>D10B2101/20</classification-symbol><class-title date-revised="2013-01-01"><title-part><text>Metallic fibres</text></title-part></class-title></classification-item></classification-item>
<classification-item breakdown-code="true" not-allocatable="false" level="7" additional-only="true" sort-key="D10B201/00" definition-exists="false" ipc-concordant="CPCONLY" c-set-base-allowed="false" c-set-subsequent-allowed="true" date-revised="2013-01-01" status="published"><classification-symbol>D10B2201/00</classification-symbol><class-title date-revised="2013-01-01"><title-part><text>Cellulose-based fibres, e.g. vegetable fibres</text></title-part></class-title>
<classification-item breakdown-code="true" not-allocatable="false" level="8" additional-only="true" sort-key="D10B201/01" definition-exists="false" ipc-concordant="CPCONLY" c-set-base-allowed="false" c-set-subsequent-allowed="true" date-revised="2013-01-01" status="published"><classification-symbol>D10B2201/01</classification-symbol><class-title date-revised="2013-01-01"><title-part><text>Natural vegetable fibres</text></title-part></class-title>
<classification-item breakdown-code="true" not-allocatable="false" level="9" additional-only="true" sort-key="D10B201/02" definition-exists="false" ipc-concordant="CPCONLY" c-set-base-allowed="false" c-set-subsequent-allowed="true" date-revised="2013-01-01" status="published"><classification-symbol>D10B2201/02</classification-symbol><class-title date-revised="2013-01-01"><title-part><text>Cotton</text></title-part></class-title></classification-item>
<classification-item breakdown-code="true" not-allocatable="false" level="9" additional-only="true" sort-key="D10B201/04" definition-exists="false" ipc-concordant="CPCONLY" c-set-base-allowed="false" c-set-subsequent-allowed="true" date-revised="2013-01-01" status="published"><classification-symbol>D10B2201/04</classification-symbol><class-title date-revised="2013-01-01"><title-part><text>Linen</text></title-part></class-title></classification-item>
<classification-item breakdown-code="true" not-allocatable="false" level="9" additional-only="true" sort-key="D10B201/06" definition-exists="false" ipc-concordant="CPCONLY" c-set-base-allowed="false" c-set-subsequent-allowed="true" date-revised="2013-01-01" status="published"><classification-symbol>D10B2201/06</classification-symbol><class-title date-revised="2013-01-01"><title-part><text>Jute</text></title-part></class-title></classification-item>
<classification-item breakdown-code="true" not-allocatable="false" level="9" additional-only="true" sort-key="D10B201/08" definition-exists="false" ipc-concordant="CPCONLY" c-set-base-allowed="false" c-set-subsequent-allowed="true" date-revised="2013-01-01" status="published"><classification-symbol>D10B2201/08</classification-symbol><class-title date-revised="2013-01-01"><title-part><text>Ramie</text></title-part></class-title></classification-item>
<classification-item breakdown-code="true" not-allocatable="false" level="9" additional-only="true" sort-key="D10B201/10" definition-exists="false" ipc-concordant="CPCONLY" c-set-base-allowed="false" c-set-subsequent-allowed="true" date-revised="2013-01-01" status="published"><classification-symbol>D10B2201/10</classification-symbol><class-title date-revised="2013-01-01"><title-part><text>Bamboo</text></title-part></class-title></classification-item></classification-item>
<classification-item breakdown-code="true" not-allocatable="false" level="8" additional-only="true" sort-key="D10B201/20" definition-exists="false" ipc-concordant="CPCONLY" c-set-base-allowed="false" c-set-subsequent-allowed="true" date-revised="2013-01-01" status="published"><classification-symbol>D10B2201/20</classification-symbol><class-title date-revised="2013-01-01"><title-part><text>Cellulose-derived artificial fibres</text></title-part></class-title>
<classification-item breakdown-code="true" not-allocatable="false" level="9" additional-only="true" sort-key="D10B201/22" definition-exists="false" ipc-concordant="CPCONLY" c-set-base-allowed="false" c-set-subsequent-allowed="true" date-revised="2013-01-01" status="published"><classification-symbol>D10B2201/22</classification-symbol><class-title date-revised="2013-01-01"><title-part><text>made from cellulose solutions</text></title-part></class-title>
<classification-item breakdown-code="true" not-allocatable="false" level="10" additional-only="true" sort-key="D10B201/24" definition-exists="false" ipc-concordant="CPCONLY" c-set-base-allowed="false" c-set-subsequent-allowed="true" date-revised="2013-01-01" status="published"><classification-symbol>D10B2201/24</classification-symbol><class-title date-revised="2013-01-01"><title-part><text>Viscose</text></title-part></class-title></classification-item></classification-item>
<classification-item breakdown-code="true" not-allocatable="false" level="9" additional-only="true" sort-key="D10B201/26" definition-exists="false" ipc-concordant="CPCONLY" c-set-base-allowed="false" c-set-subsequent-allowed="true" date-revised="2013-01-01" status="published"><classification-symbol>D10B2201/26</classification-symbol><class-title date-revised="2013-01-01"><title-part><text>Nitrocellulose</text></title-part></class-title></classification-item>
<classification-item breakdown-code="true" not-allocatable="false" level="9" additional-only="true" sort-key="D10B201/28" definition-exists="false" ipc-concordant="CPCONLY" c-set-base-allowed="false" c-set-subsequent-allowed="true" date-revised="2013-01-01" status="published"><classification-symbol>D10B2201/28</classification-symbol><class-title date-revised="2013-01-01"><title-part><text>Cellulose esters or ethers, e.g. cellulose acetate</text></title-part></class-title>
<classification-item breakdown-code="true" not-allocatable="false" level="10" additional-only="true" sort-key="D10B201/30" definition-exists="false" ipc-concordant="CPCONLY" c-set-base-allowed="false" c-set-subsequent-allowed="true" date-revised="2013-01-01" status="published"><classification-symbol>D10B2201/30</classification-symbol><class-title date-revised="2013-01-01"><title-part><text>Ethers, e.g. CMC</text></title-part></class-title></classification-item></classification-item></classification-item></classification-item>
<classification-item breakdown-code="true" not-allocatable="false" level="7" additional-only="true" sort-key="D10B211/00" definition-exists="false" ipc-concordant="CPCONLY" c-set-base-allowed="false" c-set-subsequent-allowed="true" date-revised="2013-01-01" status="published"><classification-symbol>D10B2211/00</classification-symbol><class-title date-revised="2013-01-01"><title-part><text>Protein-based fibres, e.g. animal fibres</text></title-part></class-title>
<classification-item breakdown-code="true" not-allocatable="false" level="8" additional-only="true" sort-key="D10B211/01" definition-exists="false" ipc-concordant="CPCONLY" c-set-base-allowed="false" c-set-subsequent-allowed="true" date-revised="2013-01-01" status="published"><classification-symbol>D10B2211/01</classification-symbol><class-title date-revised="2013-01-01"><title-part><text>Natural animal fibres, e.g. keratin fibres</text></title-part></class-title>
<classification-item breakdown-code="true" not-allocatable="false" level="9" additional-only="true" sort-key="D10B211/02" definition-exists="false" ipc-concordant="CPCONLY" c-set-base-allowed="false" c-set-subsequent-allowed="true" date-revised="2013-01-01" status="published"><classification-symbol>D10B2211/02</classification-symbol><class-title date-revised="2013-01-01"><title-part><text>Wool</text></title-part></class-title></classification-item>
<classification-item breakdown-code="true" not-allocatable="false" level="9" additional-only="true" sort-key="D10B211/04" definition-exists="false" ipc-concordant="CPCONLY" c-set-base-allowed="false" c-set-subsequent-allowed="true" date-revised="2013-01-01" status="published"><classification-symbol>D10B2211/04</classification-symbol><class-title date-revised="2013-01-01"><title-part><text>Silk</text></title-part></class-title></classification-item>
<classification-item breakdown-code="true" not-allocatable="false" level="9" additional-only="true" sort-key="D10B211/06" definition-exists="false" ipc-concordant="CPCONLY" c-set-base-allowed="false" c-set-subsequent-allowed="true" date-revised="2013-01-01" status="published"><classification-symbol>D10B2211/06</classification-symbol><class-title date-revised="2013-01-01"><title-part><text>Collagen fibres</text></title-part></class-title></classification-item></classification-item>
<classification-item breakdown-code="true" not-allocatable="false" level="8" additional-only="true" sort-key="D10B211/20" definition-exists="false" ipc-concordant="CPCONLY" c-set-base-allowed="false" c-set-subsequent-allowed="true" date-revised="2013-01-01" status="published"><classification-symbol>D10B2211/20</classification-symbol><class-title date-revised="2013-01-01"><title-part><text>Protein-derived artificial fibres</text></title-part></class-title>
<classification-item breakdown-code="true" not-allocatable="false" level="9" additional-only="true" sort-key="D10B211/22" definition-exists="false" ipc-concordant="CPCONLY" c-set-base-allowed="false" c-set-subsequent-allowed="true" date-revised="2013-01-01" status="published"><classification-symbol>D10B2211/22</classification-symbol><class-title date-revised="2013-01-01"><title-part><text>Fibroin</text></title-part></class-title></classification-item>
<classification-item breakdown-code="true" not-allocatable="false" level="9" additional-only="true" sort-key="D10B211/24" definition-exists="false" ipc-concordant="CPCONLY" c-set-base-allowed="false" c-set-subsequent-allowed="true" date-revised="2013-01-01" status="published"><classification-symbol>D10B2211/24</classification-symbol><class-title date-revised="2013-01-01"><title-part><text>Casein</text></title-part></class-title></classification-item>
<classification-item breakdown-code="true" not-allocatable="false" level="9" additional-only="true" sort-key="D10B211/26" definition-exists="false" ipc-concordant="CPCONLY" c-set-base-allowed="false" c-set-subsequent-allowed="true" date-revised="2013-01-01" status="published"><classification-symbol>D10B2211/26</classification-symbol><class-title date-revised="2013-01-01"><title-part><text>Globulin, e.g. groundnut protein</text></title-part></class-title></classification-item></classification-item></classification-item>
<classification-item breakdown-code="true" not-allocatable="false" level="7" additional-only="true" sort-key="D10B321/00" definition-exists="false" ipc-concordant="CPCONLY" c-set-base-allowed="false" c-set-subsequent-allowed="true" date-revised="2013-01-01" status="published"><classification-symbol>D10B2321/00</classification-symbol><class-title date-revised="2013-01-01"><title-part><text>Fibres made from polymers obtained by reactions only involving carbon-to-carbon unsaturated bonds</text></title-part></class-title>
<classification-item breakdown-code="true" not-allocatable="false" level="8" additional-only="true" sort-key="D10B321/02" definition-exists="false" ipc-concordant="CPCONLY" c-set-base-allowed="false" c-set-subsequent-allowed="true" date-revised="2013-01-01" status="published"><classification-symbol>D10B2321/02</classification-symbol><class-title date-revised="2013-01-01"><title-part><text>polyolefins</text></title-part></class-title>
<classification-item breakdown-code="true" not-allocatable="false" level="9" additional-only="true" sort-key="D10B321/021" definition-exists="false" ipc-concordant="CPCONLY" c-set-base-allowed="false" c-set-subsequent-allowed="true" date-revised="2013-01-01" status="published"><classification-symbol>D10B2321/021</classification-symbol><class-title date-revised="2013-01-01"><title-part><text>polyethylene</text></title-part></class-title>
<classification-item breakdown-code="true" not-allocatable="false" level="10" additional-only="true" sort-key="D10B321/0211" definition-exists="false" ipc-concordant="CPCONLY" c-set-base-allowed="false" c-set-subsequent-allowed="true" date-revised="2021-01-01" status="published"><classification-symbol>D10B2321/0211</classification-symbol><class-title date-revised="2021-01-01"><title-part><text>high-strength or high-molecular-weight polyethylene, e.g. ultra-high molecular weight polyethylene [UHMWPE]</text></title-part></class-title></classification-item></classification-item>
<classification-item breakdown-code="true" not-allocatable="false" level="9" additional-only="true" sort-key="D10B321/022" definition-exists="false" ipc-concordant="CPCONLY" c-set-base-allowed="false" c-set-subsequent-allowed="true" date-revised="2013-01-01" status="published"><classification-symbol>D10B2321/022</classification-symbol><class-title date-revised="2013-01-01"><title-part><text>polypropylene</text></title-part></class-title></classification-item></classification-item>
<classification-item breakdown-code="true" not-allocatable="false" level="8" additional-only="true" sort-key="D10B321/04" definition-exists="false" ipc-concordant="CPCONLY" c-set-base-allowed="false" c-set-subsequent-allowed="true" date-revised="2013-01-01" status="published"><classification-symbol>D10B2321/04</classification-symbol><class-title date-revised="2013-01-01"><title-part><text>polymers of halogenated hydrocarbons</text></title-part></class-title>
<classification-item breakdown-code="true" not-allocatable="false" level="9" additional-only="true" sort-key="D10B321/041" definition-exists="false" ipc-concordant="CPCONLY" c-set-base-allowed="false" c-set-subsequent-allowed="true" date-revised="2013-01-01" status="published"><classification-symbol>D10B2321/041</classification-symbol><class-title date-revised="2013-01-01"><title-part><text>polyvinyl chloride or polyvinylidene chloride</text></title-part></class-title></classification-item>
<classification-item breakdown-code="true" not-allocatable="false" level="9" additional-only="true" sort-key="D10B321/042" definition-exists="false" ipc-concordant="CPCONLY" c-set-base-allowed="false" c-set-subsequent-allowed="true" date-revised="2013-01-01" status="published"><classification-symbol>D10B2321/042</classification-symbol><class-title date-revised="2013-01-01"><title-part><text>polymers of fluorinated hydrocarbons, e.g. polytetrafluoroethene [PTFE]</text></title-part></class-title></classification-item></classification-item>
<classification-item breakdown-code="true" not-allocatable="false" level="8" additional-only="true" sort-key="D10B321/06" definition-exists="false" ipc-concordant="CPCONLY" c-set-base-allowed="false" c-set-subsequent-allowed="true" date-revised="2013-01-01" status="published"><classification-symbol>D10B2321/06</classification-symbol><class-title date-revised="2013-01-01"><title-part><text>polymers of unsaturated alcohols, e.g. polyvinyl alcohol, or of their acetals or ketals</text></title-part></class-title></classification-item>
<classification-item breakdown-code="true" not-allocatable="false" level="8" additional-only="true" sort-key="D10B321/08" definition-exists="false" ipc-concordant="CPCONLY" c-set-base-allowed="false" c-set-subsequent-allowed="true" date-revised="2013-01-01" status="published"><classification-symbol>D10B2321/08</classification-symbol><class-title date-revised="2013-01-01"><title-part><text>polymers of unsaturated carboxylic acids or unsaturated organic esters, e.g. polyacrylic esters, polyvinyl acetate</text></title-part></class-title></classification-item>
<classification-item breakdown-code="true" not-allocatable="false" level="8" additional-only="true" sort-key="D10B321/10" definition-exists="false" ipc-concordant="CPCONLY" c-set-base-allowed="false" c-set-subsequent-allowed="true" date-revised="2013-01-01" status="published"><classification-symbol>D10B2321/10</classification-symbol><class-title date-revised="2013-01-01"><title-part><text>polymers of unsaturated nitriles, e.g. polyacrylonitrile, polyvinylidene cyanide</text></title-part></class-title>
<classification-item breakdown-code="true" not-allocatable="false" level="9" additional-only="true" sort-key="D10B321/101" definition-exists="false" ipc-concordant="CPCONLY" c-set-base-allowed="false" c-set-subsequent-allowed="true" date-revised="2013-01-01" status="published"><classification-symbol>D10B2321/101</classification-symbol><class-title date-revised="2013-01-01"><title-part><text>modacrylic</text></title-part></class-title></classification-item></classification-item>
<classification-item breakdown-code="true" not-allocatable="false" level="8" additional-only="true" sort-key="D10B321/12" definition-exists="false" ipc-concordant="CPCONLY" c-set-base-allowed="false" c-set-subsequent-allowed="true" date-revised="2013-01-01" status="published"><classification-symbol>D10B2321/12</classification-symbol><class-title date-revised="2013-01-01"><title-part><text>polymers of cyclic compounds with one carbon-to-carbon double bond in the side chain</text></title-part></class-title>
<classification-item breakdown-code="true" not-allocatable="false" level="9" additional-only="true" sort-key="D10B321/121" definition-exists="false" ipc-concordant="CPCONLY" c-set-base-allowed="false" c-set-subsequent-allowed="true" date-revised="2013-01-01" status="published"><classification-symbol>D10B2321/121</classification-symbol><class-title date-revised="2013-01-01"><title-part><text>polystyrene</text></title-part></class-title></classification-item></classification-item></classification-item>
<classification-item breakdown-code="true" not-allocatable="false" level="7" additional-only="true" sort-key="D10B331/00" definition-exists="false" ipc-concordant="CPCONLY" c-set-base-allowed="false" c-set-subsequent-allowed="true" date-revised="2013-01-01" status="published"><classification-symbol>D10B2331/00</classification-symbol><class-title date-revised="2013-01-01"><title-part><text>Fibres made from polymers obtained otherwise than by reactions only involving carbon-to-carbon unsaturated bonds, e.g. polycondensation products</text></title-part></class-title>
<classification-item breakdown-code="true" not-allocatable="false" level="8" additional-only="true" sort-key="D10B331/02" definition-exists="false" ipc-concordant="CPCONLY" c-set-base-allowed="false" c-set-subsequent-allowed="true" date-revised="2013-01-01" status="published"><classification-symbol>D10B2331/02</classification-symbol><class-title date-revised="2013-01-01"><title-part><text>polyamides </text><reference><text><class-ref scheme="cpc">D10B2331/08</class-ref> takes precedence</text></reference></title-part></class-title>
<classification-item breakdown-code="true" not-allocatable="false" level="9" additional-only="true" sort-key="D10B331/021" definition-exists="false" ipc-concordant="CPCONLY" c-set-base-allowed="false" c-set-subsequent-allowed="true" date-revised="2013-01-01" status="published"><classification-symbol>D10B2331/021</classification-symbol><class-title date-revised="2013-01-01"><title-part><text>aromatic polyamides, e.g. aramides</text></title-part></class-title></classification-item></classification-item>
<classification-item breakdown-code="true" not-allocatable="false" level="8" additional-only="true" sort-key="D10B331/04" definition-exists="false" ipc-concordant="CPCONLY" c-set-base-allowed="false" c-set-subsequent-allowed="true" date-revised="2013-01-01" status="published"><classification-symbol>D10B2331/04</classification-symbol><class-title date-revised="2013-01-01"><title-part><text>polyesters, e.g. polyethylene terephthalate [PET]</text></title-part></class-title>
<classification-item breakdown-code="true" not-allocatable="false" level="9" additional-only="true" sort-key="D10B331/041" definition-exists="false" ipc-concordant="CPCONLY" c-set-base-allowed="false" c-set-subsequent-allowed="true" date-revised="2013-01-01" status="published"><classification-symbol>D10B2331/041</classification-symbol><class-title date-revised="2013-01-01"><title-part><text>derived from hydroxy-carboxylic acids, e.g. lactones</text></title-part></class-title></classification-item>
<classification-item breakdown-code="true" not-allocatable="false" level="9" additional-only="true" sort-key="D10B331/042" definition-exists="false" ipc-concordant="CPCONLY" c-set-base-allowed="false" c-set-subsequent-allowed="true" date-revised="2013-01-01" status="published"><classification-symbol>D10B2331/042</classification-symbol><class-title date-revised="2013-01-01"><title-part><text>aromatic polyesters, e.g. vectran</text></title-part></class-title></classification-item></classification-item>
<classification-item breakdown-code="true" not-allocatable="false" level="8" additional-only="true" sort-key="D10B331/06" definition-exists="false" ipc-concordant="CPCONLY" c-set-base-allowed="false" c-set-subsequent-allowed="true" date-revised="2013-01-01" status="published"><classification-symbol>D10B2331/06</classification-symbol><class-title date-revised="2013-01-01"><title-part><text>polyethers</text></title-part></class-title>
<classification-item breakdown-code="true" not-allocatable="false" level="9" additional-only="true" sort-key="D10B331/061" definition-exists="false" ipc-concordant="CPCONLY" c-set-base-allowed="false" c-set-subsequent-allowed="true" date-revised="2013-01-01" status="published"><classification-symbol>D10B2331/061</classification-symbol><class-title date-revised="2013-01-01"><title-part><text>polyetherketones, polyetheretherketones, e.g. PEEK</text></title-part></class-title></classification-item></classification-item>
<classification-item breakdown-code="true" not-allocatable="false" level="8" additional-only="true" sort-key="D10B331/08" definition-exists="false" ipc-concordant="CPCONLY" c-set-base-allowed="false" c-set-subsequent-allowed="true" date-revised="2013-01-01" status="published"><classification-symbol>D10B2331/08</classification-symbol><class-title date-revised="2013-01-01"><title-part><text>polyamino acids or polypeptides</text></title-part></class-title></classification-item>
<classification-item breakdown-code="true" not-allocatable="false" level="8" additional-only="true" sort-key="D10B331/10" definition-exists="false" ipc-concordant="CPCONLY" c-set-base-allowed="false" c-set-subsequent-allowed="true" date-revised="2013-01-01" status="published"><classification-symbol>D10B2331/10</classification-symbol><class-title date-revised="2013-01-01"><title-part><text>polyurethanes</text></title-part></class-title></classification-item>
<classification-item breakdown-code="true" not-allocatable="false" level="8" additional-only="true" sort-key="D10B331/12" definition-exists="false" ipc-concordant="CPCONLY" c-set-base-allowed="false" c-set-subsequent-allowed="true" date-revised="2013-01-01" status="published"><classification-symbol>D10B2331/12</classification-symbol><class-title date-revised="2013-01-01"><title-part><text>polyureas</text></title-part></class-title></classification-item>
<classification-item breakdown-code="true" not-allocatable="false" level="8" additional-only="true" sort-key="D10B331/14" definition-exists="false" ipc-concordant="CPCONLY" c-set-base-allowed="false" c-set-subsequent-allowed="true" date-revised="2013-01-01" status="published"><classification-symbol>D10B2331/14</classification-symbol><class-title date-revised="2013-01-01"><title-part><text>polycondensates of cyclic compounds, e.g. polyimides, polybenzimidazoles</text></title-part></class-title></classification-item>
<classification-item breakdown-code="true" not-allocatable="false" level="8" additional-only="true" sort-key="D10B331/30" definition-exists="false" ipc-concordant="CPCONLY" c-set-base-allowed="false" c-set-subsequent-allowed="true" date-revised="2016-05-01" status="published"><classification-symbol>D10B2331/30</classification-symbol><class-title date-revised="2016-05-01"><title-part><text>polycondensation products not covered by indexing codes <class-ref scheme="cpc">D10B2331/02</class-ref>&#160;-&#160;<class-ref scheme="cpc">D10B2331/14</class-ref></text></title-part></class-title>
<classification-item breakdown-code="true" not-allocatable="false" level="9" additional-only="true" sort-key="D10B331/301" definition-exists="false" ipc-concordant="CPCONLY" c-set-base-allowed="false" c-set-subsequent-allowed="true" date-revised="2013-01-01" status="published"><classification-symbol>D10B2331/301</classification-symbol><class-title date-revised="2013-01-01"><title-part><text>polyarylene sulfides, e.g. polyphenylenesulfide</text></title-part></class-title></classification-item></classification-item></classification-item>
<classification-item breakdown-code="true" not-allocatable="false" level="7" additional-only="true" sort-key="D10B401/00" definition-exists="false" ipc-concordant="CPCONLY" c-set-base-allowed="false" c-set-subsequent-allowed="true" date-revised="2013-01-01" status="published"><classification-symbol>D10B2401/00</classification-symbol><class-title date-revised="2013-01-01"><title-part><text>Physical properties</text></title-part></class-title>
<classification-item breakdown-code="true" not-allocatable="false" level="8" additional-only="true" sort-key="D10B401/02" definition-exists="false" ipc-concordant="CPCONLY" c-set-base-allowed="false" c-set-subsequent-allowed="true" date-revised="2013-01-01" status="published"><classification-symbol>D10B2401/02</classification-symbol><class-title date-revised="2013-01-01"><title-part><text>Moisture-responsive characteristics</text></title-part></class-title>
<classification-item breakdown-code="true" not-allocatable="false" level="9" additional-only="true" sort-key="D10B401/021" definition-exists="false" ipc-concordant="CPCONLY" c-set-base-allowed="false" c-set-subsequent-allowed="true" date-revised="2013-01-01" status="published"><classification-symbol>D10B2401/021</classification-symbol><class-title date-revised="2013-01-01"><title-part><text>hydrophobic</text></title-part></class-title></classification-item>
<classification-item breakdown-code="true" not-allocatable="false" level="9" additional-only="true" sort-key="D10B401/022" definition-exists="false" ipc-concordant="CPCONLY" c-set-base-allowed="false" c-set-subsequent-allowed="true" date-revised="2013-01-01" status="published"><classification-symbol>D10B2401/022</classification-symbol><class-title date-revised="2013-01-01"><title-part><text>hydrophylic</text></title-part></class-title></classification-item>
<classification-item breakdown-code="true" not-allocatable="false" level="9" additional-only="true" sort-key="D10B401/024" definition-exists="false" ipc-concordant="CPCONLY" c-set-base-allowed="false" c-set-subsequent-allowed="true" date-revised="2013-01-01" status="published"><classification-symbol>D10B2401/024</classification-symbol><class-title date-revised="2013-01-01"><title-part><text>soluble</text></title-part></class-title></classification-item></classification-item>
<classification-item breakdown-code="true" not-allocatable="false" level="8" additional-only="true" sort-key="D10B401/04" definition-exists="false" ipc-concordant="CPCONLY" c-set-base-allowed="false" c-set-subsequent-allowed="true" date-revised="2013-01-01" status="published"><classification-symbol>D10B2401/04</classification-symbol><class-title date-revised="2013-01-01"><title-part><text>Heat-responsive characteristics</text></title-part></class-title>
<classification-item breakdown-code="true" not-allocatable="false" level="9" additional-only="true" sort-key="D10B401/041" definition-exists="false" ipc-concordant="CPCONLY" c-set-base-allowed="false" c-set-subsequent-allowed="true" date-revised="2013-01-01" status="published"><classification-symbol>D10B2401/041</classification-symbol><class-title date-revised="2013-01-01"><title-part><text>thermoplastic</text></title-part><title-part><text>thermosetting</text></title-part></class-title></classification-item>
<classification-item breakdown-code="true" not-allocatable="false" level="9" additional-only="true" sort-key="D10B401/046" definition-exists="false" ipc-concordant="CPCONLY" c-set-base-allowed="false" c-set-subsequent-allowed="true" date-revised="2013-01-01" status="published"><classification-symbol>D10B2401/046</classification-symbol><class-title date-revised="2013-01-01"><title-part><text>Shape recovering or form memory</text></title-part></class-title></classification-item></classification-item>
<classification-item breakdown-code="true" not-allocatable="false" level="8" additional-only="true" sort-key="D10B401/06" definition-exists="false" ipc-concordant="CPCONLY" c-set-base-allowed="false" c-set-subsequent-allowed="true" date-revised="2013-01-01" status="published"><classification-symbol>D10B2401/06</classification-symbol><class-title date-revised="2013-01-01"><title-part><text>Load-responsive characteristics</text></title-part></class-title>
<classification-item breakdown-code="true" not-allocatable="false" level="9" additional-only="true" sort-key="D10B401/061" definition-exists="false" ipc-concordant="CPCONLY" c-set-base-allowed="false" c-set-subsequent-allowed="true" date-revised="2013-01-01" status="published"><classification-symbol>D10B2401/061</classification-symbol><class-title date-revised="2013-01-01"><title-part><text>elastic</text></title-part></class-title></classification-item>
<classification-item breakdown-code="true" not-allocatable="false" level="9" additional-only="true" sort-key="D10B401/062" definition-exists="false" ipc-concordant="CPCONLY" c-set-base-allowed="false" c-set-subsequent-allowed="true" date-revised="2013-01-01" status="published"><classification-symbol>D10B2401/062</classification-symbol><class-title date-revised="2013-01-01"><title-part><text>stiff, shape retention</text></title-part></class-title></classification-item>
<classification-item breakdown-code="true" not-allocatable="false" level="9" additional-only="true" sort-key="D10B401/063" definition-exists="false" ipc-concordant="CPCONLY" c-set-base-allowed="false" c-set-subsequent-allowed="true" date-revised="2013-01-01" status="published"><classification-symbol>D10B2401/063</classification-symbol><class-title date-revised="2013-01-01"><title-part><text>high strength</text></title-part></class-title></classification-item></classification-item>
<classification-item breakdown-code="true" not-allocatable="false" level="8" additional-only="true" sort-key="D10B401/08" definition-exists="false" ipc-concordant="CPCONLY" c-set-base-allowed="false" c-set-subsequent-allowed="true" date-revised="2013-01-01" status="published"><classification-symbol>D10B2401/08</classification-symbol><class-title date-revised="2013-01-01"><title-part><text>foamed</text></title-part></class-title></classification-item>
<classification-item breakdown-code="true" not-allocatable="false" level="8" additional-only="true" sort-key="D10B401/10" definition-exists="false" ipc-concordant="CPCONLY" c-set-base-allowed="false" c-set-subsequent-allowed="true" date-revised="2013-01-01" status="published"><classification-symbol>D10B2401/10</classification-symbol><class-title date-revised="2013-01-01"><title-part><text>porous</text></title-part></class-title></classification-item>
<classification-item breakdown-code="true" not-allocatable="false" level="8" additional-only="true" sort-key="D10B401/12" definition-exists="false" ipc-concordant="CPCONLY" c-set-base-allowed="false" c-set-subsequent-allowed="true" date-revised="2013-01-01" status="published"><classification-symbol>D10B2401/12</classification-symbol><class-title date-revised="2013-01-01"><title-part><text>biodegradable</text></title-part></class-title></classification-item>
<classification-item breakdown-code="true" not-allocatable="false" level="8" additional-only="true" sort-key="D10B401/13" definition-exists="false" ipc-concordant="CPCONLY" c-set-base-allowed="false" c-set-subsequent-allowed="true" date-revised="2013-01-01" status="published"><classification-symbol>D10B2401/13</classification-symbol><class-title date-revised="2013-01-01"><title-part><text>anti-allergenic or anti-bacterial</text></title-part></class-title></classification-item>
<classification-item breakdown-code="true" not-allocatable="false" level="8" additional-only="true" sort-key="D10B401/14" definition-exists="false" ipc-concordant="CPCONLY" c-set-base-allowed="false" c-set-subsequent-allowed="true" date-revised="2013-01-01" status="published"><classification-symbol>D10B2401/14</classification-symbol><class-title date-revised="2013-01-01"><title-part><text>Dyeability</text></title-part></class-title></classification-item>
<classification-item breakdown-code="true" not-allocatable="false" level="8" additional-only="true" sort-key="D10B401/16" definition-exists="false" ipc-concordant="CPCONLY" c-set-base-allowed="false" c-set-subsequent-allowed="true" date-revised="2013-01-01" status="published"><classification-symbol>D10B2401/16</classification-symbol><class-title date-revised="2013-01-01"><title-part><text>antistatic</text></title-part><title-part><text>conductive</text></title-part></class-title></classification-item>
<classification-item breakdown-code="true" not-allocatable="false" level="8" additional-only="true" sort-key="D10B401/18" definition-exists="false" ipc-concordant="CPCONLY" c-set-base-allowed="false" c-set-subsequent-allowed="true" date-revised="2013-01-01" status="published"><classification-symbol>D10B2401/18</classification-symbol><class-title date-revised="2013-01-01"><title-part><text>including electronic components</text></title-part></class-title></classification-item>
<classification-item breakdown-code="true" not-allocatable="false" level="8" additional-only="true" sort-key="D10B401/20" definition-exists="false" ipc-concordant="CPCONLY" c-set-base-allowed="false" c-set-subsequent-allowed="true" date-revised="2013-01-01" status="published"><classification-symbol>D10B2401/20</classification-symbol><class-title date-revised="2013-01-01"><title-part><text>optical</text></title-part></class-title></classification-item>
<classification-item breakdown-code="true" not-allocatable="false" level="8" additional-only="true" sort-key="D10B401/22" definition-exists="false" ipc-concordant="CPCONLY" c-set-base-allowed="false" c-set-subsequent-allowed="true" date-revised="2013-01-01" status="published"><classification-symbol>D10B2401/22</classification-symbol><class-title date-revised="2013-01-01"><title-part><text>protective against sunlight or UV radiation</text></title-part></class-title></classification-item></classification-item>
<classification-item breakdown-code="true" not-allocatable="false" level="7" additional-only="true" sort-key="D10B403/00" definition-exists="false" ipc-concordant="CPCONLY" c-set-base-allowed="false" c-set-subsequent-allowed="true" date-revised="2013-01-01" status="published"><classification-symbol>D10B2403/00</classification-symbol><class-title date-revised="2013-01-01"><title-part><text>Details of fabric structure established in the fabric forming process</text></title-part></class-title>
<classification-item breakdown-code="true" not-allocatable="false" level="8" additional-only="true" sort-key="D10B403/01" definition-exists="false" ipc-concordant="CPCONLY" c-set-base-allowed="false" c-set-subsequent-allowed="true" date-revised="2013-01-01" status="published"><classification-symbol>D10B2403/01</classification-symbol><class-title date-revised="2013-01-01"><title-part><text>Surface features</text></title-part></class-title>
<classification-item breakdown-code="true" not-allocatable="false" level="9" additional-only="true" sort-key="D10B403/011" definition-exists="false" ipc-concordant="CPCONLY" c-set-base-allowed="false" c-set-subsequent-allowed="true" date-revised="2013-01-01" status="published"><classification-symbol>D10B2403/011</classification-symbol><class-title date-revised="2013-01-01"><title-part><text>Dissimilar front and back faces</text></title-part></class-title>
<classification-item breakdown-code="true" not-allocatable="false" level="10" additional-only="true" sort-key="D10B403/0111" definition-exists="false" ipc-concordant="CPCONLY" c-set-base-allowed="false" c-set-subsequent-allowed="true" date-revised="2013-01-01" status="published"><classification-symbol>D10B2403/0111</classification-symbol><class-title date-revised="2013-01-01"><title-part><text>One hairy surface, e.g. napped or raised </text><reference><text>for pile fabrics <class-ref scheme="cpc">D03D27/00</class-ref>, <class-ref scheme="cpc">D04B1/02</class-ref>, <class-ref scheme="cpc">D04B21/02</class-ref></text></reference></title-part></class-title></classification-item>
<classification-item breakdown-code="true" not-allocatable="false" level="10" additional-only="true" sort-key="D10B403/0112" definition-exists="false" ipc-concordant="CPCONLY" c-set-base-allowed="false" c-set-subsequent-allowed="true" date-revised="2013-01-01" status="published"><classification-symbol>D10B2403/0112</classification-symbol><class-title date-revised="2013-01-01"><title-part><text>One smooth surface, e.g. laminated or coated</text></title-part></class-title></classification-item>
<classification-item breakdown-code="true" not-allocatable="false" level="10" additional-only="true" sort-key="D10B403/0113" definition-exists="false" ipc-concordant="CPCONLY" c-set-base-allowed="false" c-set-subsequent-allowed="true" date-revised="2013-01-01" status="published"><classification-symbol>D10B2403/0113</classification-symbol><class-title date-revised="2013-01-01"><title-part><text>One surface including hollow piping or integrated straps, e.g. for inserts or mountings</text></title-part></class-title></classification-item>
<classification-item breakdown-code="true" not-allocatable="false" level="10" additional-only="true" sort-key="D10B403/0114" definition-exists="false" ipc-concordant="CPCONLY" c-set-base-allowed="false" c-set-subsequent-allowed="true" date-revised="2013-01-01" status="published"><classification-symbol>D10B2403/0114</classification-symbol><class-title date-revised="2013-01-01"><title-part><text>with one or more yarns appearing predominantly on one face, e.g. plated or paralleled yarns </text><reference><text>for pile fabrics <class-ref scheme="cpc">D03D27/00</class-ref>, <class-ref scheme="cpc">D04B1/02</class-ref>, <class-ref scheme="cpc">D04B21/02</class-ref>; for intarsia fabrics <class-ref scheme="cpc">D04B1/126</class-ref></text></reference></title-part></class-title></classification-item></classification-item>
<classification-item breakdown-code="true" not-allocatable="false" level="9" additional-only="true" sort-key="D10B403/012" definition-exists="false" ipc-concordant="CPCONLY" c-set-base-allowed="false" c-set-subsequent-allowed="true" date-revised="2013-01-01" status="published"><classification-symbol>D10B2403/012</classification-symbol><class-title date-revised="2013-01-01"><title-part><text>Alike front and back faces</text></title-part></class-title>
<classification-item breakdown-code="true" not-allocatable="false" level="10" additional-only="true" sort-key="D10B403/0121" definition-exists="false" ipc-concordant="CPCONLY" c-set-base-allowed="false" c-set-subsequent-allowed="true" date-revised="2013-01-01" status="published"><classification-symbol>D10B2403/0121</classification-symbol><class-title date-revised="2013-01-01"><title-part><text>Two hairy surfaces, e.g. napped or raised </text><reference><text>for pile fabrics <class-ref scheme="cpc">D03D27/00</class-ref>, <class-ref scheme="cpc">D04B1/02</class-ref>, <class-ref scheme="cpc">D04B21/02</class-ref></text></reference></title-part></class-title></classification-item>
<classification-item breakdown-code="true" not-allocatable="false" level="10" additional-only="true" sort-key="D10B403/0122" definition-exists="false" ipc-concordant="CPCONLY" c-set-base-allowed="false" c-set-subsequent-allowed="true" date-revised="2013-01-01" status="published"><classification-symbol>D10B2403/0122</classification-symbol><class-title date-revised="2013-01-01"><title-part><text>Smooth surfaces, e.g. laminated or coated</text></title-part></class-title></classification-item>
<classification-item breakdown-code="true" not-allocatable="false" level="10" additional-only="true" sort-key="D10B403/0123" definition-exists="false" ipc-concordant="CPCONLY" c-set-base-allowed="false" c-set-subsequent-allowed="true" date-revised="2013-01-01" status="published"><classification-symbol>D10B2403/0123</classification-symbol><class-title date-revised="2013-01-01"><title-part><text>Both surfaces including hollow piping or integrated straps, e.g. for inserts or mountings</text></title-part></class-title></classification-item></classification-item></classification-item>
<classification-item breakdown-code="true" not-allocatable="false" level="8" additional-only="true" sort-key="D10B403/02" definition-exists="false" ipc-concordant="CPCONLY" c-set-base-allowed="false" c-set-subsequent-allowed="true" date-revised="2013-01-01" status="published"><classification-symbol>D10B2403/02</classification-symbol><class-title date-revised="2013-01-01"><title-part><text>Cross-sectional features </text><reference><text>for three-dimensional features <class-ref scheme="cpc">D10B2403/033</class-ref></text></reference></title-part></class-title>
<classification-item breakdown-code="true" not-allocatable="false" level="9" additional-only="true" sort-key="D10B403/021" definition-exists="false" ipc-concordant="CPCONLY" c-set-base-allowed="false" c-set-subsequent-allowed="true" date-revised="2013-01-01" status="published"><classification-symbol>D10B2403/021</classification-symbol><class-title date-revised="2013-01-01"><title-part><text>Lofty fabric with equidistantly spaced front and back plies, e.g. spacer fabrics</text></title-part></class-title>
<classification-item breakdown-code="true" not-allocatable="false" level="10" additional-only="true" sort-key="D10B403/0211" definition-exists="false" ipc-concordant="CPCONLY" c-set-base-allowed="false" c-set-subsequent-allowed="true" date-revised="2013-01-01" status="published"><classification-symbol>D10B2403/0211</classification-symbol><class-title date-revised="2013-01-01"><title-part><text>with corrugated plies</text></title-part></class-title></classification-item>
<classification-item breakdown-code="true" not-allocatable="false" level="10" additional-only="true" sort-key="D10B403/0212" definition-exists="false" ipc-concordant="CPCONLY" c-set-base-allowed="false" c-set-subsequent-allowed="true" date-revised="2013-01-01" status="published"><classification-symbol>D10B2403/0212</classification-symbol><class-title date-revised="2013-01-01"><title-part><text>with baggy or puckered plies</text></title-part></class-title></classification-item>
<classification-item breakdown-code="true" not-allocatable="false" level="10" additional-only="true" sort-key="D10B403/0213" definition-exists="false" ipc-concordant="CPCONLY" c-set-base-allowed="false" c-set-subsequent-allowed="true" date-revised="2013-01-01" status="published"><classification-symbol>D10B2403/0213</classification-symbol><class-title date-revised="2013-01-01"><title-part><text>with apertures, e.g. with one or more mesh fabric plies</text></title-part></class-title></classification-item></classification-item>
<classification-item breakdown-code="true" not-allocatable="false" level="9" additional-only="true" sort-key="D10B403/022" definition-exists="false" ipc-concordant="CPCONLY" c-set-base-allowed="false" c-set-subsequent-allowed="true" date-revised="2013-01-01" status="published"><classification-symbol>D10B2403/022</classification-symbol><class-title date-revised="2013-01-01"><title-part><text>Lofty fabric with variably spaced front and back plies, e.g. spacer fabrics</text></title-part></class-title>
<classification-item breakdown-code="true" not-allocatable="false" level="10" additional-only="true" sort-key="D10B403/0221" definition-exists="false" ipc-concordant="CPCONLY" c-set-base-allowed="false" c-set-subsequent-allowed="true" date-revised="2013-01-01" status="published"><classification-symbol>D10B2403/0221</classification-symbol><class-title date-revised="2013-01-01"><title-part><text>with at least one corrugated ply</text></title-part></class-title></classification-item>
<classification-item breakdown-code="true" not-allocatable="false" level="10" additional-only="true" sort-key="D10B403/0222" definition-exists="false" ipc-concordant="CPCONLY" c-set-base-allowed="false" c-set-subsequent-allowed="true" date-revised="2013-01-01" status="published"><classification-symbol>D10B2403/0222</classification-symbol><class-title date-revised="2013-01-01"><title-part><text>with at least one baggy or puckered ply</text></title-part></class-title></classification-item>
<classification-item breakdown-code="true" not-allocatable="false" level="10" additional-only="true" sort-key="D10B403/0223" definition-exists="false" ipc-concordant="CPCONLY" c-set-base-allowed="false" c-set-subsequent-allowed="true" date-revised="2013-01-01" status="published"><classification-symbol>D10B2403/0223</classification-symbol><class-title date-revised="2013-01-01"><title-part><text>with apertures, e.g. with one or more mesh fabric plies</text></title-part></class-title></classification-item></classification-item>
<classification-item breakdown-code="true" not-allocatable="false" level="9" additional-only="true" sort-key="D10B403/023" definition-exists="false" ipc-concordant="CPCONLY" c-set-base-allowed="false" c-set-subsequent-allowed="true" date-revised="2013-01-01" status="published"><classification-symbol>D10B2403/023</classification-symbol><class-title date-revised="2013-01-01"><title-part><text>Fabric with at least two, predominantly unlinked, knitted or woven plies interlaced with each other at spaced locations or linked to a common internal co-extensive yarn system</text></title-part></class-title>
<classification-item breakdown-code="true" not-allocatable="false" level="10" additional-only="true" sort-key="D10B403/0231" definition-exists="false" ipc-concordant="CPCONLY" c-set-base-allowed="false" c-set-subsequent-allowed="true" date-revised="2013-01-01" status="published"><classification-symbol>D10B2403/0231</classification-symbol><class-title date-revised="2013-01-01"><title-part><text>including contracting yarn, e.g. blister fabrics</text></title-part></class-title></classification-item></classification-item>
<classification-item breakdown-code="true" not-allocatable="false" level="9" additional-only="true" sort-key="D10B403/024" definition-exists="false" ipc-concordant="CPCONLY" c-set-base-allowed="false" c-set-subsequent-allowed="true" date-revised="2013-01-01" status="published"><classification-symbol>D10B2403/024</classification-symbol><class-title date-revised="2013-01-01"><title-part><text>Fabric incorporating additional compounds</text></title-part></class-title>
<classification-item breakdown-code="true" not-allocatable="false" level="10" additional-only="true" sort-key="D10B403/0241" definition-exists="false" ipc-concordant="CPCONLY" c-set-base-allowed="false" c-set-subsequent-allowed="true" date-revised="2013-01-01" status="published"><classification-symbol>D10B2403/0241</classification-symbol><class-title date-revised="2013-01-01"><title-part><text>enhancing mechanical properties</text></title-part></class-title>
<classification-item breakdown-code="true" not-allocatable="false" level="11" additional-only="true" sort-key="D10B403/02411" definition-exists="false" ipc-concordant="CPCONLY" c-set-base-allowed="false" c-set-subsequent-allowed="true" date-revised="2013-01-01" status="published"><classification-symbol>D10B2403/02411</classification-symbol><class-title date-revised="2013-01-01"><title-part><text>with a single array of unbent yarn, e.g. unidirectional reinforcement fabrics</text></title-part></class-title></classification-item>
<classification-item breakdown-code="true" not-allocatable="false" level="11" additional-only="true" sort-key="D10B403/02412" definition-exists="false" ipc-concordant="CPCONLY" c-set-base-allowed="false" c-set-subsequent-allowed="true" date-revised="2013-01-01" status="published"><classification-symbol>D10B2403/02412</classification-symbol><class-title date-revised="2013-01-01"><title-part><text>including several arrays of unbent yarn, e.g. multiaxial fabrics</text></title-part></class-title></classification-item></classification-item>
<classification-item breakdown-code="true" not-allocatable="false" level="10" additional-only="true" sort-key="D10B403/0242" definition-exists="false" ipc-concordant="CPCONLY" c-set-base-allowed="false" c-set-subsequent-allowed="true" date-revised="2013-01-01" status="published"><classification-symbol>D10B2403/0242</classification-symbol><class-title date-revised="2013-01-01"><title-part><text>enhancing chemical properties</text></title-part></class-title>
<classification-item breakdown-code="true" not-allocatable="false" level="11" additional-only="true" sort-key="D10B403/02421" definition-exists="false" ipc-concordant="CPCONLY" c-set-base-allowed="false" c-set-subsequent-allowed="true" date-revised="2013-01-01" status="published"><classification-symbol>D10B2403/02421</classification-symbol><class-title date-revised="2013-01-01"><title-part><text>containing particulate matter, e.g. powder or granulate</text></title-part></class-title></classification-item></classification-item>
<classification-item breakdown-code="true" not-allocatable="false" level="10" additional-only="true" sort-key="D10B403/0243" definition-exists="false" ipc-concordant="CPCONLY" c-set-base-allowed="false" c-set-subsequent-allowed="true" date-revised="2013-01-01" status="published"><classification-symbol>D10B2403/0243</classification-symbol><class-title date-revised="2013-01-01"><title-part><text>enhancing functional properties</text></title-part></class-title>
<classification-item breakdown-code="true" not-allocatable="false" level="11" additional-only="true" sort-key="D10B403/02431" definition-exists="false" ipc-concordant="CPCONLY" c-set-base-allowed="false" c-set-subsequent-allowed="true" date-revised="2013-01-01" status="published"><classification-symbol>D10B2403/02431</classification-symbol><class-title date-revised="2013-01-01"><title-part><text>with electronic components, e.g. sensors or switches</text></title-part></class-title></classification-item></classification-item></classification-item></classification-item>
<classification-item breakdown-code="true" not-allocatable="false" level="8" additional-only="true" sort-key="D10B403/03" definition-exists="false" ipc-concordant="CPCONLY" c-set-base-allowed="false" c-set-subsequent-allowed="true" date-revised="2013-01-01" status="published"><classification-symbol>D10B2403/03</classification-symbol><class-title date-revised="2013-01-01"><title-part><text>Shape features</text></title-part></class-title>
<classification-item breakdown-code="true" not-allocatable="false" level="9" additional-only="true" sort-key="D10B403/031" definition-exists="false" ipc-concordant="CPCONLY" c-set-base-allowed="false" c-set-subsequent-allowed="true" date-revised="2013-01-01" status="published"><classification-symbol>D10B2403/031</classification-symbol><class-title date-revised="2013-01-01"><title-part><text>Narrow fabric of constant width</text></title-part></class-title>
<classification-item breakdown-code="true" not-allocatable="false" level="10" additional-only="true" sort-key="D10B403/0311" definition-exists="false" ipc-concordant="CPCONLY" c-set-base-allowed="false" c-set-subsequent-allowed="true" date-revised="2013-01-01" status="published"><classification-symbol>D10B2403/0311</classification-symbol><class-title date-revised="2013-01-01"><title-part><text>Small thickness fabric, e.g. ribbons, tapes or straps</text></title-part></class-title></classification-item>
<classification-item breakdown-code="true" not-allocatable="false" level="10" additional-only="true" sort-key="D10B403/0312" definition-exists="false" ipc-concordant="CPCONLY" c-set-base-allowed="false" c-set-subsequent-allowed="true" date-revised="2013-01-01" status="published"><classification-symbol>D10B2403/0312</classification-symbol><class-title date-revised="2013-01-01"><title-part><text>Bulk fabric, e.g. belts</text></title-part></class-title></classification-item></classification-item>
<classification-item breakdown-code="true" not-allocatable="false" level="9" additional-only="true" sort-key="D10B403/032" definition-exists="false" ipc-concordant="CPCONLY" c-set-base-allowed="false" c-set-subsequent-allowed="true" date-revised="2013-01-01" status="published"><classification-symbol>D10B2403/032</classification-symbol><class-title date-revised="2013-01-01"><title-part><text>Flat fabric of variable width, e.g. including one or more fashioned panels</text></title-part></class-title></classification-item>
<classification-item breakdown-code="true" not-allocatable="false" level="9" additional-only="true" sort-key="D10B403/033" definition-exists="false" ipc-concordant="CPCONLY" c-set-base-allowed="false" c-set-subsequent-allowed="true" date-revised="2013-01-01" status="published"><classification-symbol>D10B2403/033</classification-symbol><class-title date-revised="2013-01-01"><title-part><text>Three dimensional fabric, e.g. forming or comprising cavities in or protrusions from the basic planar configuration, or deviations from the cylindrical shape as generally imposed by the fabric forming process</text></title-part></class-title>
<classification-item breakdown-code="true" not-allocatable="false" level="10" additional-only="true" sort-key="D10B403/0331" definition-exists="false" ipc-concordant="CPCONLY" c-set-base-allowed="false" c-set-subsequent-allowed="true" date-revised="2013-01-01" status="published"><classification-symbol>D10B2403/0331</classification-symbol><class-title date-revised="2013-01-01"><title-part><text>with one or more convex or concave portions of limited extension, e.g. domes or pouches</text></title-part></class-title></classification-item>
<classification-item breakdown-code="true" not-allocatable="false" level="10" additional-only="true" sort-key="D10B403/0332" definition-exists="false" ipc-concordant="CPCONLY" c-set-base-allowed="false" c-set-subsequent-allowed="true" date-revised="2013-01-01" status="published"><classification-symbol>D10B2403/0332</classification-symbol><class-title date-revised="2013-01-01"><title-part><text>with gussets folding into three dimensional shape, e.g. seat covers</text></title-part></class-title></classification-item>
<classification-item breakdown-code="true" not-allocatable="false" level="10" additional-only="true" sort-key="D10B403/0333" definition-exists="false" ipc-concordant="CPCONLY" c-set-base-allowed="false" c-set-subsequent-allowed="true" date-revised="2013-01-01" status="published"><classification-symbol>D10B2403/0333</classification-symbol><class-title date-revised="2013-01-01"><title-part><text>with tubular portions of variable diameter or distinct axial orientation</text></title-part></class-title></classification-item></classification-item></classification-item></classification-item>
<classification-item breakdown-code="true" not-allocatable="false" level="7" additional-only="true" sort-key="D10B501/00" definition-exists="false" ipc-concordant="CPCONLY" c-set-base-allowed="false" c-set-subsequent-allowed="true" date-revised="2013-01-01" status="published"><classification-symbol>D10B2501/00</classification-symbol><class-title date-revised="2013-01-01"><title-part><text>Wearing apparel</text></title-part></class-title>
<classification-item breakdown-code="true" not-allocatable="false" level="8" additional-only="true" sort-key="D10B501/02" definition-exists="false" ipc-concordant="CPCONLY" c-set-base-allowed="false" c-set-subsequent-allowed="true" date-revised="2013-01-01" status="published"><classification-symbol>D10B2501/02</classification-symbol><class-title date-revised="2013-01-01"><title-part><text>Underwear</text></title-part></class-title>
<classification-item breakdown-code="true" not-allocatable="false" level="9" additional-only="true" sort-key="D10B501/021" definition-exists="false" ipc-concordant="CPCONLY" c-set-base-allowed="false" c-set-subsequent-allowed="true" date-revised="2013-01-01" status="published"><classification-symbol>D10B2501/021</classification-symbol><class-title date-revised="2013-01-01"><title-part><text>Hosiery</text></title-part><title-part><text>Panti-hose</text></title-part></class-title></classification-item></classification-item>
<classification-item breakdown-code="true" not-allocatable="false" level="8" additional-only="true" sort-key="D10B501/04" definition-exists="false" ipc-concordant="CPCONLY" c-set-base-allowed="false" c-set-subsequent-allowed="true" date-revised="2013-01-01" status="published"><classification-symbol>D10B2501/04</classification-symbol><class-title date-revised="2013-01-01"><title-part><text>Outerwear</text></title-part><title-part><text>Protective garments</text></title-part></class-title>
<classification-item breakdown-code="true" not-allocatable="false" level="9" additional-only="true" sort-key="D10B501/041" definition-exists="false" ipc-concordant="CPCONLY" c-set-base-allowed="false" c-set-subsequent-allowed="true" date-revised="2013-01-01" status="published"><classification-symbol>D10B2501/041</classification-symbol><class-title date-revised="2013-01-01"><title-part><text>Gloves</text></title-part></class-title></classification-item>
<classification-item breakdown-code="true" not-allocatable="false" level="9" additional-only="true" sort-key="D10B501/042" definition-exists="false" ipc-concordant="CPCONLY" c-set-base-allowed="false" c-set-subsequent-allowed="true" date-revised="2013-01-01" status="published"><classification-symbol>D10B2501/042</classification-symbol><class-title date-revised="2013-01-01"><title-part><text>Headwear</text></title-part></class-title></classification-item>
<classification-item breakdown-code="true" not-allocatable="false" level="9" additional-only="true" sort-key="D10B501/043" definition-exists="false" ipc-concordant="CPCONLY" c-set-base-allowed="false" c-set-subsequent-allowed="true" date-revised="2013-01-01" status="published"><classification-symbol>D10B2501/043</classification-symbol><class-title date-revised="2013-01-01"><title-part><text>Footwear</text></title-part></class-title></classification-item>
<classification-item breakdown-code="true" not-allocatable="false" level="9" additional-only="true" sort-key="D10B501/044" definition-exists="false" ipc-concordant="CPCONLY" c-set-base-allowed="false" c-set-subsequent-allowed="true" date-revised="2013-01-01" status="published"><classification-symbol>D10B2501/044</classification-symbol><class-title date-revised="2013-01-01"><title-part><text>Fur garments</text></title-part><title-part><text>Garments of fur substitutes</text></title-part></class-title></classification-item>
<classification-item breakdown-code="true" not-allocatable="false" level="9" additional-only="true" sort-key="D10B501/045" definition-exists="false" ipc-concordant="CPCONLY" c-set-base-allowed="false" c-set-subsequent-allowed="true" date-revised="2013-01-01" status="published"><classification-symbol>D10B2501/045</classification-symbol><class-title date-revised="2013-01-01"><title-part><text>Neckties</text></title-part></class-title></classification-item></classification-item>
<classification-item breakdown-code="true" not-allocatable="false" level="8" additional-only="true" sort-key="D10B501/06" definition-exists="false" ipc-concordant="CPCONLY" c-set-base-allowed="false" c-set-subsequent-allowed="true" date-revised="2013-01-01" status="published"><classification-symbol>D10B2501/06</classification-symbol><class-title date-revised="2013-01-01"><title-part><text>Details of garments</text></title-part></class-title>
<classification-item breakdown-code="true" not-allocatable="false" level="9" additional-only="true" sort-key="D10B501/061" definition-exists="false" ipc-concordant="CPCONLY" c-set-base-allowed="false" c-set-subsequent-allowed="true" date-revised="2013-01-01" status="published"><classification-symbol>D10B2501/061</classification-symbol><class-title date-revised="2013-01-01"><title-part><text>Piped openings (pockets)</text></title-part></class-title></classification-item>
<classification-item breakdown-code="true" not-allocatable="false" level="9" additional-only="true" sort-key="D10B501/062" definition-exists="false" ipc-concordant="CPCONLY" c-set-base-allowed="false" c-set-subsequent-allowed="true" date-revised="2013-01-01" status="published"><classification-symbol>D10B2501/062</classification-symbol><class-title date-revised="2013-01-01"><title-part><text>Buttonholes</text></title-part></class-title></classification-item>
<classification-item breakdown-code="true" not-allocatable="false" level="9" additional-only="true" sort-key="D10B501/063" definition-exists="false" ipc-concordant="CPCONLY" c-set-base-allowed="false" c-set-subsequent-allowed="true" date-revised="2013-01-01" status="published"><classification-symbol>D10B2501/063</classification-symbol><class-title date-revised="2013-01-01"><title-part><text>Fasteners</text></title-part></class-title>
<classification-item breakdown-code="true" not-allocatable="false" level="10" additional-only="true" sort-key="D10B501/0631" definition-exists="false" ipc-concordant="CPCONLY" c-set-base-allowed="false" c-set-subsequent-allowed="true" date-revised="2013-01-01" status="published"><classification-symbol>D10B2501/0631</classification-symbol><class-title date-revised="2013-01-01"><title-part><text>Slide fasteners</text></title-part></class-title></classification-item>
<classification-item breakdown-code="true" not-allocatable="false" level="10" additional-only="true" sort-key="D10B501/0632" definition-exists="false" ipc-concordant="CPCONLY" c-set-base-allowed="false" c-set-subsequent-allowed="true" date-revised="2013-01-01" status="published"><classification-symbol>D10B2501/0632</classification-symbol><class-title date-revised="2013-01-01"><title-part><text>of the touch-and-close type</text></title-part></class-title></classification-item></classification-item></classification-item></classification-item>
<classification-item breakdown-code="true" not-allocatable="false" level="7" additional-only="true" sort-key="D10B503/00" definition-exists="false" ipc-concordant="CPCONLY" c-set-base-allowed="false" c-set-subsequent-allowed="true" date-revised="2013-01-01" status="published"><classification-symbol>D10B2503/00</classification-symbol><class-title date-revised="2013-01-01"><title-part><text>Domestic or personal</text></title-part></class-title>
<classification-item breakdown-code="true" not-allocatable="false" level="8" additional-only="true" sort-key="D10B503/02" definition-exists="false" ipc-concordant="CPCONLY" c-set-base-allowed="false" c-set-subsequent-allowed="true" date-revised="2013-01-01" status="published"><classification-symbol>D10B2503/02</classification-symbol><class-title date-revised="2013-01-01"><title-part><text>Curtains</text></title-part></class-title></classification-item>
<classification-item breakdown-code="true" not-allocatable="false" level="8" additional-only="true" sort-key="D10B503/03" definition-exists="false" ipc-concordant="CPCONLY" c-set-base-allowed="false" c-set-subsequent-allowed="true" date-revised="2013-01-01" status="published"><classification-symbol>D10B2503/03</classification-symbol><class-title date-revised="2013-01-01"><title-part><text>Inside roller shades or blinds</text></title-part></class-title></classification-item>
<classification-item breakdown-code="true" not-allocatable="false" level="8" additional-only="true" sort-key="D10B503/04" definition-exists="false" ipc-concordant="CPCONLY" c-set-base-allowed="false" c-set-subsequent-allowed="true" date-revised="2013-01-01" status="published"><classification-symbol>D10B2503/04</classification-symbol><class-title date-revised="2013-01-01"><title-part><text>Floor or wall coverings</text></title-part><title-part><text>Carpets</text></title-part></class-title>
<classification-item breakdown-code="true" not-allocatable="false" level="9" additional-only="true" sort-key="D10B503/041" definition-exists="false" ipc-concordant="CPCONLY" c-set-base-allowed="false" c-set-subsequent-allowed="true" date-revised="2013-01-01" status="published"><classification-symbol>D10B2503/041</classification-symbol><class-title date-revised="2013-01-01"><title-part><text>Carpet backings</text></title-part></class-title>
<classification-item breakdown-code="true" not-allocatable="false" level="10" additional-only="true" sort-key="D10B503/042" definition-exists="false" ipc-concordant="CPCONLY" c-set-base-allowed="false" c-set-subsequent-allowed="true" date-revised="2013-01-01" status="published"><classification-symbol>D10B2503/042</classification-symbol><class-title date-revised="2013-01-01"><title-part><text>Primary backings for tufted carpets</text></title-part></class-title></classification-item></classification-item></classification-item>
<classification-item breakdown-code="true" not-allocatable="false" level="8" additional-only="true" sort-key="D10B503/06" definition-exists="false" ipc-concordant="CPCONLY" c-set-base-allowed="false" c-set-subsequent-allowed="true" date-revised="2013-01-01" status="published"><classification-symbol>D10B2503/06</classification-symbol><class-title date-revised="2013-01-01"><title-part><text>Bed linen</text></title-part></class-title>
<classification-item breakdown-code="true" not-allocatable="false" level="9" additional-only="true" sort-key="D10B503/062" definition-exists="false" ipc-concordant="CPCONLY" c-set-base-allowed="false" c-set-subsequent-allowed="true" date-revised="2013-01-01" status="published"><classification-symbol>D10B2503/062</classification-symbol><class-title date-revised="2013-01-01"><title-part><text>Fitted bedsheets</text></title-part></class-title></classification-item></classification-item>
<classification-item breakdown-code="true" not-allocatable="false" level="8" additional-only="true" sort-key="D10B503/08" definition-exists="false" ipc-concordant="CPCONLY" c-set-base-allowed="false" c-set-subsequent-allowed="true" date-revised="2013-01-01" status="published"><classification-symbol>D10B2503/08</classification-symbol><class-title date-revised="2013-01-01"><title-part><text>Wigs</text></title-part></class-title></classification-item>
<classification-item breakdown-code="true" not-allocatable="false" level="8" additional-only="true" sort-key="D10B503/10" definition-exists="false" ipc-concordant="CPCONLY" c-set-base-allowed="false" c-set-subsequent-allowed="true" date-revised="2013-01-01" status="published"><classification-symbol>D10B2503/10</classification-symbol><class-title date-revised="2013-01-01"><title-part><text>Umbrellas</text></title-part></class-title></classification-item></classification-item>
<classification-item breakdown-code="true" not-allocatable="false" level="7" additional-only="true" sort-key="D10B505/00" definition-exists="false" ipc-concordant="CPCONLY" c-set-base-allowed="false" c-set-subsequent-allowed="true" date-revised="2013-01-01" status="published"><classification-symbol>D10B2505/00</classification-symbol><class-title date-revised="2013-01-01"><title-part><text>Industrial</text></title-part></class-title>
<classification-item breakdown-code="true" not-allocatable="false" level="8" additional-only="true" sort-key="D10B505/02" definition-exists="false" ipc-concordant="CPCONLY" c-set-base-allowed="false" c-set-subsequent-allowed="true" date-revised="2013-01-01" status="published"><classification-symbol>D10B2505/02</classification-symbol><class-title date-revised="2013-01-01"><title-part><text>Reinforcing materials</text></title-part><title-part><text>Prepregs</text></title-part></class-title>
<classification-item breakdown-code="true" not-allocatable="false" level="9" additional-only="true" sort-key="D10B505/022" definition-exists="false" ipc-concordant="CPCONLY" c-set-base-allowed="false" c-set-subsequent-allowed="true" date-revised="2013-01-01" status="published"><classification-symbol>D10B2505/022</classification-symbol><class-title date-revised="2013-01-01"><title-part><text>for tyres</text></title-part></class-title></classification-item></classification-item>
<classification-item breakdown-code="true" not-allocatable="false" level="8" additional-only="true" sort-key="D10B505/04" definition-exists="false" ipc-concordant="CPCONLY" c-set-base-allowed="false" c-set-subsequent-allowed="true" date-revised="2013-01-01" status="published"><classification-symbol>D10B2505/04</classification-symbol><class-title date-revised="2013-01-01"><title-part><text>Filters</text></title-part></class-title></classification-item>
<classification-item breakdown-code="true" not-allocatable="false" level="8" additional-only="true" sort-key="D10B505/06" definition-exists="false" ipc-concordant="CPCONLY" c-set-base-allowed="false" c-set-subsequent-allowed="true" date-revised="2013-01-01" status="published"><classification-symbol>D10B2505/06</classification-symbol><class-title date-revised="2013-01-01"><title-part><text>Packings, gaskets, seals</text></title-part></class-title></classification-item>
<classification-item breakdown-code="true" not-allocatable="false" level="8" additional-only="true" sort-key="D10B505/08" definition-exists="false" ipc-concordant="CPCONLY" c-set-base-allowed="false" c-set-subsequent-allowed="true" date-revised="2013-01-01" status="published"><classification-symbol>D10B2505/08</classification-symbol><class-title date-revised="2013-01-01"><title-part><text>Upholstery, mattresses</text></title-part></class-title></classification-item>
<classification-item breakdown-code="true" not-allocatable="false" level="8" additional-only="true" sort-key="D10B505/10" definition-exists="false" ipc-concordant="CPCONLY" c-set-base-allowed="false" c-set-subsequent-allowed="true" date-revised="2013-01-01" status="published"><classification-symbol>D10B2505/10</classification-symbol><class-title date-revised="2013-01-01"><title-part><text>Packaging, e.g. bags</text></title-part></class-title></classification-item>
<classification-item breakdown-code="true" not-allocatable="false" level="8" additional-only="true" sort-key="D10B505/12" definition-exists="false" ipc-concordant="CPCONLY" c-set-base-allowed="false" c-set-subsequent-allowed="true" date-revised="2013-01-01" status="published"><classification-symbol>D10B2505/12</classification-symbol><class-title date-revised="2013-01-01"><title-part><text>Vehicles </text><reference><text><class-ref scheme="cpc">D10B2505/08</class-ref> takes precedence</text></reference></title-part></class-title>
<classification-item breakdown-code="true" not-allocatable="false" level="9" additional-only="true" sort-key="D10B505/122" definition-exists="false" ipc-concordant="CPCONLY" c-set-base-allowed="false" c-set-subsequent-allowed="true" date-revised="2013-01-01" status="published"><classification-symbol>D10B2505/122</classification-symbol><class-title date-revised="2013-01-01"><title-part><text>Safety belts</text></title-part></class-title></classification-item>
<classification-item breakdown-code="true" not-allocatable="false" level="9" additional-only="true" sort-key="D10B505/124" definition-exists="false" ipc-concordant="CPCONLY" c-set-base-allowed="false" c-set-subsequent-allowed="true" date-revised="2013-01-01" status="published"><classification-symbol>D10B2505/124</classification-symbol><class-title date-revised="2013-01-01"><title-part><text>Air bags</text></title-part></class-title></classification-item></classification-item>
<classification-item breakdown-code="true" not-allocatable="false" level="8" additional-only="true" sort-key="D10B505/18" definition-exists="false" ipc-concordant="CPCONLY" c-set-base-allowed="false" c-set-subsequent-allowed="true" date-revised="2013-01-01" status="published"><classification-symbol>D10B2505/18</classification-symbol><class-title date-revised="2013-01-01"><title-part><text>Outdoor fabrics, e.g. tents, tarpaulins </text><reference><text><class-ref scheme="cpc">D10B2507/00</class-ref> takes precedence</text></reference></title-part></class-title></classification-item>
<classification-item breakdown-code="true" not-allocatable="false" level="8" additional-only="true" sort-key="D10B505/20" definition-exists="false" ipc-concordant="CPCONLY" c-set-base-allowed="false" c-set-subsequent-allowed="true" date-revised="2013-01-01" status="published"><classification-symbol>D10B2505/20</classification-symbol><class-title date-revised="2013-01-01"><title-part><text>for civil engineering, e.g. geotextiles</text></title-part></class-title>
<classification-item breakdown-code="true" not-allocatable="false" level="9" additional-only="true" sort-key="D10B505/202" definition-exists="false" ipc-concordant="CPCONLY" c-set-base-allowed="false" c-set-subsequent-allowed="true" date-revised="2013-01-01" status="published"><classification-symbol>D10B2505/202</classification-symbol><class-title date-revised="2013-01-01"><title-part><text>Artificial grass</text></title-part></class-title></classification-item>
<classification-item breakdown-code="true" not-allocatable="false" level="9" additional-only="true" sort-key="D10B505/204" definition-exists="false" ipc-concordant="CPCONLY" c-set-base-allowed="false" c-set-subsequent-allowed="true" date-revised="2013-01-01" status="published"><classification-symbol>D10B2505/204</classification-symbol><class-title date-revised="2013-01-01"><title-part><text>Geotextiles</text></title-part></class-title></classification-item></classification-item></classification-item>
<classification-item breakdown-code="true" not-allocatable="false" level="7" additional-only="true" sort-key="D10B507/00" definition-exists="false" ipc-concordant="CPCONLY" c-set-base-allowed="false" c-set-subsequent-allowed="true" date-revised="2013-01-01" status="published"><classification-symbol>D10B2507/00</classification-symbol><class-title date-revised="2013-01-01"><title-part><text>Sport</text></title-part><title-part><text>Military</text></title-part></class-title>
<classification-item breakdown-code="true" not-allocatable="false" level="8" additional-only="true" sort-key="D10B507/02" definition-exists="false" ipc-concordant="CPCONLY" c-set-base-allowed="false" c-set-subsequent-allowed="true" date-revised="2013-01-01" status="published"><classification-symbol>D10B2507/02</classification-symbol><class-title date-revised="2013-01-01"><title-part><text>Nets</text></title-part></class-title></classification-item>
<classification-item breakdown-code="true" not-allocatable="false" level="8" additional-only="true" sort-key="D10B507/04" definition-exists="false" ipc-concordant="CPCONLY" c-set-base-allowed="false" c-set-subsequent-allowed="true" date-revised="2013-01-01" status="published"><classification-symbol>D10B2507/04</classification-symbol><class-title date-revised="2013-01-01"><title-part><text>Sails</text></title-part></class-title></classification-item>
<classification-item breakdown-code="true" not-allocatable="false" level="8" additional-only="true" sort-key="D10B507/06" definition-exists="false" ipc-concordant="CPCONLY" c-set-base-allowed="false" c-set-subsequent-allowed="true" date-revised="2013-01-01" status="published"><classification-symbol>D10B2507/06</classification-symbol><class-title date-revised="2013-01-01"><title-part><text>Parachutes</text></title-part></class-title></classification-item>
<classification-item breakdown-code="true" not-allocatable="false" level="8" additional-only="true" sort-key="D10B507/08" definition-exists="false" ipc-concordant="CPCONLY" c-set-base-allowed="false" c-set-subsequent-allowed="true" date-revised="2013-01-01" status="published"><classification-symbol>D10B2507/08</classification-symbol><class-title date-revised="2013-01-01"><title-part><text>Balls</text></title-part></class-title></classification-item>
<classification-item breakdown-code="true" not-allocatable="false" level="8" additional-only="true" sort-key="D10B507/10" definition-exists="false" ipc-concordant="CPCONLY" c-set-base-allowed="false" c-set-subsequent-allowed="true" date-revised="2013-01-01" status="published"><classification-symbol>D10B2507/10</classification-symbol><class-title date-revised="2013-01-01"><title-part><text>Balloons</text></title-part></class-title></classification-item></classification-item>
<classification-item breakdown-code="true" not-allocatable="false" level="7" additional-only="true" sort-key="D10B509/00" definition-exists="false" ipc-concordant="CPCONLY" c-set-base-allowed="false" c-set-subsequent-allowed="true" date-revised="2013-01-01" status="published"><classification-symbol>D10B2509/00</classification-symbol><class-title date-revised="2013-01-01"><title-part><text>Medical</text></title-part><title-part><text>Hygiene</text></title-part></class-title>
<classification-item breakdown-code="true" not-allocatable="false" level="8" additional-only="true" sort-key="D10B509/02" definition-exists="false" ipc-concordant="CPCONLY" c-set-base-allowed="false" c-set-subsequent-allowed="true" date-revised="2013-01-01" status="published"><classification-symbol>D10B2509/02</classification-symbol><class-title date-revised="2013-01-01"><title-part><text>Bandages, dressings or absorbent pads</text></title-part></class-title>
<classification-item breakdown-code="true" not-allocatable="false" level="9" additional-only="true" sort-key="D10B509/022" definition-exists="false" ipc-concordant="CPCONLY" c-set-base-allowed="false" c-set-subsequent-allowed="true" date-revised="2013-01-01" status="published"><classification-symbol>D10B2509/022</classification-symbol><class-title date-revised="2013-01-01"><title-part><text>Wound dressings</text></title-part></class-title></classification-item>
<classification-item breakdown-code="true" not-allocatable="false" level="9" additional-only="true" sort-key="D10B509/024" definition-exists="false" ipc-concordant="CPCONLY" c-set-base-allowed="false" c-set-subsequent-allowed="true" date-revised="2013-01-01" status="published"><classification-symbol>D10B2509/024</classification-symbol><class-title date-revised="2013-01-01"><title-part><text>Stiffening bandages, e.g. with plaster of Paris</text></title-part></class-title></classification-item>
<classification-item breakdown-code="true" not-allocatable="false" level="9" additional-only="true" sort-key="D10B509/026" definition-exists="false" ipc-concordant="CPCONLY" c-set-base-allowed="false" c-set-subsequent-allowed="true" date-revised="2013-01-01" status="published"><classification-symbol>D10B2509/026</classification-symbol><class-title date-revised="2013-01-01"><title-part><text>Absorbent pads</text></title-part><title-part><text>Tampons</text></title-part><title-part><text>Laundry</text></title-part><title-part><text>Towels</text></title-part></class-title></classification-item>
<classification-item breakdown-code="true" not-allocatable="false" level="9" additional-only="true" sort-key="D10B509/028" definition-exists="false" ipc-concordant="CPCONLY" c-set-base-allowed="false" c-set-subsequent-allowed="true" date-revised="2013-01-01" status="published"><classification-symbol>D10B2509/028</classification-symbol><class-title date-revised="2013-01-01"><title-part><text>Elastic support stockings or elastic bandages</text></title-part></class-title></classification-item></classification-item>
<classification-item breakdown-code="true" not-allocatable="false" level="8" additional-only="true" sort-key="D10B509/04" definition-exists="false" ipc-concordant="CPCONLY" c-set-base-allowed="false" c-set-subsequent-allowed="true" date-revised="2013-01-01" status="published"><classification-symbol>D10B2509/04</classification-symbol><class-title date-revised="2013-01-01"><title-part><text>Sutures</text></title-part></class-title></classification-item>
<classification-item breakdown-code="true" not-allocatable="false" level="8" additional-only="true" sort-key="D10B509/06" definition-exists="false" ipc-concordant="CPCONLY" c-set-base-allowed="false" c-set-subsequent-allowed="true" date-revised="2013-01-01" status="published"><classification-symbol>D10B2509/06</classification-symbol><class-title date-revised="2013-01-01"><title-part><text>Vascular grafts</text></title-part><title-part><text>stents</text></title-part></class-title></classification-item>
<classification-item breakdown-code="true" not-allocatable="false" level="8" additional-only="true" sort-key="D10B509/08" definition-exists="false" ipc-concordant="CPCONLY" c-set-base-allowed="false" c-set-subsequent-allowed="true" date-revised="2013-01-01" status="published"><classification-symbol>D10B2509/08</classification-symbol><class-title date-revised="2013-01-01"><title-part><text>Hernia repair mesh</text></title-part></class-title></classification-item></classification-item></classification-item></classification-item></class-scheme>