<?xml version="1.0" encoding="UTF-8"?>
<class-scheme publication-date="2022-08-01" scheme-type="cpc" publication-type="official">
<classification-item breakdown-code="false" not-allocatable="true" level="5" additional-only="true" sort-key="Y02B" definition-exists="false" date-revised="2018-05-01" status="published"><classification-symbol>Y02B</classification-symbol><class-title date-revised="2018-05-01"><title-part><text>CLIMATE CHANGE MITIGATION TECHNOLOGIES RELATED TO BUILDINGS, e.g. HOUSING, HOUSE APPLIANCES OR RELATED END-USER APPLICATIONS</text></title-part></class-title>
<classification-item breakdown-code="false" not-allocatable="true" level="6" additional-only="true" sort-key="Y02B10/00" date-revised="2013-01-01" status="published"><classification-symbol>Y02B10/00</classification-symbol>
<classification-item breakdown-code="false" not-allocatable="false" level="7" additional-only="true" sort-key="Y02B10/00" definition-exists="false" ipc-concordant="CPCONLY" c-set-base-allowed="false" c-set-subsequent-allowed="false" date-revised="2013-01-01" status="published"><classification-symbol>Y02B10/00</classification-symbol><class-title date-revised="2013-01-01"><title-part><text>Integration of renewable energy sources in buildings</text></title-part></class-title>
<classification-item breakdown-code="false" not-allocatable="false" level="8" additional-only="true" sort-key="Y02B10/10" definition-exists="false" ipc-concordant="CPCONLY" c-set-base-allowed="false" c-set-subsequent-allowed="false" date-revised="2013-01-01" status="published"><classification-symbol>Y02B10/10</classification-symbol><class-title date-revised="2013-01-01"><title-part><text>Photovoltaic [PV]</text></title-part></class-title></classification-item>
<classification-item breakdown-code="false" not-allocatable="false" level="8" additional-only="true" sort-key="Y02B10/20" definition-exists="false" ipc-concordant="CPCONLY" c-set-base-allowed="false" c-set-subsequent-allowed="false" date-revised="2013-01-01" status="published"><classification-symbol>Y02B10/20</classification-symbol><class-title date-revised="2013-01-01"><title-part><text>Solar thermal</text></title-part></class-title></classification-item>
<classification-item breakdown-code="false" not-allocatable="false" level="8" additional-only="true" sort-key="Y02B10/30" definition-exists="false" ipc-concordant="CPCONLY" c-set-base-allowed="false" c-set-subsequent-allowed="false" date-revised="2013-01-01" status="published"><classification-symbol>Y02B10/30</classification-symbol><class-title date-revised="2013-01-01"><title-part><text>Wind power</text></title-part></class-title></classification-item>
<classification-item breakdown-code="false" not-allocatable="false" level="8" additional-only="true" sort-key="Y02B10/40" definition-exists="false" ipc-concordant="CPCONLY" c-set-base-allowed="false" c-set-subsequent-allowed="false" date-revised="2013-01-01" status="published"><classification-symbol>Y02B10/40</classification-symbol><class-title date-revised="2013-01-01"><title-part><text>Geothermal heat-pumps</text></title-part></class-title></classification-item>
<classification-item breakdown-code="false" not-allocatable="false" level="8" additional-only="true" sort-key="Y02B10/50" definition-exists="false" ipc-concordant="CPCONLY" c-set-base-allowed="false" c-set-subsequent-allowed="false" date-revised="2013-01-01" status="published"><classification-symbol>Y02B10/50</classification-symbol><class-title date-revised="2013-01-01"><title-part><text>Hydropower in dwellings</text></title-part></class-title></classification-item>
<classification-item breakdown-code="false" not-allocatable="false" level="8" additional-only="true" sort-key="Y02B10/70" definition-exists="false" ipc-concordant="CPCONLY" c-set-base-allowed="false" c-set-subsequent-allowed="false" date-revised="2020-08-01" status="published"><classification-symbol>Y02B10/70</classification-symbol><class-title date-revised="2020-08-01"><title-part><text>Hybrid systems, e.g. uninterruptible or back-up power supplies integrating renewable energies</text></title-part></class-title></classification-item></classification-item>
<classification-item breakdown-code="false" not-allocatable="false" level="7" additional-only="true" sort-key="Y02B20/00" definition-exists="false" ipc-concordant="CPCONLY" c-set-base-allowed="false" c-set-subsequent-allowed="false" date-revised="2020-08-01" status="published"><classification-symbol>Y02B20/00</classification-symbol><class-title date-revised="2020-08-01"><title-part><text>Energy efficient lighting technologies, e.g. halogen lamps or gas discharge lamps</text></title-part></class-title>
<classification-item breakdown-code="false" not-allocatable="false" level="8" additional-only="true" sort-key="Y02B20/30" definition-exists="false" ipc-concordant="CPCONLY" c-set-base-allowed="false" c-set-subsequent-allowed="false" date-revised="2013-01-01" status="published"><classification-symbol>Y02B20/30</classification-symbol><class-title date-revised="2013-01-01"><title-part><text>Semiconductor lamps, e.g. solid state lamps [SSL] light emitting diodes [LED] or organic LED [OLED]</text></title-part></class-title></classification-item>
<classification-item breakdown-code="false" not-allocatable="false" level="8" additional-only="true" sort-key="Y02B20/40" definition-exists="false" ipc-concordant="CPCONLY" c-set-base-allowed="false" c-set-subsequent-allowed="false" date-revised="2020-08-01" status="published"><classification-symbol>Y02B20/40</classification-symbol><class-title date-revised="2020-08-01"><title-part><text>Control techniques providing energy savings, e.g. smart controller or presence detection</text></title-part></class-title></classification-item>
<classification-item breakdown-code="false" not-allocatable="false" level="8" additional-only="true" sort-key="Y02B20/72" definition-exists="false" ipc-concordant="CPCONLY" c-set-base-allowed="false" c-set-subsequent-allowed="false" date-revised="2020-08-01" status="published"><classification-symbol>Y02B20/72</classification-symbol><class-title date-revised="2013-01-01"><title-part><text>in street lighting</text></title-part></class-title></classification-item></classification-item>
<classification-item breakdown-code="false" not-allocatable="false" level="7" additional-only="true" sort-key="Y02B30/00" definition-exists="false" ipc-concordant="CPCONLY" c-set-base-allowed="false" c-set-subsequent-allowed="false" date-revised="2013-01-01" status="published"><classification-symbol>Y02B30/00</classification-symbol><class-title date-revised="2013-01-01"><title-part><text>Energy efficient heating, ventilation or air conditioning [HVAC]</text></title-part></class-title>
<classification-item breakdown-code="false" not-allocatable="false" level="8" additional-only="true" sort-key="Y02B30/12" definition-exists="false" ipc-concordant="CPCONLY" c-set-base-allowed="false" c-set-subsequent-allowed="false" date-revised="2020-08-01" status="published"><classification-symbol>Y02B30/12</classification-symbol><class-title date-revised="2013-01-01"><title-part><text>Hot water central heating systems using heat pumps</text></title-part></class-title></classification-item>
<classification-item breakdown-code="false" not-allocatable="false" level="8" additional-only="true" sort-key="Y02B30/13" definition-exists="false" ipc-concordant="CPCONLY" c-set-base-allowed="false" c-set-subsequent-allowed="false" date-revised="2020-08-01" status="published"><classification-symbol>Y02B30/13</classification-symbol><class-title date-revised="2018-05-01"><title-part><text>Hot air central heating systems using heat pumps</text></title-part></class-title></classification-item>
<classification-item breakdown-code="false" not-allocatable="false" level="8" additional-only="true" sort-key="Y02B30/17" definition-exists="false" ipc-concordant="CPCONLY" c-set-base-allowed="false" c-set-subsequent-allowed="false" date-revised="2020-08-01" status="published"><classification-symbol>Y02B30/17</classification-symbol><class-title date-revised="2018-05-01"><title-part><text>District heating</text></title-part></class-title></classification-item>
<classification-item breakdown-code="false" not-allocatable="false" level="8" additional-only="true" sort-key="Y02B30/18" definition-exists="false" ipc-concordant="CPCONLY" c-set-base-allowed="false" c-set-subsequent-allowed="false" date-revised="2020-08-01" status="published"><classification-symbol>Y02B30/18</classification-symbol><class-title date-revised="2013-01-01"><title-part><text>Domestic hot-water supply systems using recuperated or waste heat</text></title-part></class-title></classification-item>
<classification-item breakdown-code="false" not-allocatable="false" level="8" additional-only="true" sort-key="Y02B30/52" definition-exists="false" ipc-concordant="CPCONLY" c-set-base-allowed="false" c-set-subsequent-allowed="false" date-revised="2020-08-01" status="published"><classification-symbol>Y02B30/52</classification-symbol><class-title date-revised="2013-01-01"><title-part><text>Heat recovery pumps, i.e. heat pump based systems or units able to transfer the thermal energy from one area of the premises or part of the facilities to a different one, improving the overall efficiency</text></title-part></class-title></classification-item>
<classification-item breakdown-code="false" not-allocatable="false" level="8" additional-only="true" sort-key="Y02B30/54" definition-exists="false" ipc-concordant="CPCONLY" c-set-base-allowed="false" c-set-subsequent-allowed="false" date-revised="2020-08-01" status="published"><classification-symbol>Y02B30/54</classification-symbol><class-title date-revised="2018-05-01"><title-part><text>Free-cooling systems</text></title-part></class-title></classification-item>
<classification-item breakdown-code="false" not-allocatable="false" level="8" additional-only="true" sort-key="Y02B30/56" definition-exists="false" ipc-concordant="CPCONLY" c-set-base-allowed="false" c-set-subsequent-allowed="false" date-revised="2020-08-01" status="published"><classification-symbol>Y02B30/56</classification-symbol><class-title date-revised="2018-05-01"><title-part><text>Heat recovery units</text></title-part></class-title></classification-item>
<classification-item breakdown-code="false" not-allocatable="false" level="8" additional-only="true" sort-key="Y02B30/62" definition-exists="false" ipc-concordant="CPCONLY" c-set-base-allowed="false" c-set-subsequent-allowed="false" date-revised="2020-08-01" status="published"><classification-symbol>Y02B30/62</classification-symbol><class-title date-revised="2013-01-01"><title-part><text>Absorption based systems</text></title-part></class-title>
<classification-item breakdown-code="false" not-allocatable="false" level="9" additional-only="true" sort-key="Y02B30/625" definition-exists="false" ipc-concordant="CPCONLY" c-set-base-allowed="false" c-set-subsequent-allowed="false" date-revised="2020-08-01" status="published"><classification-symbol>Y02B30/625</classification-symbol><class-title date-revised="2018-05-01"><title-part><text>combined with heat or power generation [CHP], e.g. trigeneration</text></title-part></class-title></classification-item></classification-item>
<classification-item breakdown-code="false" not-allocatable="false" level="8" additional-only="true" sort-key="Y02B30/70" definition-exists="false" ipc-concordant="CPCONLY" c-set-base-allowed="false" c-set-subsequent-allowed="false" date-revised="2020-08-01" status="published"><classification-symbol>Y02B30/70</classification-symbol><class-title date-revised="2020-08-01"><title-part><text>Efficient control or regulation technologies, e.g. for control of refrigerant flow, motor or heating</text></title-part></class-title></classification-item>
<classification-item breakdown-code="false" not-allocatable="false" level="8" additional-only="true" sort-key="Y02B30/90" definition-exists="false" ipc-concordant="CPCONLY" c-set-base-allowed="false" c-set-subsequent-allowed="false" date-revised="2018-05-01" status="published"><classification-symbol>Y02B30/90</classification-symbol><class-title date-revised="2018-05-01"><title-part><text>Passive houses</text></title-part><title-part><text>Double facade technology</text></title-part></class-title></classification-item></classification-item>
<classification-item breakdown-code="false" not-allocatable="false" level="7" additional-only="true" sort-key="Y02B40/00" definition-exists="false" ipc-concordant="CPCONLY" c-set-base-allowed="false" c-set-subsequent-allowed="false" date-revised="2020-08-01" status="published"><classification-symbol>Y02B40/00</classification-symbol><class-title date-revised="2020-08-01"><title-part><text>Technologies aiming at improving the efficiency of home appliances, e.g. induction cooking or efficient technologies for refrigerators, freezers or dish washers</text></title-part></class-title>
<classification-item breakdown-code="false" not-allocatable="false" level="8" additional-only="true" sort-key="Y02B40/18" definition-exists="false" ipc-concordant="CPCONLY" c-set-base-allowed="false" c-set-subsequent-allowed="false" date-revised="2020-08-01" status="published"><classification-symbol>Y02B40/18</classification-symbol><class-title date-revised="2020-08-01"><title-part><text>using renewables, e.g. solar cooking stoves, furnaces or solar heating</text></title-part></class-title></classification-item></classification-item>
<classification-item breakdown-code="false" not-allocatable="false" level="7" additional-only="true" sort-key="Y02B50/00" definition-exists="false" ipc-concordant="CPCONLY" c-set-base-allowed="false" c-set-subsequent-allowed="false" date-revised="2020-08-01" status="published"><classification-symbol>Y02B50/00</classification-symbol><class-title date-revised="2020-08-01"><title-part><text>Energy efficient technologies in elevators, escalators and moving walkways, e.g. energy saving or recuperation technologies</text></title-part></class-title></classification-item>
<classification-item breakdown-code="false" not-allocatable="false" level="7" additional-only="true" sort-key="Y02B70/00" definition-exists="false" ipc-concordant="CPCONLY" c-set-base-allowed="false" c-set-subsequent-allowed="false" date-revised="2013-01-01" status="published"><classification-symbol>Y02B70/00</classification-symbol><class-title date-revised="2013-01-01"><title-part><text>Technologies for an efficient end-user side electric power management and consumption</text></title-part></class-title>
<classification-item breakdown-code="false" not-allocatable="false" level="8" additional-only="true" sort-key="Y02B70/10" definition-exists="false" ipc-concordant="CPCONLY" c-set-base-allowed="false" c-set-subsequent-allowed="false" date-revised="2020-08-01" status="published"><classification-symbol>Y02B70/10</classification-symbol><class-title date-revised="2020-08-01"><title-part><text>Technologies improving the efficiency by using switched-mode power supplies [SMPS], i.e. efficient power electronics conversion e.g. power factor correction or reduction of losses in power supplies or efficient standby modes</text></title-part></class-title></classification-item>
<classification-item breakdown-code="false" not-allocatable="false" level="8" additional-only="true" sort-key="Y02B70/30" definition-exists="false" ipc-concordant="CPCONLY" c-set-base-allowed="false" c-set-subsequent-allowed="false" date-revised="2020-08-01" status="published"><classification-symbol>Y02B70/30</classification-symbol><class-title date-revised="2020-08-01"><title-part><text>Systems integrating technologies related to power network operation and communication or information technologies for improving the carbon footprint of the management of residential or tertiary loads, i.e. smart grids as climate change mitigation technology in the buildings sector, including also the last stages of power distribution and the control, monitoring or operating management systems at local level</text></title-part></class-title>
<classification-item breakdown-code="false" not-allocatable="false" level="9" additional-only="true" sort-key="Y02B70/3225" definition-exists="false" ipc-concordant="CPCONLY" c-set-base-allowed="false" c-set-subsequent-allowed="false" date-revised="2020-08-01" status="published"><classification-symbol>Y02B70/3225</classification-symbol><class-title date-revised="2013-01-01"><title-part><text>Demand response systems, e.g. load shedding, peak shaving</text></title-part></class-title></classification-item>
<classification-item breakdown-code="false" not-allocatable="false" level="9" additional-only="true" sort-key="Y02B70/34" definition-exists="false" ipc-concordant="CPCONLY" c-set-base-allowed="false" c-set-subsequent-allowed="false" date-revised="2018-05-01" status="published"><classification-symbol>Y02B70/34</classification-symbol><class-title date-revised="2018-05-01"><title-part><text>Smart metering supporting the carbon neutral operation of end-user applications in buildings</text></title-part></class-title></classification-item></classification-item></classification-item>
<classification-item breakdown-code="false" not-allocatable="false" level="7" additional-only="true" sort-key="Y02B80/00" definition-exists="false" ipc-concordant="CPCONLY" c-set-base-allowed="false" c-set-subsequent-allowed="false" date-revised="2013-01-01" status="published"><classification-symbol>Y02B80/00</classification-symbol><class-title date-revised="2013-01-01"><title-part><text>Architectural or constructional elements improving the thermal performance of buildings</text></title-part></class-title>
<classification-item breakdown-code="false" not-allocatable="false" level="8" additional-only="true" sort-key="Y02B80/10" definition-exists="false" ipc-concordant="CPCONLY" c-set-base-allowed="false" c-set-subsequent-allowed="false" date-revised="2020-08-01" status="published"><classification-symbol>Y02B80/10</classification-symbol><class-title date-revised="2020-08-01"><title-part><text>Insulation, e.g. vacuum or aerogel insulation</text></title-part></class-title></classification-item>
<classification-item breakdown-code="false" not-allocatable="false" level="8" additional-only="true" sort-key="Y02B80/22" definition-exists="false" ipc-concordant="CPCONLY" c-set-base-allowed="false" c-set-subsequent-allowed="false" date-revised="2020-08-01" status="published"><classification-symbol>Y02B80/22</classification-symbol><class-title date-revised="2020-08-01"><title-part><text>Glazing, e.g. vaccum glazing</text></title-part></class-title></classification-item>
<classification-item breakdown-code="false" not-allocatable="false" level="8" additional-only="true" sort-key="Y02B80/32" definition-exists="false" ipc-concordant="CPCONLY" c-set-base-allowed="false" c-set-subsequent-allowed="false" date-revised="2020-08-01" status="published"><classification-symbol>Y02B80/32</classification-symbol><class-title date-revised="2013-01-01"><title-part><text>Roof garden systems</text></title-part></class-title></classification-item></classification-item>
<classification-item breakdown-code="false" not-allocatable="false" level="7" additional-only="true" sort-key="Y02B90/00" definition-exists="false" ipc-concordant="CPCONLY" c-set-base-allowed="false" c-set-subsequent-allowed="false" date-revised="2013-01-01" status="published"><classification-symbol>Y02B90/00</classification-symbol><class-title date-revised="2013-01-01"><title-part><text>Enabling technologies or technologies with a potential or indirect contribution to GHG emissions mitigation</text></title-part></class-title>
<classification-item breakdown-code="false" not-allocatable="false" level="8" additional-only="true" sort-key="Y02B90/10" definition-exists="false" ipc-concordant="CPCONLY" c-set-base-allowed="false" c-set-subsequent-allowed="false" date-revised="2013-01-01" status="published"><classification-symbol>Y02B90/10</classification-symbol><class-title date-revised="2013-01-01"><title-part><text>Applications of fuel cells in buildings</text></title-part></class-title></classification-item>
<classification-item breakdown-code="false" not-allocatable="false" level="8" additional-only="true" sort-key="Y02B90/20" definition-exists="false" ipc-concordant="CPCONLY" c-set-base-allowed="false" c-set-subsequent-allowed="false" date-revised="2020-08-01" status="published"><classification-symbol>Y02B90/20</classification-symbol><class-title date-revised="2020-08-01"><title-part><text>Smart grids as enabling technology in buildings sector </text><reference><text>smart grids supporting the management or operation of end-user stationary applications in general, or like technologies with no associated climate change mitigation effect <class-ref scheme="cpc">Y04S20/00</class-ref></text></reference></title-part></class-title></classification-item></classification-item></classification-item></classification-item></class-scheme>