<?xml version="1.0" encoding="UTF-8"?>
<class-scheme publication-date="2022-08-01" scheme-type="cpc" publication-type="official">
<classification-item breakdown-code="false" not-allocatable="true" level="5" additional-only="false" sort-key="E02C" definition-exists="true" date-revised="2018-08-01" status="published"><classification-symbol>E02C</classification-symbol><class-title date-revised="2013-01-01"><title-part><text>SHIP-LIFTING DEVICES OR MECHANISMS</text></title-part></class-title><notes-and-warnings><note type="warning"><note-paragraph>In this subclass non-limiting references (in the sense of paragraph 39 of the Guide to the IPC) may still be displayed in the scheme.</note-paragraph></note></notes-and-warnings>
<classification-item breakdown-code="false" not-allocatable="true" level="6" additional-only="false" sort-key="E02C1/00" date-revised="2013-01-01" status="published"><classification-symbol>E02C1/00</classification-symbol>
<classification-item breakdown-code="false" not-allocatable="false" level="7" additional-only="false" sort-key="E02C1/00" definition-exists="true" ipc-concordant="E02C1/00" c-set-base-allowed="false" c-set-subsequent-allowed="true" date-revised="2017-05-01" status="published"><classification-symbol>E02C1/00</classification-symbol><class-title date-revised="2017-05-01"><title-part><text>Locks </text><CPC-specific-text><text>or dry-docks</text></CPC-specific-text></title-part><title-part><text>Shaft locks, i.e. locks of which one front side is formed by a solid wall with an opening in the lower part through which the ships pass </text><reference><text>lock gates <class-ref scheme="cpc">E02B7/20</class-ref> </text><CPC-specific-text><text>dry-dock equipment; naval construction aspects <class-ref scheme="cpc">B63C1/00</class-ref>; floating docks <class-ref scheme="cpc">B63C1/02</class-ref></text></CPC-specific-text></reference></title-part></class-title>
<classification-item breakdown-code="false" not-allocatable="false" level="8" additional-only="false" sort-key="E02C1/02" definition-exists="false" ipc-concordant="E02C1/02" c-set-base-allowed="false" c-set-subsequent-allowed="true" date-revised="2013-01-01" status="published"><classification-symbol>E02C1/02</classification-symbol><class-title date-revised="2013-01-01"><title-part><text>with auxiliary basins</text></title-part></class-title></classification-item>
<classification-item breakdown-code="false" not-allocatable="false" level="8" additional-only="false" sort-key="E02C1/04" definition-exists="false" ipc-concordant="E02C1/04" c-set-base-allowed="false" c-set-subsequent-allowed="true" date-revised="2013-01-01" status="published"><classification-symbol>E02C1/04</classification-symbol><class-title date-revised="2013-01-01"><title-part><text>with floating throughs </text><CPC-specific-text><text>throughs for inclined plane lifting apparatus</text></CPC-specific-text></title-part></class-title></classification-item>
<classification-item breakdown-code="false" not-allocatable="false" level="8" additional-only="false" sort-key="E02C1/06" definition-exists="false" ipc-concordant="E02C1/06" c-set-base-allowed="false" c-set-subsequent-allowed="true" date-revised="2017-08-01" status="published"><classification-symbol>E02C1/06</classification-symbol><class-title date-revised="2017-08-01"><title-part><text>Devices for filling or emptying locks </text><reference><text>in lock gates <class-ref scheme="cpc">E02B7/20</class-ref> </text><CPC-specific-text><text>; floating docks <class-ref scheme="cpc">B63C1/06</class-ref></text></CPC-specific-text></reference></title-part></class-title></classification-item>
<classification-item breakdown-code="false" not-allocatable="false" level="8" additional-only="false" sort-key="E02C1/08" definition-exists="false" ipc-concordant="E02C1/08" c-set-base-allowed="false" c-set-subsequent-allowed="true" date-revised="2013-01-01" status="published"><classification-symbol>E02C1/08</classification-symbol><class-title date-revised="2013-01-01"><title-part><text>Arrangements for dissipating the energy of the water </text><reference><text>carried by lock gates <class-ref scheme="cpc">E02B8/06</class-ref></text></reference></title-part></class-title></classification-item>
<classification-item breakdown-code="false" not-allocatable="false" level="8" additional-only="false" sort-key="E02C1/10" definition-exists="false" ipc-concordant="E02C1/10" c-set-base-allowed="false" c-set-subsequent-allowed="true" date-revised="2013-01-01" status="published"><classification-symbol>E02C1/10</classification-symbol><class-title date-revised="2013-01-01"><title-part><text>Equipment for use in connection with the navigation of ships in locks</text></title-part><title-part><text>Mooring equipment </text><reference><text>tying-up, anchoring waterborne vessels <class-ref scheme="cpc">B63B21/00</class-ref>; equipment for shipping on coasts, in harbours or on other fixed marine structures <class-ref scheme="cpc">E02B3/20</class-ref></text></reference></title-part></class-title></classification-item></classification-item>
<classification-item breakdown-code="false" not-allocatable="false" level="7" additional-only="false" sort-key="E02C3/00" definition-exists="true" ipc-concordant="E02C3/00" c-set-base-allowed="false" c-set-subsequent-allowed="true" date-revised="2013-01-01" status="published"><classification-symbol>E02C3/00</classification-symbol><class-title date-revised="2013-01-01"><title-part><text>Inclined-plane ship-lifting mechanisms </text><CPC-specific-text><text>Systems for conveying barges or lighters over land, e.g. by railway</text></CPC-specific-text></title-part></class-title></classification-item>
<classification-item breakdown-code="false" not-allocatable="false" level="7" additional-only="false" sort-key="E02C5/00" definition-exists="true" ipc-concordant="E02C5/00" c-set-base-allowed="false" c-set-subsequent-allowed="true" date-revised="2013-01-01" status="published"><classification-symbol>E02C5/00</classification-symbol><class-title date-revised="2013-01-01"><title-part><text>Mechanisms for lifting ships vertically </text><reference><text>salvaging sunken vessels <class-ref scheme="cpc">B63C7/00</class-ref></text></reference></title-part></class-title>
<classification-item breakdown-code="false" not-allocatable="false" level="8" additional-only="false" sort-key="E02C5/02" definition-exists="false" ipc-concordant="E02C5/02" c-set-base-allowed="false" c-set-subsequent-allowed="true" date-revised="2013-01-01" status="published"><classification-symbol>E02C5/02</classification-symbol><class-title date-revised="2013-01-01"><title-part><text>with floating chambers</text></title-part></class-title></classification-item></classification-item></classification-item></classification-item></class-scheme>