<?xml version="1.0" encoding="UTF-8"?>
<class-scheme publication-date="2022-08-01" scheme-type="cpc" publication-type="official">
<classification-item breakdown-code="false" not-allocatable="true" level="5" additional-only="false" sort-key="A24D" definition-exists="true" date-revised="2018-08-01" status="published"><classification-symbol>A24D</classification-symbol><class-title date-revised="2013-01-01"><title-part><text>CIGARS</text></title-part><title-part><text>CIGARETTES</text></title-part><title-part><text>TOBACCO SMOKE FILTERS</text></title-part><title-part><text>MOUTHPIECES FOR CIGARS OR CIGARETTES</text></title-part><title-part><text>MANUFACTURE OF TOBACCO SMOKE FILTERS OR MOUTHPIECES</text></title-part></class-title><notes-and-warnings><note type="warning"><note-paragraph>In this subclass non-limiting references (in the sense of paragraph 39 of the Guide to the IPC) may still be displayed in the scheme.</note-paragraph></note></notes-and-warnings>
<classification-item breakdown-code="false" not-allocatable="true" level="6" additional-only="false" sort-key="A24D1/00" date-revised="2013-01-01" status="published"><classification-symbol>A24D1/00</classification-symbol>
<classification-item breakdown-code="false" not-allocatable="false" level="7" additional-only="false" sort-key="A24D1/00" definition-exists="true" ipc-concordant="A24D1/00" c-set-base-allowed="false" c-set-subsequent-allowed="true" date-revised="2022-01-01" status="published"><classification-symbol>A24D1/00</classification-symbol><class-title date-revised="2013-01-01"><title-part><text>Cigars</text></title-part><title-part><text>Cigarettes</text></title-part></class-title>
<classification-item breakdown-code="false" not-allocatable="false" level="8" additional-only="false" sort-key="A24D1/002" definition-exists="false" ipc-concordant="A24D1/00" c-set-base-allowed="false" c-set-subsequent-allowed="true" date-revised="2013-01-01" status="published"><classification-symbol>A24D1/002</classification-symbol><class-title date-revised="2013-01-01"><title-part><CPC-specific-text><text>with additives, e.g. for flavouring </text><reference><text>preparing tobacco, e.g. flavouring, <class-ref scheme="cpc">A24B</class-ref></text></reference></CPC-specific-text></title-part></class-title></classification-item>
<classification-item breakdown-code="false" not-allocatable="false" level="8" additional-only="false" sort-key="A24D1/004" definition-exists="false" ipc-concordant="A24D1/00" c-set-base-allowed="false" c-set-subsequent-allowed="true" date-revised="2013-01-01" status="published"><classification-symbol>A24D1/004</classification-symbol><class-title date-revised="2013-01-01"><title-part><CPC-specific-text><text>with a filter located between tobacco rods</text></CPC-specific-text></title-part></class-title></classification-item>
<classification-item breakdown-code="false" not-allocatable="false" level="8" additional-only="false" sort-key="A24D1/006" definition-exists="false" ipc-concordant="A24D1/00" c-set-base-allowed="false" c-set-subsequent-allowed="true" date-revised="2013-01-01" status="published"><classification-symbol>A24D1/006</classification-symbol><class-title date-revised="2013-01-01"><title-part><CPC-specific-text><text>with reinforced extremities</text></CPC-specific-text></title-part></class-title></classification-item>
<classification-item breakdown-code="false" not-allocatable="false" level="8" additional-only="false" sort-key="A24D1/008" definition-exists="false" ipc-concordant="A24D1/00" c-set-base-allowed="false" c-set-subsequent-allowed="true" date-revised="2013-01-01" status="published"><classification-symbol>A24D1/008</classification-symbol><class-title date-revised="2013-01-01"><title-part><CPC-specific-text><text>dividable</text></CPC-specific-text></title-part></class-title></classification-item>
<classification-item breakdown-code="false" not-allocatable="false" level="8" additional-only="false" sort-key="A24D1/02" definition-exists="true" ipc-concordant="A24D1/02" c-set-base-allowed="false" c-set-subsequent-allowed="true" date-revised="2013-01-01" status="published"><classification-symbol>A24D1/02</classification-symbol><class-title date-revised="2013-01-01"><title-part><text>with special covers</text></title-part></class-title>
<classification-item breakdown-code="false" not-allocatable="false" level="9" additional-only="false" sort-key="A24D1/022" definition-exists="false" ipc-concordant="A24D1/02" c-set-base-allowed="false" c-set-subsequent-allowed="true" date-revised="2013-01-01" status="published"><classification-symbol>A24D1/022</classification-symbol><class-title date-revised="2013-01-01"><title-part><CPC-specific-text><text>Papers for roll-your-own cigarettes </text><reference><text>paper in general <class-ref scheme="cpc">D21H</class-ref></text></reference></CPC-specific-text></title-part></class-title></classification-item>
<classification-item breakdown-code="false" not-allocatable="false" level="9" additional-only="false" sort-key="A24D1/025" definition-exists="true" ipc-concordant="A24D1/02" c-set-base-allowed="false" c-set-subsequent-allowed="true" date-revised="2013-01-01" status="published"><classification-symbol>A24D1/025</classification-symbol><class-title date-revised="2013-01-01"><title-part><CPC-specific-text><text>the covers having material applied to defined areas, e.g. bands for reducing the ignition propensity</text></CPC-specific-text></title-part></class-title></classification-item>
<classification-item breakdown-code="false" not-allocatable="false" level="9" additional-only="false" sort-key="A24D1/027" definition-exists="false" ipc-concordant="A24D1/02" c-set-base-allowed="false" c-set-subsequent-allowed="true" date-revised="2013-01-01" status="published"><classification-symbol>A24D1/027</classification-symbol><class-title date-revised="2013-01-01"><title-part><CPC-specific-text><text>with ventilating means, e.g. perforations</text></CPC-specific-text></title-part></class-title></classification-item></classification-item>
<classification-item breakdown-code="false" not-allocatable="false" level="8" additional-only="false" sort-key="A24D1/04" definition-exists="false" ipc-concordant="A24D1/04" c-set-base-allowed="false" c-set-subsequent-allowed="true" date-revised="2013-01-01" status="published"><classification-symbol>A24D1/04</classification-symbol><class-title date-revised="2013-01-01"><title-part><text>with mouthpieces or filter-tips </text><reference><text>mouthpieces, filter-tips <u>per se</u> <class-ref scheme="cpc">A24D3/00</class-ref></text></reference></title-part></class-title>
<classification-item breakdown-code="false" not-allocatable="false" level="9" additional-only="false" sort-key="A24D1/042" definition-exists="true" ipc-concordant="A24D1/04" c-set-base-allowed="false" c-set-subsequent-allowed="true" date-revised="2013-01-01" status="published"><classification-symbol>A24D1/042</classification-symbol><class-title date-revised="2013-01-01"><title-part><CPC-specific-text><text>with mouthpieces </text><reference><text><class-ref scheme="cpc">A24D1/047</class-ref> takes precedence; mouthpieces <u>per se</u> <class-ref scheme="cpc">A24D3/18</class-ref></text></reference></CPC-specific-text></title-part></class-title></classification-item>
<classification-item breakdown-code="false" not-allocatable="false" level="9" additional-only="false" sort-key="A24D1/045" definition-exists="false" ipc-concordant="A24D1/04" c-set-base-allowed="false" c-set-subsequent-allowed="true" date-revised="2013-01-01" status="published"><classification-symbol>A24D1/045</classification-symbol><class-title date-revised="2013-01-01"><title-part><CPC-specific-text><text>with smoke filter means </text><reference><text><class-ref scheme="cpc">A24D1/047</class-ref> takes precedence</text></reference></CPC-specific-text></title-part></class-title></classification-item>
<classification-item breakdown-code="false" not-allocatable="false" level="9" additional-only="false" sort-key="A24D1/047" definition-exists="false" ipc-concordant="A24D1/04" c-set-base-allowed="false" c-set-subsequent-allowed="true" date-revised="2013-01-01" status="published"><classification-symbol>A24D1/047</classification-symbol><class-title date-revised="2013-01-01"><title-part><CPC-specific-text><text>extensible</text></CPC-specific-text></title-part></class-title></classification-item></classification-item>
<classification-item breakdown-code="false" not-allocatable="false" level="8" additional-only="false" sort-key="A24D1/08" definition-exists="true" ipc-concordant="A24D1/08" c-set-base-allowed="false" c-set-subsequent-allowed="true" date-revised="2013-01-01" status="published"><classification-symbol>A24D1/08</classification-symbol><class-title date-revised="2013-01-01"><title-part><text>with lighting means </text><reference><text>pyrophoric compositions <class-ref scheme="cpc">C06C15/00</class-ref>; lighters <u>per se</u> <class-ref scheme="cpc">F23Q</class-ref></text></reference></title-part></class-title></classification-item>
<classification-item breakdown-code="false" not-allocatable="false" level="8" additional-only="false" sort-key="A24D1/10" definition-exists="false" ipc-concordant="A24D1/10" c-set-base-allowed="false" c-set-subsequent-allowed="true" date-revised="2013-01-01" status="published"><classification-symbol>A24D1/10</classification-symbol><class-title date-revised="2013-01-01"><title-part><text>with extinguishers</text></title-part></class-title></classification-item>
<classification-item breakdown-code="false" not-allocatable="false" level="8" additional-only="false" sort-key="A24D1/12" definition-exists="false" ipc-concordant="A24D1/12" c-set-base-allowed="false" c-set-subsequent-allowed="true" date-revised="2013-01-01" status="published"><classification-symbol>A24D1/12</classification-symbol><class-title date-revised="2013-01-01"><title-part><text>with ash-retaining attachments, holders, or other equipment</text></title-part></class-title></classification-item>
<classification-item breakdown-code="false" not-allocatable="false" level="8" additional-only="false" sort-key="A24D1/14" definition-exists="false" ipc-concordant="A24D1/14" c-set-base-allowed="false" c-set-subsequent-allowed="true" date-revised="2022-01-01" status="published"><classification-symbol>A24D1/14</classification-symbol><class-title date-revised="2013-01-01"><title-part><text>Tobacco cartridges for pipes</text></title-part></class-title></classification-item>
<classification-item breakdown-code="false" not-allocatable="false" level="8" additional-only="false" sort-key="A24D1/16" definition-exists="false" ipc-concordant="A24D1/16" c-set-base-allowed="false" c-set-subsequent-allowed="true" date-revised="2013-01-01" status="published"><classification-symbol>A24D1/16</classification-symbol><class-title date-revised="2013-01-01"><title-part><text>Bands for cigars or cigarettes </text><reference><text>machines for applying bands <class-ref scheme="cpc">B65C</class-ref></text></reference></title-part></class-title></classification-item>
<classification-item breakdown-code="false" not-allocatable="false" level="8" additional-only="false" sort-key="A24D1/18" definition-exists="false" ipc-concordant="A24D1/18" c-set-base-allowed="false" c-set-subsequent-allowed="true" date-revised="2013-01-01" status="published"><classification-symbol>A24D1/18</classification-symbol><class-title date-revised="2013-01-01"><title-part><text>Selection of materials, other than tobacco, suitable for smoking</text></title-part></class-title></classification-item>
<classification-item breakdown-code="false" not-allocatable="false" level="8" additional-only="false" sort-key="A24D1/20" definition-exists="true" ipc-concordant="A24D1/20" c-set-base-allowed="false" c-set-subsequent-allowed="true" date-revised="2022-01-01" status="published"><classification-symbol>A24D1/20</classification-symbol><class-title date-revised="2020-01-01"><title-part><text>Cigarettes specially adapted for simulated smoking devices</text></title-part></class-title></classification-item>
<classification-item breakdown-code="false" not-allocatable="false" level="8" additional-only="false" sort-key="A24D1/22" definition-exists="true" ipc-concordant="A24D1/22" c-set-base-allowed="false" c-set-subsequent-allowed="true" date-revised="2022-01-01" status="published"><classification-symbol>A24D1/22</classification-symbol><class-title date-revised="2020-01-01"><title-part><text>Cigarettes with integrated combustible heat sources, e.g. with carbonaceous heat sources</text></title-part></class-title></classification-item></classification-item>
<classification-item breakdown-code="false" not-allocatable="false" level="7" additional-only="false" sort-key="A24D3/00" definition-exists="true" ipc-concordant="A24D3/00" c-set-base-allowed="false" c-set-subsequent-allowed="true" date-revised="2020-01-01" status="published"><classification-symbol>A24D3/00</classification-symbol><class-title date-revised="2020-01-01"><title-part><text>Tobacco smoke filters, e.g. filter-tips, filtering inserts</text></title-part><title-part><text>Filters specially adapted for simulated smoking devices</text></title-part><title-part><text>Mouthpieces for cigars or cigarettes </text><reference><text>for pipes, for cigar or cigarette holders <class-ref scheme="cpc">A24F7/00</class-ref></text></reference></title-part></class-title>
<classification-item breakdown-code="false" not-allocatable="false" level="8" additional-only="false" sort-key="A24D3/02" definition-exists="true" ipc-concordant="A24D3/02" c-set-base-allowed="false" c-set-subsequent-allowed="true" date-revised="2013-01-01" status="published"><classification-symbol>A24D3/02</classification-symbol><class-title date-revised="2013-01-01"><title-part><text>Manufacture of tobacco smoke filters </text><reference><text>manufacture of paper or cellulosic materials for filters <class-ref scheme="cpc">D21</class-ref></text></reference></title-part></class-title>
<classification-item breakdown-code="false" not-allocatable="false" level="9" additional-only="false" sort-key="A24D3/0204" definition-exists="false" ipc-concordant="A24D3/02" c-set-base-allowed="false" c-set-subsequent-allowed="true" date-revised="2013-01-01" status="published"><classification-symbol>A24D3/0204</classification-symbol><class-title date-revised="2013-01-01"><title-part><CPC-specific-text><text>Preliminary operations before the filter rod forming process, e.g. crimping, blooming </text><reference><text><class-ref scheme="cpc">A24D3/0275</class-ref> takes precedence</text></reference></CPC-specific-text></title-part></class-title>
<classification-item breakdown-code="false" not-allocatable="false" level="10" additional-only="false" sort-key="A24D3/0208" definition-exists="false" ipc-concordant="A24D3/02" c-set-base-allowed="false" c-set-subsequent-allowed="true" date-revised="2013-01-01" status="published"><classification-symbol>A24D3/0208</classification-symbol><class-title date-revised="2013-01-01"><title-part><CPC-specific-text><text>Cutting filter materials</text></CPC-specific-text></title-part></class-title></classification-item>
<classification-item breakdown-code="false" not-allocatable="false" level="10" additional-only="false" sort-key="A24D3/0212" definition-exists="false" ipc-concordant="A24D3/02" c-set-base-allowed="false" c-set-subsequent-allowed="true" date-revised="2013-01-01" status="published"><classification-symbol>A24D3/0212</classification-symbol><class-title date-revised="2013-01-01"><title-part><CPC-specific-text><text>Applying additives to filter materials</text></CPC-specific-text></title-part></class-title>
<classification-item breakdown-code="false" not-allocatable="false" level="11" additional-only="false" sort-key="A24D3/0216" definition-exists="false" ipc-concordant="A24D3/02" c-set-base-allowed="false" c-set-subsequent-allowed="true" date-revised="2013-01-01" status="published"><classification-symbol>A24D3/0216</classification-symbol><class-title date-revised="2013-01-01"><title-part><CPC-specific-text><text>the additive being in the form of capsules, beads or the like</text></CPC-specific-text></title-part></class-title></classification-item>
<classification-item breakdown-code="false" not-allocatable="false" level="11" additional-only="false" sort-key="A24D3/022" definition-exists="false" ipc-concordant="A24D3/02" c-set-base-allowed="false" c-set-subsequent-allowed="true" date-revised="2013-01-01" status="published"><classification-symbol>A24D3/022</classification-symbol><class-title date-revised="2013-01-01"><title-part><CPC-specific-text><text>with liquid additives, e.g. application of plasticisers</text></CPC-specific-text></title-part></class-title></classification-item>
<classification-item breakdown-code="false" not-allocatable="false" level="11" additional-only="false" sort-key="A24D3/0225" definition-exists="false" ipc-concordant="A24D3/02" c-set-base-allowed="false" c-set-subsequent-allowed="true" date-revised="2013-01-01" status="published"><classification-symbol>A24D3/0225</classification-symbol><class-title date-revised="2013-01-01"><title-part><CPC-specific-text><text>with solid additives, e.g. incorporation of a granular product </text><reference><text><class-ref scheme="cpc">A24D3/0216</class-ref> takes precedence</text></reference></CPC-specific-text></title-part></class-title></classification-item></classification-item></classification-item>
<classification-item breakdown-code="false" not-allocatable="false" level="9" additional-only="false" sort-key="A24D3/0229" definition-exists="false" ipc-concordant="A24D3/02" c-set-base-allowed="false" c-set-subsequent-allowed="true" date-revised="2013-01-01" status="published"><classification-symbol>A24D3/0229</classification-symbol><class-title date-revised="2013-01-01"><title-part><CPC-specific-text><text>Filter rod forming processes </text><reference><text><class-ref scheme="cpc">A24D3/0275</class-ref> takes precedence</text></reference></CPC-specific-text></title-part></class-title>
<classification-item breakdown-code="false" not-allocatable="false" level="10" additional-only="false" sort-key="A24D3/0233" definition-exists="false" ipc-concordant="A24D3/02" c-set-base-allowed="false" c-set-subsequent-allowed="true" date-revised="2013-01-01" status="published"><classification-symbol>A24D3/0233</classification-symbol><class-title date-revised="2013-01-01"><title-part><CPC-specific-text><text>by means of a garniture</text></CPC-specific-text></title-part></class-title></classification-item>
<classification-item breakdown-code="false" not-allocatable="false" level="10" additional-only="false" sort-key="A24D3/0237" definition-exists="false" ipc-concordant="A24D3/02" c-set-base-allowed="false" c-set-subsequent-allowed="true" date-revised="2013-01-01" status="published"><classification-symbol>A24D3/0237</classification-symbol><class-title date-revised="2013-01-01"><title-part><CPC-specific-text><text>by extrusion</text></CPC-specific-text></title-part></class-title></classification-item>
<classification-item breakdown-code="false" not-allocatable="false" level="10" additional-only="false" sort-key="A24D3/0241" definition-exists="false" ipc-concordant="A24D3/02" c-set-base-allowed="false" c-set-subsequent-allowed="true" date-revised="2013-01-01" status="published"><classification-symbol>A24D3/0241</classification-symbol><class-title date-revised="2013-01-01"><title-part><CPC-specific-text><text>by compacting particulated materials</text></CPC-specific-text></title-part></class-title></classification-item>
<classification-item breakdown-code="false" not-allocatable="false" level="10" additional-only="false" sort-key="A24D3/0245" definition-exists="false" ipc-concordant="A24D3/02" c-set-base-allowed="false" c-set-subsequent-allowed="true" date-revised="2013-01-01" status="published"><classification-symbol>A24D3/0245</classification-symbol><class-title date-revised="2013-01-01"><title-part><CPC-specific-text><text>by winding, e.g. spirally</text></CPC-specific-text></title-part></class-title></classification-item></classification-item>
<classification-item breakdown-code="false" not-allocatable="false" level="9" additional-only="false" sort-key="A24D3/025" definition-exists="false" ipc-concordant="A24D3/02" c-set-base-allowed="false" c-set-subsequent-allowed="true" date-revised="2013-01-01" status="published"><classification-symbol>A24D3/025</classification-symbol><class-title date-revised="2013-01-01"><title-part><CPC-specific-text><text>Final operations, i.e. after the filter rod forming process </text><reference><text><class-ref scheme="cpc">A24D3/0275</class-ref> takes precedence</text></reference></CPC-specific-text></title-part></class-title>
<classification-item breakdown-code="false" not-allocatable="false" level="10" additional-only="false" sort-key="A24D3/0254" definition-exists="false" ipc-concordant="A24D3/02" c-set-base-allowed="false" c-set-subsequent-allowed="true" date-revised="2013-01-01" status="published"><classification-symbol>A24D3/0254</classification-symbol><class-title date-revised="2013-01-01"><title-part><CPC-specific-text><text>Cutting means</text></CPC-specific-text></title-part></class-title></classification-item>
<classification-item breakdown-code="false" not-allocatable="false" level="10" additional-only="false" sort-key="A24D3/0258" definition-exists="false" ipc-concordant="A24D3/02" c-set-base-allowed="false" c-set-subsequent-allowed="true" date-revised="2013-01-01" status="published"><classification-symbol>A24D3/0258</classification-symbol><class-title date-revised="2013-01-01"><title-part><CPC-specific-text><text>Means for making grooves</text></CPC-specific-text></title-part></class-title></classification-item>
<classification-item breakdown-code="false" not-allocatable="false" level="10" additional-only="false" sort-key="A24D3/0262" definition-exists="false" ipc-concordant="A24D3/02" c-set-base-allowed="false" c-set-subsequent-allowed="true" date-revised="2013-01-01" status="published"><classification-symbol>A24D3/0262</classification-symbol><class-title date-revised="2013-01-01"><title-part><CPC-specific-text><text>Filter extremity shaping and compacting means</text></CPC-specific-text></title-part></class-title></classification-item>
<classification-item breakdown-code="false" not-allocatable="false" level="10" additional-only="false" sort-key="A24D3/0266" definition-exists="false" ipc-concordant="A24D3/02" c-set-base-allowed="false" c-set-subsequent-allowed="true" date-revised="2013-01-01" status="published"><classification-symbol>A24D3/0266</classification-symbol><class-title date-revised="2013-01-01"><title-part><CPC-specific-text><text>Rolling means</text></CPC-specific-text></title-part></class-title></classification-item></classification-item>
<classification-item breakdown-code="false" not-allocatable="false" level="9" additional-only="false" sort-key="A24D3/027" definition-exists="false" ipc-concordant="A24D3/02" c-set-base-allowed="false" c-set-subsequent-allowed="true" date-revised="2013-01-01" status="published"><classification-symbol>A24D3/027</classification-symbol><class-title date-revised="2013-01-01"><title-part><CPC-specific-text><text>Multiple line manufacturing devices</text></CPC-specific-text></title-part></class-title></classification-item>
<classification-item breakdown-code="false" not-allocatable="false" level="9" additional-only="false" sort-key="A24D3/0275" definition-exists="false" ipc-concordant="A24D3/02" c-set-base-allowed="false" c-set-subsequent-allowed="true" date-revised="2013-01-01" status="published"><classification-symbol>A24D3/0275</classification-symbol><class-title date-revised="2013-01-01"><title-part><CPC-specific-text><text>for filters with special features</text></CPC-specific-text></title-part></class-title>
<classification-item breakdown-code="false" not-allocatable="false" level="10" additional-only="false" sort-key="A24D3/0279" definition-exists="false" ipc-concordant="A24D3/02" c-set-base-allowed="false" c-set-subsequent-allowed="true" date-revised="2013-01-01" status="published"><classification-symbol>A24D3/0279</classification-symbol><class-title date-revised="2013-01-01"><title-part><CPC-specific-text><text>with tubes</text></CPC-specific-text></title-part></class-title></classification-item>
<classification-item breakdown-code="false" not-allocatable="false" level="10" additional-only="false" sort-key="A24D3/0283" definition-exists="false" ipc-concordant="A24D3/02" c-set-base-allowed="false" c-set-subsequent-allowed="true" date-revised="2013-01-01" status="published"><classification-symbol>A24D3/0283</classification-symbol><class-title date-revised="2013-01-01"><title-part><CPC-specific-text><text>with means for a non-axial smoke flow</text></CPC-specific-text></title-part></class-title></classification-item>
<classification-item breakdown-code="false" not-allocatable="false" level="10" additional-only="false" sort-key="A24D3/0287" definition-exists="true" ipc-concordant="A24D3/02" c-set-base-allowed="false" c-set-subsequent-allowed="true" date-revised="2013-01-01" status="published"><classification-symbol>A24D3/0287</classification-symbol><class-title date-revised="2013-01-01"><title-part><CPC-specific-text><text>for composite filters</text></CPC-specific-text></title-part></class-title></classification-item>
<classification-item breakdown-code="false" not-allocatable="false" level="10" additional-only="false" sort-key="A24D3/0291" definition-exists="false" ipc-concordant="A24D3/02" c-set-base-allowed="false" c-set-subsequent-allowed="true" date-revised="2013-01-01" status="published"><classification-symbol>A24D3/0291</classification-symbol><class-title date-revised="2013-01-01"><title-part><CPC-specific-text><text>for hollow tipped filters, e.g. recess filters</text></CPC-specific-text></title-part></class-title></classification-item></classification-item>
<classification-item breakdown-code="false" not-allocatable="false" level="9" additional-only="false" sort-key="A24D3/0295" definition-exists="true" ipc-concordant="A24D3/02" c-set-base-allowed="false" c-set-subsequent-allowed="true" date-revised="2013-01-01" status="published"><classification-symbol>A24D3/0295</classification-symbol><class-title date-revised="2013-01-01"><title-part><CPC-specific-text><text>Process control means</text></CPC-specific-text></title-part></class-title></classification-item></classification-item>
<classification-item breakdown-code="false" not-allocatable="false" level="8" additional-only="false" sort-key="A24D3/04" definition-exists="true" ipc-concordant="A24D3/04" c-set-base-allowed="false" c-set-subsequent-allowed="true" date-revised="2022-01-01" status="published"><classification-symbol>A24D3/04</classification-symbol><class-title date-revised="2013-01-01"><title-part><text>Tobacco smoke filters characterised by their shape or structure</text></title-part></class-title>
<classification-item breakdown-code="false" not-allocatable="false" level="9" additional-only="false" sort-key="A24D3/041" definition-exists="false" ipc-concordant="A24D3/04" c-set-base-allowed="false" c-set-subsequent-allowed="true" date-revised="2013-01-01" status="published"><classification-symbol>A24D3/041</classification-symbol><class-title date-revised="2013-01-01"><title-part><CPC-specific-text><text>with adjustable means for modifying the degree of filtration of the filter</text></CPC-specific-text></title-part></class-title></classification-item>
<classification-item breakdown-code="false" not-allocatable="false" level="9" additional-only="false" sort-key="A24D3/043" definition-exists="true" ipc-concordant="A24D3/04" c-set-base-allowed="false" c-set-subsequent-allowed="true" date-revised="2013-01-01" status="published"><classification-symbol>A24D3/043</classification-symbol><class-title date-revised="2013-01-01"><title-part><CPC-specific-text><text>with ventilation means, e.g. air dilution </text><reference><text><class-ref scheme="cpc">A24D3/041</class-ref> takes precedence</text></reference></CPC-specific-text></title-part></class-title></classification-item>
<classification-item breakdown-code="false" not-allocatable="false" level="9" additional-only="false" sort-key="A24D3/045" definition-exists="false" ipc-concordant="A24D3/04" c-set-base-allowed="false" c-set-subsequent-allowed="true" date-revised="2013-01-01" status="published"><classification-symbol>A24D3/045</classification-symbol><class-title date-revised="2013-01-01"><title-part><CPC-specific-text><text>with smoke acceleration means, e.g. impact-filters</text></CPC-specific-text></title-part></class-title></classification-item>
<classification-item breakdown-code="false" not-allocatable="false" level="9" additional-only="false" sort-key="A24D3/046" definition-exists="false" ipc-concordant="A24D3/04" c-set-base-allowed="false" c-set-subsequent-allowed="true" date-revised="2013-01-01" status="published"><classification-symbol>A24D3/046</classification-symbol><class-title date-revised="2013-01-01"><title-part><CPC-specific-text><text>with electrical or magnetical filtering means</text></CPC-specific-text></title-part></class-title></classification-item>
<classification-item breakdown-code="false" not-allocatable="false" level="9" additional-only="false" sort-key="A24D3/048" definition-exists="true" ipc-concordant="A24D3/04" c-set-base-allowed="false" c-set-subsequent-allowed="true" date-revised="2020-01-01" status="published"><classification-symbol>A24D3/048</classification-symbol><class-title date-revised="2020-01-01"><title-part><CPC-specific-text><text>containing additives</text></CPC-specific-text></title-part></class-title></classification-item></classification-item>
<classification-item breakdown-code="false" not-allocatable="false" level="8" additional-only="false" sort-key="A24D3/06" definition-exists="true" ipc-concordant="A24D3/06" c-set-base-allowed="false" c-set-subsequent-allowed="true" date-revised="2013-01-01" status="published"><classification-symbol>A24D3/06</classification-symbol><class-title date-revised="2013-01-01"><title-part><text>Use of materials for tobacco smoke filters</text></title-part></class-title>
<classification-item breakdown-code="false" not-allocatable="false" level="9" additional-only="false" sort-key="A24D3/061" definition-exists="true" ipc-concordant="A24D3/06" c-set-base-allowed="false" c-set-subsequent-allowed="true" date-revised="2013-01-01" status="published"><classification-symbol>A24D3/061</classification-symbol><class-title date-revised="2013-01-01"><title-part><CPC-specific-text><text>containing additives entrapped within capsules, sponge-like material or the like, for further release upon smoking </text><reference><text>constructional aspects of the filter <class-ref scheme="cpc">A24D3/048</class-ref></text></reference></CPC-specific-text></title-part></class-title></classification-item>
<classification-item breakdown-code="false" not-allocatable="false" level="9" additional-only="false" sort-key="A24D3/062" definition-exists="true" ipc-concordant="A24D3/06" c-set-base-allowed="false" c-set-subsequent-allowed="true" date-revised="2013-01-01" status="published"><classification-symbol>A24D3/062</classification-symbol><class-title date-revised="2013-01-01"><title-part><CPC-specific-text><text>characterised by structural features</text></CPC-specific-text></title-part></class-title>
<classification-item breakdown-code="false" not-allocatable="false" level="10" additional-only="false" sort-key="A24D3/063" definition-exists="false" ipc-concordant="A24D3/06" c-set-base-allowed="false" c-set-subsequent-allowed="true" date-revised="2013-01-01" status="published"><classification-symbol>A24D3/063</classification-symbol><class-title date-revised="2013-01-01"><title-part><CPC-specific-text><text>of the fibers</text></CPC-specific-text></title-part></class-title>
<classification-item breakdown-code="false" not-allocatable="false" level="11" additional-only="false" sort-key="A24D3/064" definition-exists="true" ipc-concordant="A24D3/06" c-set-base-allowed="false" c-set-subsequent-allowed="true" date-revised="2013-01-01" status="published"><classification-symbol>A24D3/064</classification-symbol><class-title date-revised="2013-01-01"><title-part><CPC-specific-text><text>having non-circular cross-section</text></CPC-specific-text></title-part></class-title></classification-item>
<classification-item breakdown-code="false" not-allocatable="false" level="11" additional-only="false" sort-key="A24D3/065" definition-exists="true" ipc-concordant="A24D3/06" c-set-base-allowed="false" c-set-subsequent-allowed="true" date-revised="2013-01-01" status="published"><classification-symbol>A24D3/065</classification-symbol><class-title date-revised="2013-01-01"><title-part><CPC-specific-text><text>with sheath/core of bi-component type structure</text></CPC-specific-text></title-part></class-title></classification-item></classification-item>
<classification-item breakdown-code="false" not-allocatable="false" level="10" additional-only="false" sort-key="A24D3/066" definition-exists="true" ipc-concordant="A24D3/06" c-set-base-allowed="false" c-set-subsequent-allowed="true" date-revised="2013-01-01" status="published"><classification-symbol>A24D3/066</classification-symbol><class-title date-revised="2013-01-01"><title-part><CPC-specific-text><text>in the form of foam or having cellular structure</text></CPC-specific-text></title-part></class-title></classification-item></classification-item>
<classification-item breakdown-code="false" not-allocatable="false" level="9" additional-only="false" sort-key="A24D3/067" definition-exists="true" ipc-concordant="A24D3/06" c-set-base-allowed="false" c-set-subsequent-allowed="true" date-revised="2013-01-01" status="published"><classification-symbol>A24D3/067</classification-symbol><class-title date-revised="2013-01-01"><title-part><CPC-specific-text><text>characterised by functional properties</text></CPC-specific-text></title-part></class-title>
<classification-item breakdown-code="false" not-allocatable="false" level="10" additional-only="false" sort-key="A24D3/068" definition-exists="true" ipc-concordant="A24D3/06" c-set-base-allowed="false" c-set-subsequent-allowed="true" date-revised="2013-01-01" status="published"><classification-symbol>A24D3/068</classification-symbol><class-title date-revised="2013-01-01"><title-part><CPC-specific-text><text>Biodegradable or disintegrable</text></CPC-specific-text></title-part></class-title></classification-item></classification-item>
<classification-item breakdown-code="false" not-allocatable="false" level="9" additional-only="false" sort-key="A24D3/08" definition-exists="true" ipc-concordant="A24D3/08" c-set-base-allowed="false" c-set-subsequent-allowed="true" date-revised="2013-01-01" status="published"><classification-symbol>A24D3/08</classification-symbol><class-title date-revised="2013-01-01"><title-part><text>of organic materials as carrier or major constituent </text><reference><text>of ion exchange materials <class-ref scheme="cpc">A24D3/12</class-ref></text></reference></title-part></class-title>
<classification-item breakdown-code="false" not-allocatable="false" level="10" additional-only="false" sort-key="A24D3/10" definition-exists="true" ipc-concordant="A24D3/10" c-set-base-allowed="false" c-set-subsequent-allowed="true" date-revised="2013-01-01" status="published"><classification-symbol>A24D3/10</classification-symbol><class-title date-revised="2013-01-01"><title-part><text>of cellulose or cellulose derivatives</text></title-part></class-title></classification-item></classification-item>
<classification-item breakdown-code="false" not-allocatable="false" level="9" additional-only="false" sort-key="A24D3/12" definition-exists="false" ipc-concordant="A24D3/12" c-set-base-allowed="false" c-set-subsequent-allowed="true" date-revised="2013-01-01" status="published"><classification-symbol>A24D3/12</classification-symbol><class-title date-revised="2013-01-01"><title-part><text>of ion exchange materials</text></title-part></class-title></classification-item>
<classification-item breakdown-code="false" not-allocatable="false" level="9" additional-only="false" sort-key="A24D3/14" definition-exists="true" ipc-concordant="A24D3/14" c-set-base-allowed="false" c-set-subsequent-allowed="true" date-revised="2013-01-01" status="published"><classification-symbol>A24D3/14</classification-symbol><class-title date-revised="2013-01-01"><title-part><text>of organic materials as additive </text><reference><text>of ion exchange materials <class-ref scheme="cpc">A24D3/12</class-ref></text></reference></title-part></class-title>
<classification-item breakdown-code="false" not-allocatable="false" level="10" additional-only="false" sort-key="A24D3/145" definition-exists="true" ipc-concordant="A24D3/14" c-set-base-allowed="false" c-set-subsequent-allowed="true" date-revised="2013-01-01" status="published"><classification-symbol>A24D3/145</classification-symbol><class-title date-revised="2013-01-01"><title-part><CPC-specific-text><text>Microbial metabolite, e.g. enzyme</text></CPC-specific-text></title-part></class-title></classification-item></classification-item>
<classification-item breakdown-code="false" not-allocatable="false" level="9" additional-only="false" sort-key="A24D3/16" definition-exists="true" ipc-concordant="A24D3/16" c-set-base-allowed="false" c-set-subsequent-allowed="true" date-revised="2013-01-01" status="published"><classification-symbol>A24D3/16</classification-symbol><class-title date-revised="2013-01-01"><title-part><text>of inorganic materials</text></title-part></class-title>
<classification-item breakdown-code="false" not-allocatable="false" level="10" additional-only="false" sort-key="A24D3/163" definition-exists="true" ipc-concordant="A24D3/16" c-set-base-allowed="false" c-set-subsequent-allowed="true" date-revised="2013-01-01" status="published"><classification-symbol>A24D3/163</classification-symbol><class-title date-revised="2013-01-01"><title-part><CPC-specific-text><text>Carbon</text></CPC-specific-text></title-part></class-title></classification-item>
<classification-item breakdown-code="false" not-allocatable="false" level="10" additional-only="false" sort-key="A24D3/166" definition-exists="true" ipc-concordant="A24D3/16" c-set-base-allowed="false" c-set-subsequent-allowed="true" date-revised="2013-01-01" status="published"><classification-symbol>A24D3/166</classification-symbol><class-title date-revised="2013-01-01"><title-part><CPC-specific-text><text>Silicic acid or silicates</text></CPC-specific-text></title-part></class-title></classification-item></classification-item></classification-item>
<classification-item breakdown-code="false" not-allocatable="false" level="8" additional-only="false" sort-key="A24D3/17" definition-exists="false" ipc-concordant="A24D3/17" c-set-base-allowed="false" c-set-subsequent-allowed="true" date-revised="2022-01-01" status="published"><classification-symbol>A24D3/17</classification-symbol><class-title date-revised="2020-01-01"><title-part><text>Filters specially adapted for simulated smoking devices</text></title-part></class-title></classification-item>
<classification-item breakdown-code="false" not-allocatable="false" level="8" additional-only="false" sort-key="A24D3/18" definition-exists="true" ipc-concordant="A24D3/18" c-set-base-allowed="false" c-set-subsequent-allowed="true" date-revised="2013-01-01" status="published"><classification-symbol>A24D3/18</classification-symbol><class-title date-revised="2013-01-01"><title-part><text>Mouthpieces for cigars or cigarettes</text></title-part><title-part><text>Manufacture thereof </text><reference><text><class-ref scheme="cpc">A24D3/02</class-ref> takes precedence; making tipping materials for, or attaching them to mouthpieces of, cigars or cigarettes <class-ref scheme="cpc">A24C5/56</class-ref>; producing cigar or cigarette holders from plastics or from substances in a plastic state <class-ref scheme="cpc">B29D23/14</class-ref>; manufacture from metal, <u>see</u> the relevant subclasses of Section <class-ref scheme="cpc">B</class-ref></text></reference></title-part></class-title>
<classification-item breakdown-code="false" not-allocatable="false" level="9" additional-only="false" sort-key="A24D3/185" definition-exists="false" ipc-concordant="A24D3/18" c-set-base-allowed="false" c-set-subsequent-allowed="true" date-revised="2013-01-01" status="published"><classification-symbol>A24D3/185</classification-symbol><class-title date-revised="2013-01-01"><title-part><CPC-specific-text><text>with a straw-like insert, e.g. Virginia cigars</text></CPC-specific-text></title-part></class-title></classification-item></classification-item></classification-item></classification-item></classification-item></class-scheme>