<?xml version="1.0" encoding="UTF-8"?>
<class-scheme publication-date="2022-08-01" scheme-type="cpc" publication-type="official">
<classification-item breakdown-code="false" not-allocatable="true" level="5" additional-only="false" sort-key="G08G" definition-exists="true" date-revised="2018-08-01" status="published"><classification-symbol>G08G</classification-symbol><class-title date-revised="2013-01-01"><title-part><text>TRAFFIC CONTROL SYSTEMS </text><reference><text>guiding railway traffic, ensuring the safety of railway traffic <class-ref scheme="cpc">B61L</class-ref>; arrangement of road signs or traffic signals <class-ref scheme="cpc">E01F9/00</class-ref>; radar or analogous systems, sonar systems, lidar systems specially adapted for traffic control <class-ref scheme="cpc">G01S13/91</class-ref>, <class-ref scheme="cpc">G01S15/88</class-ref>, <class-ref scheme="cpc">G01S17/88</class-ref>; </text><CPC-specific-text><text>radar or analogous systems, sonar systems, lidar systems specially adapted for anti-collision purposes <class-ref scheme="cpc">G01S13/93</class-ref>, <class-ref scheme="cpc">G01S15/93</class-ref>, <class-ref scheme="cpc">G01S17/93</class-ref></text></CPC-specific-text></reference></title-part></class-title><notes-and-warnings date-revised="2013-01-01"><note type="note"><note-paragraph>This subclass <u>covers</u>: <subnote type="bullet"><note-paragraph>identification of traffic offenders;</note-paragraph><note-paragraph>indicating the position of vehicles for traffic control purposes;</note-paragraph><note-paragraph>navigation systems for traffic control purposes, i.e. systems in which the navigation is not performed autonomously by or in the vehicles, but where the vehicles are guided by instructions transmitted to them;</note-paragraph><note-paragraph>indication of free spaces in parking areas.</note-paragraph></subnote></note-paragraph><note-paragraph>This subclass <u>does not cover</u>:<subnote type="bullet"><note-paragraph>arrangements for measuring levels and bearings for surveillance and navigation, which are covered by <class-ref scheme="cpc">G01C</class-ref>; </note-paragraph><note-paragraph>radio navigation systems, e.g. for locating, measuring distances or velocity, which are covered by <class-ref scheme="cpc">G01S</class-ref>; </note-paragraph><note-paragraph>details of display instrumentation, which are covered by <class-ref scheme="cpc">G09F</class-ref>, <class-ref scheme="cpc">G09G</class-ref></note-paragraph></subnote></note-paragraph></note><note type="warning"><note-paragraph>In this subclass non-limiting references (in the sense of paragraph 39 of the Guide to the IPC) may still be displayed in the scheme.</note-paragraph></note></notes-and-warnings>
<classification-item breakdown-code="false" not-allocatable="true" level="6" additional-only="false" sort-key="G08G1/00" date-revised="2013-01-01" status="published"><classification-symbol>G08G1/00</classification-symbol>
<classification-item breakdown-code="false" not-allocatable="false" level="7" additional-only="false" sort-key="G08G1/00" definition-exists="true" ipc-concordant="G08G1/00" c-set-base-allowed="false" c-set-subsequent-allowed="true" date-revised="2017-08-01" status="published"><classification-symbol>G08G1/00</classification-symbol><class-title date-revised="2017-08-01"><title-part><text>Traffic control systems for road vehicles </text><reference><text>arrangement of road signs or traffic signals <class-ref scheme="cpc">E01F9/00</class-ref>  </text><CPC-specific-text><text>; automatic vehicle control <class-ref scheme="cpc">B62D</class-ref></text></CPC-specific-text></reference></title-part></class-title>
<classification-item breakdown-code="false" not-allocatable="false" level="8" additional-only="false" sort-key="G08G1/005" definition-exists="true" ipc-concordant="G08G1/005" c-set-base-allowed="false" c-set-subsequent-allowed="true" date-revised="2013-01-01" status="published"><classification-symbol>G08G1/005</classification-symbol><class-title date-revised="2013-01-01"><title-part><text>including pedestrian guidance indicator</text></title-part></class-title></classification-item>
<classification-item breakdown-code="false" not-allocatable="false" level="8" additional-only="false" sort-key="G08G1/01" definition-exists="true" ipc-concordant="G08G1/01" c-set-base-allowed="false" c-set-subsequent-allowed="true" date-revised="2016-05-01" status="published"><classification-symbol>G08G1/01</classification-symbol><class-title date-revised="2016-05-01"><title-part><text>Detecting movement of traffic to be counted or controlled </text><reference><text><class-ref scheme="cpc">G08G1/07</class-ref>&#160;-&#160;<class-ref scheme="cpc">G08G1/14</class-ref> take precedence</text></reference></title-part></class-title>
<classification-item breakdown-code="false" not-allocatable="false" level="9" additional-only="false" sort-key="G08G1/0104" definition-exists="true" ipc-concordant="G08G1/01" c-set-base-allowed="false" c-set-subsequent-allowed="true" date-revised="2013-01-01" status="published"><classification-symbol>G08G1/0104</classification-symbol><class-title date-revised="2013-01-01"><title-part><CPC-specific-text><text>Measuring and analyzing of parameters relative to traffic conditions</text></CPC-specific-text></title-part></class-title>
<classification-item breakdown-code="false" not-allocatable="false" level="10" additional-only="false" sort-key="G08G1/0108" definition-exists="false" ipc-concordant="G08G1/01" c-set-base-allowed="false" c-set-subsequent-allowed="true" date-revised="2013-01-01" status="published"><classification-symbol>G08G1/0108</classification-symbol><class-title date-revised="2013-01-01"><title-part><CPC-specific-text><text>based on the source of data</text></CPC-specific-text></title-part></class-title>
<classification-item breakdown-code="false" not-allocatable="false" level="11" additional-only="false" sort-key="G08G1/0112" definition-exists="false" ipc-concordant="G08G1/01" c-set-base-allowed="false" c-set-subsequent-allowed="true" date-revised="2013-01-01" status="published"><classification-symbol>G08G1/0112</classification-symbol><class-title date-revised="2013-01-01"><title-part><CPC-specific-text><text>from the vehicle, e.g. floating car data [FCD]</text></CPC-specific-text></title-part></class-title></classification-item>
<classification-item breakdown-code="false" not-allocatable="false" level="11" additional-only="false" sort-key="G08G1/0116" definition-exists="false" ipc-concordant="G08G1/01" c-set-base-allowed="false" c-set-subsequent-allowed="true" date-revised="2013-01-01" status="published"><classification-symbol>G08G1/0116</classification-symbol><class-title date-revised="2013-01-01"><title-part><CPC-specific-text><text>from roadside infrastructure, e.g. beacons</text></CPC-specific-text></title-part></class-title></classification-item>
<classification-item breakdown-code="false" not-allocatable="false" level="11" additional-only="false" sort-key="G08G1/012" definition-exists="false" ipc-concordant="G08G1/01" c-set-base-allowed="false" c-set-subsequent-allowed="true" date-revised="2013-01-01" status="published"><classification-symbol>G08G1/012</classification-symbol><class-title date-revised="2013-01-01"><title-part><CPC-specific-text><text>from other sources than vehicle or roadside beacons, e.g. mobile networks</text></CPC-specific-text></title-part></class-title></classification-item></classification-item>
<classification-item breakdown-code="false" not-allocatable="false" level="10" additional-only="false" sort-key="G08G1/0125" definition-exists="false" ipc-concordant="G08G1/01" c-set-base-allowed="false" c-set-subsequent-allowed="true" date-revised="2013-01-01" status="published"><classification-symbol>G08G1/0125</classification-symbol><class-title date-revised="2013-01-01"><title-part><CPC-specific-text><text>Traffic data processing</text></CPC-specific-text></title-part></class-title>
<classification-item breakdown-code="false" not-allocatable="false" level="11" additional-only="false" sort-key="G08G1/0129" definition-exists="false" ipc-concordant="G08G1/01" c-set-base-allowed="false" c-set-subsequent-allowed="true" date-revised="2013-01-01" status="published"><classification-symbol>G08G1/0129</classification-symbol><class-title date-revised="2013-01-01"><title-part><CPC-specific-text><text>for creating historical data or processing based on historical data</text></CPC-specific-text></title-part></class-title></classification-item>
<classification-item breakdown-code="false" not-allocatable="false" level="11" additional-only="false" sort-key="G08G1/0133" definition-exists="false" ipc-concordant="G08G1/01" c-set-base-allowed="false" c-set-subsequent-allowed="true" date-revised="2013-01-01" status="published"><classification-symbol>G08G1/0133</classification-symbol><class-title date-revised="2013-01-01"><title-part><CPC-specific-text><text>for classifying traffic situation</text></CPC-specific-text></title-part></class-title></classification-item></classification-item>
<classification-item breakdown-code="false" not-allocatable="false" level="10" additional-only="false" sort-key="G08G1/0137" definition-exists="false" ipc-concordant="G08G1/01" c-set-base-allowed="false" c-set-subsequent-allowed="true" date-revised="2013-01-01" status="published"><classification-symbol>G08G1/0137</classification-symbol><class-title date-revised="2013-01-01"><title-part><CPC-specific-text><text>for specific applications</text></CPC-specific-text></title-part></class-title>
<classification-item breakdown-code="false" not-allocatable="false" level="11" additional-only="false" sort-key="G08G1/0141" definition-exists="false" ipc-concordant="G08G1/01" c-set-base-allowed="false" c-set-subsequent-allowed="true" date-revised="2013-01-01" status="published"><classification-symbol>G08G1/0141</classification-symbol><class-title date-revised="2013-01-01"><title-part><CPC-specific-text><text>for traffic information dissemination</text></CPC-specific-text></title-part></class-title></classification-item>
<classification-item breakdown-code="false" not-allocatable="false" level="11" additional-only="false" sort-key="G08G1/0145" definition-exists="false" ipc-concordant="G08G1/01" c-set-base-allowed="false" c-set-subsequent-allowed="true" date-revised="2013-01-01" status="published"><classification-symbol>G08G1/0145</classification-symbol><class-title date-revised="2013-01-01"><title-part><CPC-specific-text><text>for active traffic flow control</text></CPC-specific-text></title-part></class-title></classification-item></classification-item></classification-item>
<classification-item breakdown-code="false" not-allocatable="false" level="9" additional-only="false" sort-key="G08G1/015" definition-exists="true" ipc-concordant="G08G1/015" c-set-base-allowed="false" c-set-subsequent-allowed="true" date-revised="2013-01-01" status="published"><classification-symbol>G08G1/015</classification-symbol><class-title date-revised="2013-01-01"><title-part><text>with provision for distinguishing between two or more types of vehicles, e.g. between motor-cars and cycles</text></title-part></class-title></classification-item>
<classification-item breakdown-code="false" not-allocatable="false" level="9" additional-only="false" sort-key="G08G1/017" definition-exists="true" ipc-concordant="G08G1/017" c-set-base-allowed="false" c-set-subsequent-allowed="true" date-revised="2013-01-01" status="published"><classification-symbol>G08G1/017</classification-symbol><class-title date-revised="2013-01-01"><title-part><text>identifying vehicles </text><reference><text><class-ref scheme="cpc">G08G1/015</class-ref>, <class-ref scheme="cpc">G08G1/054</class-ref> take precedence</text></reference></title-part></class-title>
<classification-item breakdown-code="false" not-allocatable="false" level="10" additional-only="false" sort-key="G08G1/0175" definition-exists="false" ipc-concordant="G08G1/017" c-set-base-allowed="false" c-set-subsequent-allowed="true" date-revised="2013-01-01" status="published"><classification-symbol>G08G1/0175</classification-symbol><class-title date-revised="2013-01-01"><title-part><CPC-specific-text><text>by photographing vehicles, e.g. when violating traffic rules</text></CPC-specific-text></title-part></class-title></classification-item></classification-item>
<classification-item breakdown-code="false" not-allocatable="false" level="9" additional-only="false" sort-key="G08G1/02" definition-exists="true" ipc-concordant="G08G1/02" c-set-base-allowed="false" c-set-subsequent-allowed="true" date-revised="2013-01-01" status="published"><classification-symbol>G08G1/02</classification-symbol><class-title date-revised="2013-01-01"><title-part><text>using treadles built into the road </text><reference><text>pads or other sensitive devices responsive to passage of vehicles <class-ref scheme="cpc">E01F11/00</class-ref></text></reference></title-part></class-title></classification-item>
<classification-item breakdown-code="false" not-allocatable="false" level="9" additional-only="false" sort-key="G08G1/04" definition-exists="true" ipc-concordant="G08G1/04" c-set-base-allowed="false" c-set-subsequent-allowed="true" date-revised="2013-01-01" status="published"><classification-symbol>G08G1/04</classification-symbol><class-title date-revised="2013-01-01"><title-part><text>using optical or ultrasonic detectors</text></title-part></class-title></classification-item>
<classification-item breakdown-code="false" not-allocatable="false" level="9" additional-only="false" sort-key="G08G1/042" definition-exists="true" ipc-concordant="G08G1/042" c-set-base-allowed="false" c-set-subsequent-allowed="true" date-revised="2013-01-01" status="published"><classification-symbol>G08G1/042</classification-symbol><class-title date-revised="2013-01-01"><title-part><text>using inductive or magnetic detectors</text></title-part></class-title></classification-item>
<classification-item breakdown-code="false" not-allocatable="false" level="9" additional-only="false" sort-key="G08G1/048" definition-exists="true" ipc-concordant="G08G1/048" c-set-base-allowed="false" c-set-subsequent-allowed="true" date-revised="2013-01-01" status="published"><classification-symbol>G08G1/048</classification-symbol><class-title date-revised="2013-01-01"><title-part><text>with provision for compensation of environmental or other condition, e.g. snow, vehicle stopped at detector</text></title-part></class-title></classification-item>
<classification-item breakdown-code="false" not-allocatable="false" level="9" additional-only="false" sort-key="G08G1/052" definition-exists="true" ipc-concordant="G08G1/052" c-set-base-allowed="false" c-set-subsequent-allowed="true" date-revised="2013-01-01" status="published"><classification-symbol>G08G1/052</classification-symbol><class-title date-revised="2013-01-01"><title-part><text>with provision for determining speed or overspeed </text><CPC-specific-text><reference><text>speed measuring in general <class-ref scheme="cpc">G01P</class-ref></text></reference></CPC-specific-text></title-part></class-title>
<classification-item breakdown-code="false" not-allocatable="false" level="10" additional-only="false" sort-key="G08G1/054" definition-exists="false" ipc-concordant="G08G1/054" c-set-base-allowed="false" c-set-subsequent-allowed="true" date-revised="2013-01-01" status="published"><classification-symbol>G08G1/054</classification-symbol><class-title date-revised="2013-01-01"><title-part><text>photographing overspeeding vehicles</text></title-part></class-title></classification-item></classification-item>
<classification-item breakdown-code="false" not-allocatable="false" level="9" additional-only="false" sort-key="G08G1/056" definition-exists="false" ipc-concordant="G08G1/056" c-set-base-allowed="false" c-set-subsequent-allowed="true" date-revised="2013-01-01" status="published"><classification-symbol>G08G1/056</classification-symbol><class-title date-revised="2013-01-01"><title-part><text>with provision for distinguishing direction of travel</text></title-part></class-title></classification-item></classification-item>
<classification-item breakdown-code="false" not-allocatable="false" level="8" additional-only="false" sort-key="G08G1/065" definition-exists="false" ipc-concordant="G08G1/065" c-set-base-allowed="false" c-set-subsequent-allowed="true" date-revised="2013-01-01" status="published"><classification-symbol>G08G1/065</classification-symbol><class-title date-revised="2013-01-01"><title-part><text>by counting the vehicles in a section of the road or in a parking area, i.e. comparing incoming count with outgoing count</text></title-part></class-title></classification-item>
<classification-item breakdown-code="false" not-allocatable="false" level="8" additional-only="false" sort-key="G08G1/07" definition-exists="true" ipc-concordant="G08G1/07" c-set-base-allowed="false" c-set-subsequent-allowed="true" date-revised="2013-01-01" status="published"><classification-symbol>G08G1/07</classification-symbol><class-title date-revised="2013-01-01"><title-part><text>Controlling traffic signals</text></title-part></class-title>
<classification-item breakdown-code="false" not-allocatable="false" level="9" additional-only="false" sort-key="G08G1/075" definition-exists="true" ipc-concordant="G08G1/07" c-set-base-allowed="false" c-set-subsequent-allowed="true" date-revised="2013-01-01" status="published"><classification-symbol>G08G1/075</classification-symbol><class-title date-revised="2013-01-01"><title-part><CPC-specific-text><text>Ramp control</text></CPC-specific-text></title-part></class-title></classification-item>
<classification-item breakdown-code="false" not-allocatable="false" level="9" additional-only="false" sort-key="G08G1/08" definition-exists="false" ipc-concordant="G08G1/08" c-set-base-allowed="false" c-set-subsequent-allowed="true" date-revised="2013-01-01" status="published"><classification-symbol>G08G1/08</classification-symbol><class-title date-revised="2013-01-01"><title-part><text>according to detected number or speed of vehicles</text></title-part></class-title></classification-item>
<classification-item breakdown-code="false" not-allocatable="false" level="9" additional-only="false" sort-key="G08G1/081" definition-exists="false" ipc-concordant="G08G1/081" c-set-base-allowed="false" c-set-subsequent-allowed="true" date-revised="2013-01-01" status="published"><classification-symbol>G08G1/081</classification-symbol><class-title date-revised="2013-01-01"><title-part><text>Plural intersections under common control</text></title-part></class-title>
<classification-item breakdown-code="false" not-allocatable="false" level="10" additional-only="false" sort-key="G08G1/082" definition-exists="false" ipc-concordant="G08G1/082" c-set-base-allowed="false" c-set-subsequent-allowed="true" date-revised="2013-01-01" status="published"><classification-symbol>G08G1/082</classification-symbol><class-title date-revised="2013-01-01"><title-part><text>Controlling the time between beginning of the same phase of a cycle at adjacent intersections</text></title-part></class-title></classification-item>
<classification-item breakdown-code="false" not-allocatable="false" level="10" additional-only="false" sort-key="G08G1/083" definition-exists="false" ipc-concordant="G08G1/083" c-set-base-allowed="false" c-set-subsequent-allowed="true" date-revised="2013-01-01" status="published"><classification-symbol>G08G1/083</classification-symbol><class-title date-revised="2013-01-01"><title-part><text>Controlling the allocation of time between phases of a cycle</text></title-part></class-title></classification-item></classification-item>
<classification-item breakdown-code="false" not-allocatable="false" level="9" additional-only="false" sort-key="G08G1/085" definition-exists="true" ipc-concordant="G08G1/085" c-set-base-allowed="false" c-set-subsequent-allowed="true" date-revised="2013-01-01" status="published"><classification-symbol>G08G1/085</classification-symbol><class-title date-revised="2013-01-01"><title-part><text>using a free-running cyclic timer</text></title-part></class-title></classification-item>
<classification-item breakdown-code="false" not-allocatable="false" level="9" additional-only="false" sort-key="G08G1/087" definition-exists="true" ipc-concordant="G08G1/087" c-set-base-allowed="false" c-set-subsequent-allowed="true" date-revised="2013-01-01" status="published"><classification-symbol>G08G1/087</classification-symbol><class-title date-revised="2013-01-01"><title-part><text>Override of traffic control, e.g. by signal transmitted by an emergency vehicle</text></title-part></class-title></classification-item></classification-item>
<classification-item breakdown-code="false" not-allocatable="false" level="8" additional-only="false" sort-key="G08G1/09" definition-exists="true" ipc-concordant="G08G1/09" c-set-base-allowed="false" c-set-subsequent-allowed="true" date-revised="2013-01-01" status="published"><classification-symbol>G08G1/09</classification-symbol><class-title date-revised="2013-01-01"><title-part><text>Arrangements for giving variable traffic instructions </text><reference><CPC-specific-text><text>railroad crossing signals <class-ref scheme="cpc">B61L</class-ref>; reflectors <class-ref scheme="cpc">E01F</class-ref>, <class-ref scheme="cpc">G08B</class-ref></text></CPC-specific-text><text>; indicating arrangements for variable information by selection or combination of individual elements <class-ref scheme="cpc">G09F9/00</class-ref></text></reference></title-part></class-title>
<classification-item breakdown-code="false" not-allocatable="false" level="9" additional-only="false" sort-key="G08G1/091" definition-exists="true" ipc-concordant="G08G1/09" c-set-base-allowed="false" c-set-subsequent-allowed="true" date-revised="2013-01-01" status="published"><classification-symbol>G08G1/091</classification-symbol><class-title date-revised="2013-01-01"><title-part><CPC-specific-text><text>Traffic information broadcasting </text><reference><text>broadcasting communication <class-ref scheme="cpc">H04H</class-ref></text></reference></CPC-specific-text></title-part></class-title>
<classification-item breakdown-code="false" not-allocatable="false" level="10" additional-only="false" sort-key="G08G1/092" definition-exists="false" ipc-concordant="G08G1/09" c-set-base-allowed="false" c-set-subsequent-allowed="true" date-revised="2013-01-01" status="published"><classification-symbol>G08G1/092</classification-symbol><class-title date-revised="2013-01-01"><title-part><CPC-specific-text><text>Coding or decoding of the information</text></CPC-specific-text></title-part></class-title></classification-item>
<classification-item breakdown-code="false" not-allocatable="false" level="10" additional-only="false" sort-key="G08G1/093" definition-exists="false" ipc-concordant="G08G1/09" c-set-base-allowed="false" c-set-subsequent-allowed="true" date-revised="2013-01-01" status="published"><classification-symbol>G08G1/093</classification-symbol><class-title date-revised="2013-01-01"><title-part><CPC-specific-text><text>Data selection, e.g. prioritizing information, managing message queues, selecting the information to be output</text></CPC-specific-text></title-part></class-title></classification-item>
<classification-item breakdown-code="false" not-allocatable="false" level="10" additional-only="false" sort-key="G08G1/094" definition-exists="false" ipc-concordant="G08G1/09" c-set-base-allowed="false" c-set-subsequent-allowed="true" date-revised="2013-01-01" status="published"><classification-symbol>G08G1/094</classification-symbol><class-title date-revised="2013-01-01"><title-part><CPC-specific-text><text>Hardware aspects; Signal processing or signal properties, e.g. frequency bands</text></CPC-specific-text></title-part></class-title></classification-item></classification-item>
<classification-item breakdown-code="false" not-allocatable="false" level="9" additional-only="false" sort-key="G08G1/095" definition-exists="true" ipc-concordant="G08G1/095" c-set-base-allowed="false" c-set-subsequent-allowed="true" date-revised="2013-01-01" status="published"><classification-symbol>G08G1/095</classification-symbol><class-title date-revised="2013-01-01"><title-part><text>Traffic lights</text></title-part></class-title>
<classification-item breakdown-code="false" not-allocatable="false" level="10" additional-only="false" sort-key="G08G1/0955" definition-exists="false" ipc-concordant="G08G1/0955" c-set-base-allowed="false" c-set-subsequent-allowed="true" date-revised="2013-01-01" status="published"><classification-symbol>G08G1/0955</classification-symbol><class-title date-revised="2013-01-01"><title-part><text>transportable</text></title-part></class-title></classification-item></classification-item>
<classification-item breakdown-code="false" not-allocatable="false" level="9" additional-only="false" sort-key="G08G1/096" definition-exists="true" ipc-concordant="G08G1/096" c-set-base-allowed="false" c-set-subsequent-allowed="true" date-revised="2013-01-01" status="published"><classification-symbol>G08G1/096</classification-symbol><class-title date-revised="2013-01-01"><title-part><text>provided with indicators in which a mark progresses showing the time elapsed, e.g. of green phase</text></title-part></class-title></classification-item>
<classification-item breakdown-code="false" not-allocatable="false" level="9" additional-only="false" sort-key="G08G1/0962" definition-exists="true" ipc-concordant="G08G1/0962" c-set-base-allowed="false" c-set-subsequent-allowed="true" date-revised="2013-01-01" status="published"><classification-symbol>G08G1/0962</classification-symbol><class-title date-revised="2013-01-01"><title-part><text>having an indicator mounted inside the vehicle, e.g. giving voice messages</text></title-part></class-title>
<classification-item breakdown-code="false" not-allocatable="false" level="10" additional-only="false" sort-key="G08G1/09623" definition-exists="false" ipc-concordant="G08G1/0962" c-set-base-allowed="false" c-set-subsequent-allowed="true" date-revised="2013-01-01" status="published"><classification-symbol>G08G1/09623</classification-symbol><class-title date-revised="2013-01-01"><title-part><CPC-specific-text><text>Systems involving the acquisition of information from passive traffic signs by means mounted on the vehicle </text><reference><text><class-ref scheme="cpc">G08G1/0967</class-ref> takes precedence</text></reference></CPC-specific-text></title-part></class-title></classification-item>
<classification-item breakdown-code="false" not-allocatable="false" level="10" additional-only="false" sort-key="G08G1/09626" definition-exists="false" ipc-concordant="G08G1/0962" c-set-base-allowed="false" c-set-subsequent-allowed="true" date-revised="2013-01-01" status="published"><classification-symbol>G08G1/09626</classification-symbol><class-title date-revised="2013-01-01"><title-part><CPC-specific-text><text>where the origin of the information is within the own vehicle, e.g. a local storage device, digital map</text></CPC-specific-text></title-part></class-title></classification-item>
<classification-item breakdown-code="false" not-allocatable="false" level="10" additional-only="false" sort-key="G08G1/0965" definition-exists="false" ipc-concordant="G08G1/0965" c-set-base-allowed="false" c-set-subsequent-allowed="true" date-revised="2013-01-01" status="published"><classification-symbol>G08G1/0965</classification-symbol><class-title date-revised="2013-01-01"><title-part><text>responding to signals from another vehicle, e.g. emergency vehicle</text></title-part></class-title></classification-item>
<classification-item breakdown-code="false" not-allocatable="false" level="10" additional-only="false" sort-key="G08G1/0967" definition-exists="true" ipc-concordant="G08G1/0967" c-set-base-allowed="false" c-set-subsequent-allowed="true" date-revised="2013-01-01" status="published"><classification-symbol>G08G1/0967</classification-symbol><class-title date-revised="2013-01-01"><title-part><text>Systems involving transmission of highway information, e.g. weather, speed limits </text><reference><text>transmission of navigation instructions to the vehicle <class-ref scheme="cpc">G08G1/0968</class-ref></text></reference></title-part></class-title>
<classification-item breakdown-code="false" not-allocatable="false" level="11" additional-only="false" sort-key="G08G1/096708" definition-exists="false" ipc-concordant="G08G1/0967" c-set-base-allowed="false" c-set-subsequent-allowed="true" date-revised="2013-01-01" status="published"><classification-symbol>G08G1/096708</classification-symbol><class-title date-revised="2013-01-01"><title-part><CPC-specific-text><text>where the received information might be used to generate an automatic action on the vehicle control</text></CPC-specific-text></title-part></class-title>
<classification-item breakdown-code="false" not-allocatable="false" level="12" additional-only="false" sort-key="G08G1/096716" definition-exists="false" ipc-concordant="G08G1/0967" c-set-base-allowed="false" c-set-subsequent-allowed="true" date-revised="2013-01-01" status="published"><classification-symbol>G08G1/096716</classification-symbol><class-title date-revised="2013-01-01"><title-part><CPC-specific-text><text>where the received information does not generate an automatic action on the vehicle control</text></CPC-specific-text></title-part></class-title></classification-item>
<classification-item breakdown-code="false" not-allocatable="false" level="12" additional-only="false" sort-key="G08G1/096725" definition-exists="false" ipc-concordant="G08G1/0967" c-set-base-allowed="false" c-set-subsequent-allowed="true" date-revised="2013-01-01" status="published"><classification-symbol>G08G1/096725</classification-symbol><class-title date-revised="2013-01-01"><title-part><CPC-specific-text><text>where the received information generates an automatic action on the vehicle control</text></CPC-specific-text></title-part></class-title></classification-item></classification-item>
<classification-item breakdown-code="false" not-allocatable="false" level="11" additional-only="false" sort-key="G08G1/096733" definition-exists="false" ipc-concordant="G08G1/0967" c-set-base-allowed="false" c-set-subsequent-allowed="true" date-revised="2013-01-01" status="published"><classification-symbol>G08G1/096733</classification-symbol><class-title date-revised="2013-01-01"><title-part><CPC-specific-text><text>where a selection of the information might take place</text></CPC-specific-text></title-part></class-title>
<classification-item breakdown-code="false" not-allocatable="false" level="12" additional-only="false" sort-key="G08G1/096741" definition-exists="false" ipc-concordant="G08G1/0967" c-set-base-allowed="false" c-set-subsequent-allowed="true" date-revised="2013-01-01" status="published"><classification-symbol>G08G1/096741</classification-symbol><class-title date-revised="2013-01-01"><title-part><CPC-specific-text><text>where the source of the transmitted information selects which information to transmit to each vehicle</text></CPC-specific-text></title-part></class-title></classification-item>
<classification-item breakdown-code="false" not-allocatable="false" level="12" additional-only="false" sort-key="G08G1/09675" definition-exists="false" ipc-concordant="G08G1/0967" c-set-base-allowed="false" c-set-subsequent-allowed="true" date-revised="2013-01-01" status="published"><classification-symbol>G08G1/09675</classification-symbol><class-title date-revised="2013-01-01"><title-part><CPC-specific-text><text>where a selection from the received information takes place in the vehicle</text></CPC-specific-text></title-part></class-title></classification-item>
<classification-item breakdown-code="false" not-allocatable="false" level="12" additional-only="false" sort-key="G08G1/096758" definition-exists="false" ipc-concordant="G08G1/0967" c-set-base-allowed="false" c-set-subsequent-allowed="true" date-revised="2013-01-01" status="published"><classification-symbol>G08G1/096758</classification-symbol><class-title date-revised="2013-01-01"><title-part><CPC-specific-text><text>where no selection takes place on the transmitted or the received information</text></CPC-specific-text></title-part></class-title></classification-item></classification-item>
<classification-item breakdown-code="false" not-allocatable="false" level="11" additional-only="false" sort-key="G08G1/096766" definition-exists="false" ipc-concordant="G08G1/0967" c-set-base-allowed="false" c-set-subsequent-allowed="true" date-revised="2013-01-01" status="published"><classification-symbol>G08G1/096766</classification-symbol><class-title date-revised="2013-01-01"><title-part><CPC-specific-text><text>where the system is characterised by the origin of the information transmission</text></CPC-specific-text></title-part></class-title>
<classification-item breakdown-code="false" not-allocatable="false" level="12" additional-only="false" sort-key="G08G1/096775" definition-exists="false" ipc-concordant="G08G1/0967" c-set-base-allowed="false" c-set-subsequent-allowed="true" date-revised="2013-01-01" status="published"><classification-symbol>G08G1/096775</classification-symbol><class-title date-revised="2013-01-01"><title-part><CPC-specific-text><text>where the origin of the information is a central station</text></CPC-specific-text></title-part></class-title></classification-item>
<classification-item breakdown-code="false" not-allocatable="false" level="12" additional-only="false" sort-key="G08G1/096783" definition-exists="false" ipc-concordant="G08G1/0967" c-set-base-allowed="false" c-set-subsequent-allowed="true" date-revised="2013-01-01" status="published"><classification-symbol>G08G1/096783</classification-symbol><class-title date-revised="2013-01-01"><title-part><CPC-specific-text><text>where the origin of the information is a roadside individual element</text></CPC-specific-text></title-part></class-title></classification-item>
<classification-item breakdown-code="false" not-allocatable="false" level="12" additional-only="false" sort-key="G08G1/096791" definition-exists="false" ipc-concordant="G08G1/0967" c-set-base-allowed="false" c-set-subsequent-allowed="true" date-revised="2013-01-01" status="published"><classification-symbol>G08G1/096791</classification-symbol><class-title date-revised="2013-01-01"><title-part><CPC-specific-text><text>where the origin of the information is another vehicle</text></CPC-specific-text></title-part></class-title></classification-item></classification-item></classification-item>
<classification-item breakdown-code="false" not-allocatable="false" level="10" additional-only="false" sort-key="G08G1/0968" definition-exists="true" ipc-concordant="G08G1/0968" c-set-base-allowed="false" c-set-subsequent-allowed="true" date-revised="2020-08-01" status="published"><classification-symbol>G08G1/0968</classification-symbol><class-title date-revised="2020-08-01"><title-part><text>Systems involving transmission of navigation instructions to the vehicle</text></title-part></class-title>
<classification-item breakdown-code="false" not-allocatable="false" level="11" additional-only="false" sort-key="G08G1/096805" definition-exists="false" ipc-concordant="G08G1/0968" c-set-base-allowed="false" c-set-subsequent-allowed="true" date-revised="2013-01-01" status="published"><classification-symbol>G08G1/096805</classification-symbol><class-title date-revised="2013-01-01"><title-part><CPC-specific-text><text>where the transmitted instructions are used to compute a route</text></CPC-specific-text></title-part></class-title>
<classification-item breakdown-code="false" not-allocatable="false" level="12" additional-only="false" sort-key="G08G1/096811" definition-exists="false" ipc-concordant="G08G1/0968" c-set-base-allowed="false" c-set-subsequent-allowed="true" date-revised="2013-01-01" status="published"><classification-symbol>G08G1/096811</classification-symbol><class-title date-revised="2013-01-01"><title-part><CPC-specific-text><text>where the route is computed offboard</text></CPC-specific-text></title-part></class-title>
<classification-item breakdown-code="false" not-allocatable="false" level="13" additional-only="false" sort-key="G08G1/096816" definition-exists="false" ipc-concordant="G08G1/0968" c-set-base-allowed="false" c-set-subsequent-allowed="true" date-revised="2013-01-01" status="published"><classification-symbol>G08G1/096816</classification-symbol><class-title date-revised="2013-01-01"><title-part><CPC-specific-text><text>where the complete route is transmitted to the vehicle at once</text></CPC-specific-text></title-part></class-title></classification-item>
<classification-item breakdown-code="false" not-allocatable="false" level="13" additional-only="false" sort-key="G08G1/096822" definition-exists="false" ipc-concordant="G08G1/0968" c-set-base-allowed="false" c-set-subsequent-allowed="true" date-revised="2013-01-01" status="published"><classification-symbol>G08G1/096822</classification-symbol><class-title date-revised="2013-01-01"><title-part><CPC-specific-text><text>where the segments of the route are transmitted to the vehicle at different locations and times</text></CPC-specific-text></title-part></class-title></classification-item></classification-item>
<classification-item breakdown-code="false" not-allocatable="false" level="12" additional-only="false" sort-key="G08G1/096827" definition-exists="false" ipc-concordant="G08G1/0968" c-set-base-allowed="false" c-set-subsequent-allowed="true" date-revised="2013-01-01" status="published"><classification-symbol>G08G1/096827</classification-symbol><class-title date-revised="2013-01-01"><title-part><CPC-specific-text><text>where the route is computed onboard</text></CPC-specific-text></title-part></class-title></classification-item></classification-item>
<classification-item breakdown-code="false" not-allocatable="false" level="11" additional-only="false" sort-key="G08G1/096833" definition-exists="false" ipc-concordant="G08G1/0968" c-set-base-allowed="false" c-set-subsequent-allowed="true" date-revised="2013-01-01" status="published"><classification-symbol>G08G1/096833</classification-symbol><class-title date-revised="2013-01-01"><title-part><CPC-specific-text><text>where different aspects are considered when computing the route</text></CPC-specific-text></title-part></class-title>
<classification-item breakdown-code="false" not-allocatable="false" level="12" additional-only="false" sort-key="G08G1/096838" definition-exists="false" ipc-concordant="G08G1/0968" c-set-base-allowed="false" c-set-subsequent-allowed="true" date-revised="2013-01-01" status="published"><classification-symbol>G08G1/096838</classification-symbol><class-title date-revised="2013-01-01"><title-part><CPC-specific-text><text>where the user preferences are taken into account or the user selects one route out of a plurality</text></CPC-specific-text></title-part></class-title></classification-item>
<classification-item breakdown-code="false" not-allocatable="false" level="12" additional-only="false" sort-key="G08G1/096844" definition-exists="false" ipc-concordant="G08G1/0968" c-set-base-allowed="false" c-set-subsequent-allowed="true" date-revised="2013-01-01" status="published"><classification-symbol>G08G1/096844</classification-symbol><class-title date-revised="2013-01-01"><title-part><CPC-specific-text><text>where the complete route is dynamically recomputed based on new data</text></CPC-specific-text></title-part></class-title></classification-item>
<classification-item breakdown-code="false" not-allocatable="false" level="12" additional-only="false" sort-key="G08G1/09685" definition-exists="false" ipc-concordant="G08G1/0968" c-set-base-allowed="false" c-set-subsequent-allowed="true" date-revised="2013-01-01" status="published"><classification-symbol>G08G1/09685</classification-symbol><class-title date-revised="2013-01-01"><title-part><CPC-specific-text><text>where the complete route is computed only once and not updated</text></CPC-specific-text></title-part></class-title></classification-item></classification-item>
<classification-item breakdown-code="false" not-allocatable="false" level="11" additional-only="false" sort-key="G08G1/096855" definition-exists="true" ipc-concordant="G08G1/0968" c-set-base-allowed="false" c-set-subsequent-allowed="true" date-revised="2013-01-01" status="published"><classification-symbol>G08G1/096855</classification-symbol><class-title date-revised="2013-01-01"><title-part><CPC-specific-text><text>where the output is provided in a suitable form to the driver </text><reference><text>details on I/O arrangements for onboard navigation computers <class-ref scheme="cpc">G01C21/36</class-ref></text></reference></CPC-specific-text></title-part></class-title>
<classification-item breakdown-code="false" not-allocatable="false" level="12" additional-only="false" sort-key="G08G1/096861" definition-exists="false" ipc-concordant="G08G1/0968" c-set-base-allowed="false" c-set-subsequent-allowed="true" date-revised="2013-01-01" status="published"><classification-symbol>G08G1/096861</classification-symbol><class-title date-revised="2013-01-01"><title-part><CPC-specific-text><text>where the immediate route instructions are output to the driver, e.g. arrow signs for next turn</text></CPC-specific-text></title-part></class-title></classification-item>
<classification-item breakdown-code="false" not-allocatable="false" level="12" additional-only="false" sort-key="G08G1/096866" definition-exists="false" ipc-concordant="G08G1/0968" c-set-base-allowed="false" c-set-subsequent-allowed="true" date-revised="2013-01-01" status="published"><classification-symbol>G08G1/096866</classification-symbol><class-title date-revised="2013-01-01"><title-part><CPC-specific-text><text>where the complete route is shown to the driver</text></CPC-specific-text></title-part></class-title></classification-item>
<classification-item breakdown-code="false" not-allocatable="false" level="12" additional-only="false" sort-key="G08G1/096872" definition-exists="false" ipc-concordant="G08G1/0968" c-set-base-allowed="false" c-set-subsequent-allowed="true" date-revised="2013-01-01" status="published"><classification-symbol>G08G1/096872</classification-symbol><class-title date-revised="2013-01-01"><title-part><CPC-specific-text><text>where instructions are given per voice</text></CPC-specific-text></title-part></class-title></classification-item></classification-item>
<classification-item breakdown-code="false" not-allocatable="false" level="11" additional-only="false" sort-key="G08G1/096877" definition-exists="true" ipc-concordant="G08G1/0968" c-set-base-allowed="false" c-set-subsequent-allowed="true" date-revised="2013-01-01" status="published"><classification-symbol>G08G1/096877</classification-symbol><class-title date-revised="2013-01-01"><title-part><CPC-specific-text><text>where the input to the navigation device is provided by a suitable I/O arrangement </text><reference><text>details of I/O arrangements for onboard navigation computers <class-ref scheme="cpc">G01C21/36</class-ref>; I/O arrangements for general purpose computers <class-ref scheme="cpc">G06F3/00</class-ref></text></reference></CPC-specific-text></title-part></class-title>
<classification-item breakdown-code="false" not-allocatable="false" level="12" additional-only="false" sort-key="G08G1/096883" definition-exists="false" ipc-concordant="G08G1/0968" c-set-base-allowed="false" c-set-subsequent-allowed="true" date-revised="2013-01-01" status="published"><classification-symbol>G08G1/096883</classification-symbol><class-title date-revised="2013-01-01"><title-part><CPC-specific-text><text>where input information is obtained using a mobile device, e.g. a mobile phone, a PDA</text></CPC-specific-text></title-part></class-title></classification-item>
<classification-item breakdown-code="false" not-allocatable="false" level="12" additional-only="false" sort-key="G08G1/096888" definition-exists="false" ipc-concordant="G08G1/0968" c-set-base-allowed="false" c-set-subsequent-allowed="true" date-revised="2013-01-01" status="published"><classification-symbol>G08G1/096888</classification-symbol><class-title date-revised="2013-01-01"><title-part><CPC-specific-text><text>where input information is obtained using learning systems, e.g. history databases</text></CPC-specific-text></title-part></class-title></classification-item>
<classification-item breakdown-code="false" not-allocatable="false" level="12" additional-only="false" sort-key="G08G1/096894" definition-exists="false" ipc-concordant="G08G1/0968" c-set-base-allowed="false" c-set-subsequent-allowed="true" date-revised="2013-01-01" status="published"><classification-symbol>G08G1/096894</classification-symbol><class-title date-revised="2013-01-01"><title-part><CPC-specific-text><text>where input is assisted by the navigation device, i.e. the user does not type the complete name of the destination, e.g. using zip codes, telephone numbers, progressively selecting from initial letters</text></CPC-specific-text></title-part></class-title></classification-item></classification-item>
<classification-item breakdown-code="false" not-allocatable="false" level="11" additional-only="false" sort-key="G08G1/0969" definition-exists="true" ipc-concordant="G08G1/0969" c-set-base-allowed="false" c-set-subsequent-allowed="true" date-revised="2013-01-01" status="published"><classification-symbol>G08G1/0969</classification-symbol><class-title date-revised="2013-01-01"><title-part><text>having a display in the form of a map</text></title-part></class-title></classification-item></classification-item></classification-item></classification-item>
<classification-item breakdown-code="false" not-allocatable="false" level="8" additional-only="false" sort-key="G08G1/097" definition-exists="true" ipc-concordant="G08G1/097" c-set-base-allowed="false" c-set-subsequent-allowed="true" date-revised="2013-01-01" status="published"><classification-symbol>G08G1/097</classification-symbol><class-title date-revised="2013-01-01"><title-part><text>Supervising of traffic control systems, e.g. by giving an alarm if two crossing streets have green light simultaneously</text></title-part></class-title></classification-item>
<classification-item breakdown-code="false" not-allocatable="false" level="8" additional-only="false" sort-key="G08G1/123" definition-exists="true" ipc-concordant="G08G1/123" c-set-base-allowed="false" c-set-subsequent-allowed="true" date-revised="2013-01-01" status="published"><classification-symbol>G08G1/123</classification-symbol><class-title date-revised="2013-01-01"><title-part><text>indicating the position of vehicles, e.g. scheduled vehicles; </text><CPC-specific-text><text>Managing passenger vehicles circulating according to a fixed timetable, e.g. buses, trains, trams</text></CPC-specific-text><reference><text>transmission of navigation instructions to vehicles <class-ref scheme="cpc">G08G1/0968</class-ref></text></reference></title-part></class-title>
<classification-item breakdown-code="false" not-allocatable="false" level="9" additional-only="false" sort-key="G08G1/127" definition-exists="true" ipc-concordant="G08G1/127" c-set-base-allowed="false" c-set-subsequent-allowed="true" date-revised="2017-08-01" status="published"><classification-symbol>G08G1/127</classification-symbol><class-title date-revised="2017-08-01"><title-part><text>to a central station </text><CPC-specific-text><text>; Indicators in a central station</text></CPC-specific-text></title-part></class-title>
<classification-item breakdown-code="false" not-allocatable="false" level="10" additional-only="false" sort-key="G08G1/13" definition-exists="false" ipc-concordant="G08G1/13" c-set-base-allowed="false" c-set-subsequent-allowed="true" date-revised="2013-01-01" status="published"><classification-symbol>G08G1/13</classification-symbol><class-title date-revised="2013-01-01"><title-part><text>the indicator being in the form of a map</text></title-part></class-title></classification-item></classification-item>
<classification-item breakdown-code="false" not-allocatable="false" level="9" additional-only="false" sort-key="G08G1/133" definition-exists="false" ipc-concordant="G08G1/133" c-set-base-allowed="false" c-set-subsequent-allowed="true" date-revised="2017-08-01" status="published"><classification-symbol>G08G1/133</classification-symbol><class-title date-revised="2017-08-01"><title-part><text>within the vehicle </text><CPC-specific-text><text>; Indicators inside the vehicles or at stops</text></CPC-specific-text></title-part></class-title>
<classification-item breakdown-code="false" not-allocatable="false" level="10" additional-only="false" sort-key="G08G1/137" definition-exists="false" ipc-concordant="G08G1/137" c-set-base-allowed="false" c-set-subsequent-allowed="true" date-revised="2013-01-01" status="published"><classification-symbol>G08G1/137</classification-symbol><class-title date-revised="2013-01-01"><title-part><text>the indicator being in the form of a map</text></title-part></class-title></classification-item></classification-item></classification-item>
<classification-item breakdown-code="false" not-allocatable="false" level="8" additional-only="false" sort-key="G08G1/14" definition-exists="true" ipc-concordant="G08G1/14" c-set-base-allowed="false" c-set-subsequent-allowed="true" date-revised="2017-08-01" status="published"><classification-symbol>G08G1/14</classification-symbol><class-title date-revised="2017-08-01"><title-part><text>indicating individual free spaces in parking areas</text></title-part></class-title>
<classification-item breakdown-code="false" not-allocatable="false" level="9" additional-only="false" sort-key="G08G1/141" definition-exists="false" ipc-concordant="G08G1/14" c-set-base-allowed="false" c-set-subsequent-allowed="true" date-revised="2013-01-01" status="published"><classification-symbol>G08G1/141</classification-symbol><class-title date-revised="2013-01-01"><title-part><CPC-specific-text><text>with means giving the indication of available parking spaces</text></CPC-specific-text></title-part></class-title>
<classification-item breakdown-code="false" not-allocatable="false" level="10" additional-only="false" sort-key="G08G1/142" definition-exists="false" ipc-concordant="G08G1/14" c-set-base-allowed="false" c-set-subsequent-allowed="true" date-revised="2013-01-01" status="published"><classification-symbol>G08G1/142</classification-symbol><class-title date-revised="2013-01-01"><title-part><CPC-specific-text><text>external to the vehicles</text></CPC-specific-text></title-part></class-title></classification-item>
<classification-item breakdown-code="false" not-allocatable="false" level="10" additional-only="false" sort-key="G08G1/143" definition-exists="false" ipc-concordant="G08G1/14" c-set-base-allowed="false" c-set-subsequent-allowed="true" date-revised="2013-01-01" status="published"><classification-symbol>G08G1/143</classification-symbol><class-title date-revised="2013-01-01"><title-part><CPC-specific-text><text>inside the vehicles</text></CPC-specific-text></title-part></class-title></classification-item>
<classification-item breakdown-code="false" not-allocatable="false" level="10" additional-only="false" sort-key="G08G1/144" definition-exists="false" ipc-concordant="G08G1/14" c-set-base-allowed="false" c-set-subsequent-allowed="true" date-revised="2013-01-01" status="published"><classification-symbol>G08G1/144</classification-symbol><class-title date-revised="2013-01-01"><title-part><CPC-specific-text><text>on portable or mobile units, e.g. personal digital assistant [PDA]</text></CPC-specific-text></title-part></class-title></classification-item></classification-item>
<classification-item breakdown-code="false" not-allocatable="false" level="9" additional-only="false" sort-key="G08G1/145" definition-exists="false" ipc-concordant="G08G1/14" c-set-base-allowed="false" c-set-subsequent-allowed="true" date-revised="2013-01-01" status="published"><classification-symbol>G08G1/145</classification-symbol><class-title date-revised="2013-01-01"><title-part><CPC-specific-text><text>where the indication depends on the parking areas</text></CPC-specific-text></title-part></class-title>
<classification-item breakdown-code="false" not-allocatable="false" level="10" additional-only="false" sort-key="G08G1/146" definition-exists="false" ipc-concordant="G08G1/14" c-set-base-allowed="false" c-set-subsequent-allowed="true" date-revised="2013-01-01" status="published"><classification-symbol>G08G1/146</classification-symbol><class-title date-revised="2013-01-01"><title-part><CPC-specific-text><text>where the parking area is a limited parking space, e.g. parking garage, restricted space</text></CPC-specific-text></title-part></class-title></classification-item>
<classification-item breakdown-code="false" not-allocatable="false" level="10" additional-only="false" sort-key="G08G1/147" definition-exists="false" ipc-concordant="G08G1/14" c-set-base-allowed="false" c-set-subsequent-allowed="true" date-revised="2013-01-01" status="published"><classification-symbol>G08G1/147</classification-symbol><class-title date-revised="2013-01-01"><title-part><CPC-specific-text><text>where the parking area is within an open public zone, e.g. city centre</text></CPC-specific-text></title-part></class-title></classification-item>
<classification-item breakdown-code="false" not-allocatable="false" level="10" additional-only="false" sort-key="G08G1/148" definition-exists="false" ipc-concordant="G08G1/14" c-set-base-allowed="false" c-set-subsequent-allowed="true" date-revised="2013-01-01" status="published"><classification-symbol>G08G1/148</classification-symbol><class-title date-revised="2013-01-01"><title-part><CPC-specific-text><text>Management of a network of parking areas</text></CPC-specific-text></title-part></class-title></classification-item></classification-item>
<classification-item breakdown-code="false" not-allocatable="false" level="9" additional-only="false" sort-key="G08G1/149" definition-exists="false" ipc-concordant="G08G1/14" c-set-base-allowed="false" c-set-subsequent-allowed="true" date-revised="2013-01-01" status="published"><classification-symbol>G08G1/149</classification-symbol><class-title date-revised="2013-01-01"><title-part><CPC-specific-text><text>coupled to means for restricting the access to the parking space, e.g. authorization, access barriers, indicative lights</text></CPC-specific-text></title-part></class-title></classification-item></classification-item>
<classification-item breakdown-code="false" not-allocatable="false" level="8" additional-only="false" sort-key="G08G1/16" definition-exists="true" ipc-concordant="G08G1/16" c-set-base-allowed="false" c-set-subsequent-allowed="true" date-revised="2013-01-01" status="published"><classification-symbol>G08G1/16</classification-symbol><class-title date-revised="2013-01-01"><title-part><text>Anti-collision systems </text><reference><text>road vehicle drive control systems for predicting or avoiding probable or impending collision otherwise than by control of a particular sub-unit <class-ref scheme="cpc">B60W30/08</class-ref></text></reference></title-part></class-title>
<classification-item breakdown-code="false" not-allocatable="false" level="9" additional-only="false" sort-key="G08G1/161" definition-exists="true" ipc-concordant="G08G1/16" c-set-base-allowed="false" c-set-subsequent-allowed="true" date-revised="2013-01-01" status="published"><classification-symbol>G08G1/161</classification-symbol><class-title date-revised="2013-01-01"><title-part><CPC-specific-text><text>Decentralised systems, e.g. inter-vehicle communication</text></CPC-specific-text></title-part></class-title>
<classification-item breakdown-code="false" not-allocatable="false" level="10" additional-only="false" sort-key="G08G1/162" definition-exists="true" ipc-concordant="G08G1/16" c-set-base-allowed="false" c-set-subsequent-allowed="true" date-revised="2013-01-01" status="published"><classification-symbol>G08G1/162</classification-symbol><class-title date-revised="2013-01-01"><title-part><CPC-specific-text><text>event-triggered</text></CPC-specific-text></title-part></class-title></classification-item>
<classification-item breakdown-code="false" not-allocatable="false" level="10" additional-only="false" sort-key="G08G1/163" definition-exists="false" ipc-concordant="G08G1/16" c-set-base-allowed="false" c-set-subsequent-allowed="true" date-revised="2013-01-01" status="published"><classification-symbol>G08G1/163</classification-symbol><class-title date-revised="2013-01-01"><title-part><CPC-specific-text><text>involving continuous checking</text></CPC-specific-text></title-part></class-title></classification-item></classification-item>
<classification-item breakdown-code="false" not-allocatable="false" level="9" additional-only="false" sort-key="G08G1/164" definition-exists="false" ipc-concordant="G08G1/16" c-set-base-allowed="false" c-set-subsequent-allowed="true" date-revised="2013-01-01" status="published"><classification-symbol>G08G1/164</classification-symbol><class-title date-revised="2013-01-01"><title-part><CPC-specific-text><text>Centralised systems, e.g. external to vehicles</text></CPC-specific-text></title-part></class-title></classification-item>
<classification-item breakdown-code="false" not-allocatable="false" level="9" additional-only="false" sort-key="G08G1/165" definition-exists="false" ipc-concordant="G08G1/16" c-set-base-allowed="false" c-set-subsequent-allowed="true" date-revised="2013-01-01" status="published"><classification-symbol>G08G1/165</classification-symbol><class-title date-revised="2013-01-01"><title-part><CPC-specific-text><text>for passive traffic, e.g. including static obstacles, trees</text></CPC-specific-text></title-part></class-title></classification-item>
<classification-item breakdown-code="false" not-allocatable="false" level="9" additional-only="false" sort-key="G08G1/166" definition-exists="false" ipc-concordant="G08G1/16" c-set-base-allowed="false" c-set-subsequent-allowed="true" date-revised="2013-01-01" status="published"><classification-symbol>G08G1/166</classification-symbol><class-title date-revised="2013-01-01"><title-part><CPC-specific-text><text>for active traffic, e.g. moving vehicles, pedestrians, bikes</text></CPC-specific-text></title-part></class-title></classification-item>
<classification-item breakdown-code="false" not-allocatable="false" level="9" additional-only="false" sort-key="G08G1/167" definition-exists="false" ipc-concordant="G08G1/16" c-set-base-allowed="false" c-set-subsequent-allowed="true" date-revised="2013-01-01" status="published"><classification-symbol>G08G1/167</classification-symbol><class-title date-revised="2013-01-01"><title-part><CPC-specific-text><text>Driving aids for lane monitoring, lane changing, e.g. blind spot detection</text></CPC-specific-text></title-part></class-title></classification-item>
<classification-item breakdown-code="false" not-allocatable="false" level="9" additional-only="false" sort-key="G08G1/168" definition-exists="false" ipc-concordant="G08G1/16" c-set-base-allowed="false" c-set-subsequent-allowed="true" date-revised="2013-01-01" status="published"><classification-symbol>G08G1/168</classification-symbol><class-title date-revised="2013-01-01"><title-part><CPC-specific-text><text>Driving aids for parking, e.g. acoustic or visual feedback on parking space</text></CPC-specific-text></title-part></class-title></classification-item></classification-item>
<classification-item breakdown-code="false" not-allocatable="false" level="8" additional-only="false" sort-key="G08G1/20" definition-exists="true" ipc-concordant="G08G1/00" c-set-base-allowed="false" c-set-subsequent-allowed="true" date-revised="2013-01-01" status="published"><classification-symbol>G08G1/20</classification-symbol><class-title date-revised="2013-01-01"><title-part><CPC-specific-text><text>Monitoring the location of vehicles belonging to a group, e.g. fleet of vehicles, countable or determined number of vehicles</text></CPC-specific-text></title-part></class-title>
<classification-item breakdown-code="false" not-allocatable="false" level="9" additional-only="false" sort-key="G08G1/202" definition-exists="false" ipc-concordant="G08G1/00" c-set-base-allowed="false" c-set-subsequent-allowed="true" date-revised="2013-01-01" status="published"><classification-symbol>G08G1/202</classification-symbol><class-title date-revised="2013-01-01"><title-part><CPC-specific-text><text>Dispatching vehicles on the basis of a location, e.g. taxi dispatching</text></CPC-specific-text></title-part></class-title></classification-item>
<classification-item breakdown-code="false" not-allocatable="false" level="9" additional-only="false" sort-key="G08G1/205" definition-exists="false" ipc-concordant="G08G1/00" c-set-base-allowed="false" c-set-subsequent-allowed="true" date-revised="2013-01-01" status="published"><classification-symbol>G08G1/205</classification-symbol><class-title date-revised="2013-01-01"><title-part><CPC-specific-text><text>Indicating the location of the monitored vehicles as destination, e.g. accidents, stolen, rental</text></CPC-specific-text></title-part></class-title></classification-item>
<classification-item breakdown-code="false" not-allocatable="false" level="9" additional-only="false" sort-key="G08G1/207" definition-exists="false" ipc-concordant="G08G1/00" c-set-base-allowed="false" c-set-subsequent-allowed="true" date-revised="2013-01-01" status="published"><classification-symbol>G08G1/207</classification-symbol><class-title date-revised="2013-01-01"><title-part><CPC-specific-text><text>with respect to certain areas, e.g. forbidden or allowed areas with possible alerting when inside or outside boundaries</text></CPC-specific-text></title-part></class-title></classification-item></classification-item>
<classification-item breakdown-code="false" not-allocatable="false" level="8" additional-only="false" sort-key="G08G1/22" definition-exists="false" ipc-concordant="G08G1/00" c-set-base-allowed="false" c-set-subsequent-allowed="true" date-revised="2013-01-01" status="published"><classification-symbol>G08G1/22</classification-symbol><class-title date-revised="2013-01-01"><title-part><CPC-specific-text><text>Platooning, i.e. convoy of communicating vehicles</text></CPC-specific-text></title-part></class-title></classification-item></classification-item>
<classification-item breakdown-code="false" not-allocatable="false" level="7" additional-only="false" sort-key="G08G3/00" definition-exists="true" ipc-concordant="G08G3/00" c-set-base-allowed="false" c-set-subsequent-allowed="true" date-revised="2013-01-01" status="published"><classification-symbol>G08G3/00</classification-symbol><class-title date-revised="2013-01-01"><title-part><text>Traffic control systems for marine craft </text><reference><text>marking of navigational route <class-ref scheme="cpc">B63B22/16</class-ref>, <class-ref scheme="cpc">B63B51/00</class-ref></text></reference></title-part></class-title>
<classification-item breakdown-code="false" not-allocatable="false" level="8" additional-only="false" sort-key="G08G3/02" definition-exists="true" ipc-concordant="G08G3/02" c-set-base-allowed="false" c-set-subsequent-allowed="true" date-revised="2013-01-01" status="published"><classification-symbol>G08G3/02</classification-symbol><class-title date-revised="2013-01-01"><title-part><text>Anti-collision systems</text></title-part></class-title></classification-item></classification-item>
<classification-item breakdown-code="false" not-allocatable="false" level="7" additional-only="false" sort-key="G08G5/00" definition-exists="true" ipc-concordant="G08G5/00" c-set-base-allowed="false" c-set-subsequent-allowed="true" date-revised="2013-01-01" status="published"><classification-symbol>G08G5/00</classification-symbol><class-title date-revised="2013-01-01"><title-part><text>Traffic control systems for aircraft </text><CPC-specific-text><text>, e.g. air-traffic control [ATC]</text></CPC-specific-text></title-part></class-title><notes-and-warnings date-revised="2013-01-01"><note type="note"><note-paragraph>This groups covers arrangements, located in the aircraft or on the ground, for controlling aircraft within a traffic environment.</note-paragraph><note-paragraph>This group <u>does not cover</u> arrangements for control of position, course, altitude or attitude of aircraft not specific to a traffic environment, e.g. automatic pilots, which are covered by group <class-ref scheme="cpc">G05D1/00</class-ref>.</note-paragraph><note-paragraph>In this group the following term is used with the meaning indicated: <subnote type="bullet"><note-paragraph>&quot;traffic&quot; includes traffic on the ground and in the air.</note-paragraph></subnote></note-paragraph><note-paragraph>Attention is drawn to the following places which might be interesting for search:<subnote type="bullet"><note-paragraph>mechanical aspects of equipment for fitting in or to aircraft <class-ref scheme="cpc">B64D</class-ref></note-paragraph><note-paragraph>combined instruments indicating more than one navigational value <class-ref scheme="cpc">G01C23/00</class-ref></note-paragraph></subnote></note-paragraph></note></notes-and-warnings>
<classification-item breakdown-code="false" not-allocatable="false" level="8" additional-only="false" sort-key="G08G5/0004" definition-exists="true" ipc-concordant="G08G5/00" c-set-base-allowed="false" c-set-subsequent-allowed="true" date-revised="2013-01-01" status="published"><classification-symbol>G08G5/0004</classification-symbol><class-title date-revised="2013-01-01"><title-part><CPC-specific-text><text>Transmission of traffic-related information to or from an aircraft </text><reference><text>airborne radio transmission systems in general <class-ref scheme="cpc">H04B7/185</class-ref>; airborne wireless networks <class-ref scheme="cpc">H04W84/06</class-ref></text></reference></CPC-specific-text></title-part></class-title>
<classification-item breakdown-code="false" not-allocatable="false" level="9" additional-only="false" sort-key="G08G5/0008" definition-exists="false" ipc-concordant="G08G5/00" c-set-base-allowed="false" c-set-subsequent-allowed="true" date-revised="2013-01-01" status="published"><classification-symbol>G08G5/0008</classification-symbol><class-title date-revised="2013-01-01"><title-part><CPC-specific-text><text>with other aircraft</text></CPC-specific-text></title-part></class-title></classification-item>
<classification-item breakdown-code="false" not-allocatable="false" level="9" additional-only="false" sort-key="G08G5/0013" definition-exists="false" ipc-concordant="G08G5/00" c-set-base-allowed="false" c-set-subsequent-allowed="true" date-revised="2013-01-01" status="published"><classification-symbol>G08G5/0013</classification-symbol><class-title date-revised="2013-01-01"><title-part><CPC-specific-text><text>with a ground station</text></CPC-specific-text></title-part></class-title></classification-item></classification-item>
<classification-item breakdown-code="false" not-allocatable="false" level="8" additional-only="false" sort-key="G08G5/0017" definition-exists="true" ipc-concordant="G08G5/00" c-set-base-allowed="false" c-set-subsequent-allowed="true" date-revised="2013-01-01" status="published"><classification-symbol>G08G5/0017</classification-symbol><class-title date-revised="2013-01-01"><title-part><CPC-specific-text><text>Arrangements for implementing traffic-related aircraft activities, e.g. arrangements for generating, displaying, acquiring or managing traffic information </text><reference><text>head-up displays <class-ref scheme="cpc">G02B27/01</class-ref>; ground or aircraft-carrier-deck-installations <class-ref scheme="cpc">B64F</class-ref></text></reference></CPC-specific-text></title-part></class-title>
<classification-item breakdown-code="false" not-allocatable="false" level="9" additional-only="false" sort-key="G08G5/0021" definition-exists="false" ipc-concordant="G08G5/00" c-set-base-allowed="false" c-set-subsequent-allowed="true" date-revised="2013-01-01" status="published"><classification-symbol>G08G5/0021</classification-symbol><class-title date-revised="2013-01-01"><title-part><CPC-specific-text><text>located in the aircraft</text></CPC-specific-text></title-part></class-title></classification-item>
<classification-item breakdown-code="false" not-allocatable="false" level="9" additional-only="false" sort-key="G08G5/0026" definition-exists="false" ipc-concordant="G08G5/00" c-set-base-allowed="false" c-set-subsequent-allowed="true" date-revised="2013-01-01" status="published"><classification-symbol>G08G5/0026</classification-symbol><class-title date-revised="2013-01-01"><title-part><CPC-specific-text><text>located on the ground</text></CPC-specific-text></title-part></class-title></classification-item></classification-item>
<classification-item breakdown-code="false" not-allocatable="false" level="8" additional-only="false" sort-key="G08G5/003" definition-exists="false" ipc-concordant="G08G5/00" c-set-base-allowed="false" c-set-subsequent-allowed="true" date-revised="2013-01-01" status="published"><classification-symbol>G08G5/003</classification-symbol><class-title date-revised="2013-01-01"><title-part><CPC-specific-text><text>Flight plan management</text></CPC-specific-text></title-part></class-title>
<classification-item breakdown-code="false" not-allocatable="false" level="9" additional-only="false" sort-key="G08G5/0034" definition-exists="false" ipc-concordant="G08G5/00" c-set-base-allowed="false" c-set-subsequent-allowed="true" date-revised="2013-01-01" status="published"><classification-symbol>G08G5/0034</classification-symbol><class-title date-revised="2013-01-01"><title-part><CPC-specific-text><text>Assembly of a flight plan</text></CPC-specific-text></title-part></class-title></classification-item>
<classification-item breakdown-code="false" not-allocatable="false" level="9" additional-only="false" sort-key="G08G5/0039" definition-exists="false" ipc-concordant="G08G5/00" c-set-base-allowed="false" c-set-subsequent-allowed="true" date-revised="2013-01-01" status="published"><classification-symbol>G08G5/0039</classification-symbol><class-title date-revised="2013-01-01"><title-part><CPC-specific-text><text>Modification of a flight plan</text></CPC-specific-text></title-part></class-title></classification-item></classification-item>
<classification-item breakdown-code="false" not-allocatable="false" level="8" additional-only="false" sort-key="G08G5/0043" definition-exists="true" ipc-concordant="G08G5/00" c-set-base-allowed="false" c-set-subsequent-allowed="true" date-revised="2013-01-01" status="published"><classification-symbol>G08G5/0043</classification-symbol><class-title date-revised="2013-01-01"><title-part><CPC-specific-text><text>Traffic management of multiple aircrafts from the ground </text><reference><text><class-ref scheme="cpc">G08G5/003</class-ref> takes precedence; data processing specially designed for resource management, e.g. scheduling or allocating time, human or machine resources <class-ref scheme="cpc">G06Q10/06</class-ref></text></reference></CPC-specific-text></title-part></class-title></classification-item>
<classification-item breakdown-code="false" not-allocatable="false" level="8" additional-only="false" sort-key="G08G5/0047" definition-exists="true" ipc-concordant="G08G5/00" c-set-base-allowed="false" c-set-subsequent-allowed="true" date-revised="2013-01-01" status="published"><classification-symbol>G08G5/0047</classification-symbol><class-title date-revised="2013-01-01"><title-part><CPC-specific-text><text>Navigation or guidance aids for a single aircraft </text><reference><text>details of equipment <class-ref scheme="cpc">G08G5/0017</class-ref></text></reference></CPC-specific-text></title-part></class-title>
<classification-item breakdown-code="false" not-allocatable="false" level="9" additional-only="false" sort-key="G08G5/0052" definition-exists="true" ipc-concordant="G08G5/00" c-set-base-allowed="false" c-set-subsequent-allowed="true" date-revised="2013-01-01" status="published"><classification-symbol>G08G5/0052</classification-symbol><class-title date-revised="2013-01-01"><title-part><CPC-specific-text><text>for cruising </text><reference><text>combined instruments indicating more than one navigational value <class-ref scheme="cpc">G01C23/00</class-ref></text></reference></CPC-specific-text></title-part></class-title></classification-item>
<classification-item breakdown-code="false" not-allocatable="false" level="9" additional-only="false" sort-key="G08G5/0056" definition-exists="false" ipc-concordant="G08G5/00" c-set-base-allowed="false" c-set-subsequent-allowed="true" date-revised="2013-01-01" status="published"><classification-symbol>G08G5/0056</classification-symbol><class-title date-revised="2013-01-01"><title-part><CPC-specific-text><text>in an emergency situation, e.g. hijacking</text></CPC-specific-text></title-part></class-title></classification-item>
<classification-item breakdown-code="false" not-allocatable="false" level="9" additional-only="false" sort-key="G08G5/006" definition-exists="false" ipc-concordant="G08G5/00" c-set-base-allowed="false" c-set-subsequent-allowed="true" date-revised="2013-01-01" status="published"><classification-symbol>G08G5/006</classification-symbol><class-title date-revised="2013-01-01"><title-part><CPC-specific-text><text>in accordance with predefined flight zones, e.g. to avoid prohibited zones</text></CPC-specific-text></title-part></class-title></classification-item>
<classification-item breakdown-code="false" not-allocatable="false" level="9" additional-only="false" sort-key="G08G5/0065" definition-exists="false" ipc-concordant="G08G5/00" c-set-base-allowed="false" c-set-subsequent-allowed="true" date-revised="2013-01-01" status="published"><classification-symbol>G08G5/0065</classification-symbol><class-title date-revised="2013-01-01"><title-part><CPC-specific-text><text>for taking-off</text></CPC-specific-text></title-part></class-title></classification-item>
<classification-item breakdown-code="false" not-allocatable="false" level="9" additional-only="false" sort-key="G08G5/0069" definition-exists="false" ipc-concordant="G08G5/00" c-set-base-allowed="false" c-set-subsequent-allowed="true" date-revised="2013-01-01" status="published"><classification-symbol>G08G5/0069</classification-symbol><class-title date-revised="2013-01-01"><title-part><CPC-specific-text><text>specially adapted for an unmanned aircraft</text></CPC-specific-text></title-part></class-title></classification-item></classification-item>
<classification-item breakdown-code="false" not-allocatable="false" level="8" additional-only="false" sort-key="G08G5/0073" definition-exists="true" ipc-concordant="G08G5/00" c-set-base-allowed="false" c-set-subsequent-allowed="true" date-revised="2022-01-01" status="published"><classification-symbol>G08G5/0073</classification-symbol><class-title date-revised="2022-01-01"><title-part><CPC-specific-text><text>Surveillance aids </text><reference><text>scene image recognition <class-ref scheme="cpc">G06V20/00</class-ref></text></reference></CPC-specific-text></title-part></class-title>
<classification-item breakdown-code="false" not-allocatable="false" level="9" additional-only="false" sort-key="G08G5/0078" definition-exists="true" ipc-concordant="G08G5/00" c-set-base-allowed="false" c-set-subsequent-allowed="true" date-revised="2013-01-01" status="published"><classification-symbol>G08G5/0078</classification-symbol><class-title date-revised="2013-01-01"><title-part><CPC-specific-text><text>for monitoring traffic from the aircraft </text><reference><text>radar or analogous systems specially adapted for traffic control <class-ref scheme="cpc">G01S13/91</class-ref></text></reference></CPC-specific-text></title-part></class-title></classification-item>
<classification-item breakdown-code="false" not-allocatable="false" level="9" additional-only="false" sort-key="G08G5/0082" definition-exists="true" ipc-concordant="G08G5/00" c-set-base-allowed="false" c-set-subsequent-allowed="true" date-revised="2013-01-01" status="published"><classification-symbol>G08G5/0082</classification-symbol><class-title date-revised="2013-01-01"><title-part><CPC-specific-text><text>for monitoring traffic from a ground station </text><reference><text>radar or analogous systems specially adapted for traffic control <class-ref scheme="cpc">G01S13/91</class-ref></text></reference></CPC-specific-text></title-part></class-title></classification-item>
<classification-item breakdown-code="false" not-allocatable="false" level="9" additional-only="false" sort-key="G08G5/0086" definition-exists="true" ipc-concordant="G08G5/00" c-set-base-allowed="false" c-set-subsequent-allowed="true" date-revised="2020-01-01" status="published"><classification-symbol>G08G5/0086</classification-symbol><class-title date-revised="2020-01-01"><title-part><CPC-specific-text><text>for monitoring terrain </text><reference><text>radar or analogous systems specially adapted for terrain avoidance <class-ref scheme="cpc">G01S13/935</class-ref></text></reference></CPC-specific-text></title-part></class-title></classification-item>
<classification-item breakdown-code="false" not-allocatable="false" level="9" additional-only="false" sort-key="G08G5/0091" definition-exists="true" ipc-concordant="G08G5/00" c-set-base-allowed="false" c-set-subsequent-allowed="true" date-revised="2013-01-01" status="published"><classification-symbol>G08G5/0091</classification-symbol><class-title date-revised="2013-01-01"><title-part><CPC-specific-text><text>for monitoring atmospheric conditions </text><reference><text>radar or analogous systems specially adapted for meteorological use <class-ref scheme="cpc">G01S13/95</class-ref>; meteorology <class-ref scheme="cpc">G01W</class-ref></text></reference></CPC-specific-text></title-part></class-title></classification-item></classification-item>
<classification-item breakdown-code="false" not-allocatable="false" level="8" additional-only="false" sort-key="G08G5/0095" definition-exists="false" ipc-concordant="G08G5/00" c-set-base-allowed="false" c-set-subsequent-allowed="true" date-revised="2013-01-01" status="published"><classification-symbol>G08G5/0095</classification-symbol><class-title date-revised="2013-01-01"><title-part><CPC-specific-text><text>Aspects of air-traffic control not provided for in the other subgroups of this main group</text></CPC-specific-text></title-part></class-title></classification-item>
<classification-item breakdown-code="false" not-allocatable="false" level="8" additional-only="false" sort-key="G08G5/02" definition-exists="true" ipc-concordant="G08G5/02" c-set-base-allowed="false" c-set-subsequent-allowed="true" date-revised="2013-01-01" status="published"><classification-symbol>G08G5/02</classification-symbol><class-title date-revised="2013-01-01"><title-part><text>Automatic </text><CPC-specific-text><text>approach or</text></CPC-specific-text><text> landing aids, i.e. systems in which flight data of incoming planes are processed to provide landing data </text><reference><text>landing aids fitted in or to aircraft <class-ref scheme="cpc">B64D45/04</class-ref>; visual or acoustic landing aids <class-ref scheme="cpc">B64F1/18</class-ref></text></reference></title-part></class-title>
<classification-item breakdown-code="false" not-allocatable="false" level="9" additional-only="false" sort-key="G08G5/025" definition-exists="true" ipc-concordant="G08G5/02" c-set-base-allowed="false" c-set-subsequent-allowed="true" date-revised="2013-01-01" status="published"><classification-symbol>G08G5/025</classification-symbol><class-title date-revised="2013-01-01"><title-part><CPC-specific-text><text>Navigation or guidance aids </text><reference><text>radar or analogous systems specially adapted for landing purposes <class-ref scheme="cpc">G01S13/913</class-ref></text></reference></CPC-specific-text></title-part></class-title></classification-item></classification-item>
<classification-item breakdown-code="false" not-allocatable="false" level="8" additional-only="false" sort-key="G08G5/04" definition-exists="true" ipc-concordant="G08G5/04" c-set-base-allowed="false" c-set-subsequent-allowed="true" date-revised="2013-01-01" status="published"><classification-symbol>G08G5/04</classification-symbol><class-title date-revised="2013-01-01"><title-part><text>Anti-collision systems</text></title-part></class-title>
<classification-item breakdown-code="false" not-allocatable="false" level="9" additional-only="false" sort-key="G08G5/045" definition-exists="true" ipc-concordant="G08G5/04" c-set-base-allowed="false" c-set-subsequent-allowed="true" date-revised="2020-01-01" status="published"><classification-symbol>G08G5/045</classification-symbol><class-title date-revised="2020-01-01"><title-part><CPC-specific-text><text>Navigation or guidance aids, e.g. determination of anti-collision manoeuvers </text><reference><text>radar or analogous systems specially adapted for anti-collision between aircraft <class-ref scheme="cpc">G01S13/933</class-ref></text></reference></CPC-specific-text></title-part></class-title></classification-item></classification-item>
<classification-item breakdown-code="false" not-allocatable="false" level="8" additional-only="false" sort-key="G08G5/06" definition-exists="true" ipc-concordant="G08G5/06" c-set-base-allowed="false" c-set-subsequent-allowed="true" date-revised="2013-01-01" status="published"><classification-symbol>G08G5/06</classification-symbol><class-title date-revised="2013-01-01"><title-part><text>for control when on the ground</text></title-part></class-title>
<classification-item breakdown-code="false" not-allocatable="false" level="9" additional-only="false" sort-key="G08G5/065" definition-exists="false" ipc-concordant="G08G5/06" c-set-base-allowed="false" c-set-subsequent-allowed="true" date-revised="2013-01-01" status="published"><classification-symbol>G08G5/065</classification-symbol><class-title date-revised="2013-01-01"><title-part><CPC-specific-text><text>Navigation or guidance aids, e.g. for taxiing or rolling</text></CPC-specific-text></title-part></class-title></classification-item></classification-item></classification-item>
<classification-item breakdown-code="false" not-allocatable="false" level="7" additional-only="false" sort-key="G08G7/00" definition-exists="false" ipc-concordant="G08G7/00" c-set-base-allowed="false" c-set-subsequent-allowed="true" date-revised="2013-01-01" status="published"><classification-symbol>G08G7/00</classification-symbol><class-title date-revised="2013-01-01"><title-part><text>Traffic control systems for simultaneous control of two or more different kinds of craft</text></title-part></class-title>
<classification-item breakdown-code="false" not-allocatable="false" level="8" additional-only="false" sort-key="G08G7/02" definition-exists="false" ipc-concordant="G08G7/02" c-set-base-allowed="false" c-set-subsequent-allowed="true" date-revised="2013-01-01" status="published"><classification-symbol>G08G7/02</classification-symbol><class-title date-revised="2013-01-01"><title-part><text>Anti-collision systems</text></title-part></class-title></classification-item></classification-item>
<classification-item breakdown-code="false" not-allocatable="false" level="7" additional-only="false" sort-key="G08G9/00" definition-exists="false" ipc-concordant="G08G9/00" c-set-base-allowed="false" c-set-subsequent-allowed="true" date-revised="2013-01-01" status="published"><classification-symbol>G08G9/00</classification-symbol><class-title date-revised="2013-01-01"><title-part><text>Traffic control systems for craft where the kind of craft is irrelevant or unspecified</text></title-part></class-title>
<classification-item breakdown-code="false" not-allocatable="false" level="8" additional-only="false" sort-key="G08G9/02" definition-exists="false" ipc-concordant="G08G9/02" c-set-base-allowed="false" c-set-subsequent-allowed="true" date-revised="2013-01-01" status="published"><classification-symbol>G08G9/02</classification-symbol><class-title date-revised="2013-01-01"><title-part><text>Anti-collision systems</text></title-part></class-title></classification-item></classification-item>
<classification-item breakdown-code="false" not-allocatable="false" level="7" additional-only="false" sort-key="G08G99/00" definition-exists="false" ipc-concordant="G08G99/00" c-set-base-allowed="false" c-set-subsequent-allowed="true" date-revised="2013-01-01" status="published"><classification-symbol>G08G99/00</classification-symbol><class-title date-revised="2013-01-01"><title-part><text>Subject matter not provided for in other groups of this subclass</text></title-part></class-title></classification-item></classification-item></classification-item></class-scheme>