<?xml version="1.0" encoding="UTF-8"?>
<class-scheme publication-date="2022-08-01" scheme-type="cpc" publication-type="official">
<classification-item breakdown-code="false" not-allocatable="true" level="5" additional-only="false" sort-key="F02N" definition-exists="true" date-revised="2021-01-01" status="published"><classification-symbol>F02N</classification-symbol><class-title date-revised="2021-01-01"><title-part><text>STARTING OF COMBUSTION ENGINES</text></title-part><title-part><text>STARTING AIDS FOR SUCH ENGINES, NOT OTHERWISE PROVIDED FOR</text></title-part></class-title><notes-and-warnings date-revised="2013-01-01"><note type="note"><note-paragraph>Attention is drawn to the notes preceding class <class-ref scheme="cpc">F01</class-ref>.</note-paragraph><note-paragraph>The starting of engines which are not explicitly stated to be combustion engines will be classified in this subclass insofar as their starting is equivalent to that of combustion engines.</note-paragraph></note></notes-and-warnings>
<classification-item breakdown-code="false" not-allocatable="true" level="6" additional-only="false" sort-key="F02N1/00" date-revised="2013-01-01" status="published"><classification-symbol>F02N1/00</classification-symbol><class-title date-revised="2013-01-01"><title-part><text>Muscle-operated starting apparatus</text></title-part></class-title>
<classification-item breakdown-code="false" not-allocatable="false" level="7" additional-only="false" sort-key="F02N1/00" definition-exists="true" ipc-concordant="F02N1/00" c-set-base-allowed="false" c-set-subsequent-allowed="true" date-revised="2013-01-01" status="published"><classification-symbol>F02N1/00</classification-symbol><class-title date-revised="2013-01-01"><title-part><text>Starting apparatus having hand cranks </text><reference><text>with intermediate power storage <class-ref scheme="cpc">F02N5/00</class-ref> - <class-ref scheme="cpc">F02N15/00</class-ref></text></reference></title-part></class-title>
<classification-item breakdown-code="false" not-allocatable="false" level="8" additional-only="false" sort-key="F02N1/005" definition-exists="false" ipc-concordant="F02N1/00" c-set-base-allowed="false" c-set-subsequent-allowed="true" date-revised="2013-01-01" status="published"><classification-symbol>F02N1/005</classification-symbol><class-title date-revised="2013-01-01"><title-part><CPC-specific-text><text>Safety means </text><reference><text><class-ref scheme="cpc">F02N1/02</class-ref> takes precedence</text></reference></CPC-specific-text></title-part></class-title></classification-item>
<classification-item breakdown-code="false" not-allocatable="false" level="8" additional-only="false" sort-key="F02N1/02" definition-exists="false" ipc-concordant="F02N1/02" c-set-base-allowed="false" c-set-subsequent-allowed="true" date-revised="2013-01-01" status="published"><classification-symbol>F02N1/02</classification-symbol><class-title date-revised="2013-01-01"><title-part><text>having safety means preventing damage caused by reverse rotation</text></title-part></class-title></classification-item></classification-item>
<classification-item breakdown-code="false" not-allocatable="false" level="7" additional-only="false" sort-key="F02N3/00" definition-exists="true" ipc-concordant="F02N3/00" c-set-base-allowed="false" c-set-subsequent-allowed="true" date-revised="2013-01-01" status="published"><classification-symbol>F02N3/00</classification-symbol><class-title date-revised="2013-01-01"><title-part><text>Other muscle-operated starting apparatus </text><reference><text>with intermediate power storage <class-ref scheme="cpc">F02N5/00</class-ref> - <class-ref scheme="cpc">F02N15/00</class-ref></text></reference></title-part></class-title>
<classification-item breakdown-code="false" not-allocatable="false" level="8" additional-only="false" sort-key="F02N3/02" definition-exists="true" ipc-concordant="F02N3/02" c-set-base-allowed="false" c-set-subsequent-allowed="true" date-revised="2013-01-01" status="published"><classification-symbol>F02N3/02</classification-symbol><class-title date-revised="2013-01-01"><title-part><text>having pull-cords</text></title-part></class-title></classification-item>
<classification-item breakdown-code="false" not-allocatable="false" level="8" additional-only="false" sort-key="F02N3/04" definition-exists="true" ipc-concordant="F02N3/04" c-set-base-allowed="false" c-set-subsequent-allowed="true" date-revised="2013-01-01" status="published"><classification-symbol>F02N3/04</classification-symbol><class-title date-revised="2013-01-01"><title-part><text>having foot-actuated levers</text></title-part></class-title></classification-item></classification-item></classification-item>
<classification-item breakdown-code="false" not-allocatable="true" level="6" additional-only="false" sort-key="F02N5/00" date-revised="2013-01-01" status="published"><classification-symbol>F02N5/00</classification-symbol><class-title date-revised="2013-01-01"><title-part><text>Power-operated starting apparatus</text></title-part><title-part><text>Muscle-operated starting apparatus with intermediate power storage</text></title-part></class-title>
<classification-item breakdown-code="false" not-allocatable="false" level="7" additional-only="false" sort-key="F02N5/00" definition-exists="true" ipc-concordant="F02N5/00" c-set-base-allowed="false" c-set-subsequent-allowed="true" date-revised="2013-01-01" status="published"><classification-symbol>F02N5/00</classification-symbol><class-title date-revised="2013-01-01"><title-part><text>Starting apparatus having mechanical power storage</text></title-part></class-title>
<classification-item breakdown-code="false" not-allocatable="false" level="8" additional-only="false" sort-key="F02N5/02" definition-exists="true" ipc-concordant="F02N5/02" c-set-base-allowed="false" c-set-subsequent-allowed="true" date-revised="2013-01-01" status="published"><classification-symbol>F02N5/02</classification-symbol><class-title date-revised="2013-01-01"><title-part><text>of spring type</text></title-part></class-title></classification-item>
<classification-item breakdown-code="false" not-allocatable="false" level="8" additional-only="false" sort-key="F02N5/04" definition-exists="true" ipc-concordant="F02N5/04" c-set-base-allowed="false" c-set-subsequent-allowed="true" date-revised="2013-01-01" status="published"><classification-symbol>F02N5/04</classification-symbol><class-title date-revised="2013-01-01"><title-part><text>of inertia type</text></title-part></class-title></classification-item></classification-item>
<classification-item breakdown-code="false" not-allocatable="false" level="7" additional-only="false" sort-key="F02N7/00" definition-exists="true" ipc-concordant="F02N7/00" c-set-base-allowed="false" c-set-subsequent-allowed="true" date-revised="2013-01-01" status="published"><classification-symbol>F02N7/00</classification-symbol><class-title date-revised="2013-01-01"><title-part><text>Starting apparatus having fluid-driven auxiliary engines or apparatus</text></title-part></class-title>
<classification-item breakdown-code="false" not-allocatable="false" level="8" additional-only="false" sort-key="F02N7/02" definition-exists="false" ipc-concordant="F02N7/02" c-set-base-allowed="false" c-set-subsequent-allowed="true" date-revised="2013-01-01" status="published"><classification-symbol>F02N7/02</classification-symbol><class-title date-revised="2013-01-01"><title-part><text>the apparatus being of single-stroke piston type, e.g. pistons acting on racks or pull-cords</text></title-part></class-title>
<classification-item breakdown-code="false" not-allocatable="false" level="9" additional-only="false" sort-key="F02N7/04" definition-exists="false" ipc-concordant="F02N7/04" c-set-base-allowed="false" c-set-subsequent-allowed="true" date-revised="2013-01-01" status="published"><classification-symbol>F02N7/04</classification-symbol><class-title date-revised="2013-01-01"><title-part><text>the pistons acting on screw-threaded members to effect rotation</text></title-part></class-title></classification-item></classification-item>
<classification-item breakdown-code="false" not-allocatable="false" level="8" additional-only="false" sort-key="F02N7/06" definition-exists="false" ipc-concordant="F02N7/06" c-set-base-allowed="false" c-set-subsequent-allowed="true" date-revised="2013-01-01" status="published"><classification-symbol>F02N7/06</classification-symbol><class-title date-revised="2013-01-01"><title-part><text>the engines being of reciprocating-piston type </text><reference><text>of internal-combustion type <class-ref scheme="cpc">F02N7/10</class-ref></text></reference></title-part></class-title></classification-item>
<classification-item breakdown-code="false" not-allocatable="false" level="8" additional-only="false" sort-key="F02N7/08" definition-exists="false" ipc-concordant="F02N7/08" c-set-base-allowed="false" c-set-subsequent-allowed="true" date-revised="2013-01-01" status="published"><classification-symbol>F02N7/08</classification-symbol><class-title date-revised="2013-01-01"><title-part><text>the engines being of rotary type</text></title-part></class-title></classification-item>
<classification-item breakdown-code="false" not-allocatable="false" level="8" additional-only="false" sort-key="F02N7/10" definition-exists="false" ipc-concordant="F02N7/10" c-set-base-allowed="false" c-set-subsequent-allowed="true" date-revised="2013-01-01" status="published"><classification-symbol>F02N7/10</classification-symbol><class-title date-revised="2013-01-01"><title-part><text>characterised by using auxiliary engines or apparatus of combustion type </text><reference><text>by using explosive cartridges <class-ref scheme="cpc">F02N13/00</class-ref></text></reference></title-part></class-title>
<classification-item breakdown-code="false" not-allocatable="false" level="9" additional-only="false" sort-key="F02N7/12" definition-exists="false" ipc-concordant="F02N7/12" c-set-base-allowed="false" c-set-subsequent-allowed="true" date-revised="2013-01-01" status="published"><classification-symbol>F02N7/12</classification-symbol><class-title date-revised="2013-01-01"><title-part><text>the engines being of rotary type, e.g. turbines </text><reference><text><class-ref scheme="cpc">F02N7/14</class-ref> takes precedence</text></reference></title-part></class-title></classification-item>
<classification-item breakdown-code="false" not-allocatable="false" level="9" additional-only="false" sort-key="F02N7/14" definition-exists="false" ipc-concordant="F02N7/14" c-set-base-allowed="false" c-set-subsequent-allowed="true" date-revised="2013-01-01" status="published"><classification-symbol>F02N7/14</classification-symbol><class-title date-revised="2013-01-01"><title-part><text>the starting engines being readily removable from main engines, e.g. of portable type</text></title-part></class-title></classification-item></classification-item></classification-item>
<classification-item breakdown-code="false" not-allocatable="false" level="7" additional-only="false" sort-key="F02N9/00" definition-exists="true" ipc-concordant="F02N9/00" c-set-base-allowed="false" c-set-subsequent-allowed="true" date-revised="2013-01-01" status="published"><classification-symbol>F02N9/00</classification-symbol><class-title date-revised="2013-01-01"><title-part><text>Starting of engines by supplying auxiliary pressure fluid to their working chambers</text></title-part></class-title>
<classification-item breakdown-code="false" not-allocatable="false" level="8" additional-only="false" sort-key="F02N9/02" definition-exists="false" ipc-concordant="F02N9/02" c-set-base-allowed="false" c-set-subsequent-allowed="true" date-revised="2013-01-01" status="published"><classification-symbol>F02N9/02</classification-symbol><class-title date-revised="2013-01-01"><title-part><text>the pressure fluid being generated directly by combustion </text><reference><text>by using explosive cartridges <class-ref scheme="cpc">F02N13/00</class-ref></text></reference></title-part></class-title></classification-item>
<classification-item breakdown-code="false" not-allocatable="false" level="8" additional-only="false" sort-key="F02N9/04" definition-exists="false" ipc-concordant="F02N9/04" c-set-base-allowed="false" c-set-subsequent-allowed="true" date-revised="2013-01-01" status="published"><classification-symbol>F02N9/04</classification-symbol><class-title date-revised="2013-01-01"><title-part><text>the pressure fluid being generated otherwise, e.g. by compressing air</text></title-part></class-title></classification-item></classification-item>
<classification-item breakdown-code="false" not-allocatable="false" level="7" additional-only="false" sort-key="F02N11/00" definition-exists="true" ipc-concordant="F02N11/00" c-set-base-allowed="false" c-set-subsequent-allowed="true" date-revised="2021-01-01" status="published"><classification-symbol>F02N11/00</classification-symbol><class-title date-revised="2021-01-01"><title-part><text>Starting of engines by means of electric motors</text></title-part></class-title>
<classification-item breakdown-code="false" not-allocatable="false" level="8" additional-only="false" sort-key="F02N11/003" definition-exists="false" ipc-concordant="F02N11/00" c-set-base-allowed="false" c-set-subsequent-allowed="true" date-revised="2013-01-01" status="published"><classification-symbol>F02N11/003</classification-symbol><class-title date-revised="2013-01-01"><title-part><CPC-specific-text><text>said electric motor being also used as a drive for auxiliaries, e.g. for driving transmission pumps or fuel pumps during engine stop</text></CPC-specific-text></title-part></class-title></classification-item>
<classification-item breakdown-code="false" not-allocatable="false" level="8" additional-only="false" sort-key="F02N11/006" definition-exists="false" ipc-concordant="F02N11/00" c-set-base-allowed="false" c-set-subsequent-allowed="true" date-revised="2013-01-01" status="published"><classification-symbol>F02N11/006</classification-symbol><class-title date-revised="2013-01-01"><title-part><CPC-specific-text><text>using a plurality of electric motors</text></CPC-specific-text></title-part></class-title></classification-item>
<classification-item breakdown-code="false" not-allocatable="false" level="8" additional-only="false" sort-key="F02N11/02" definition-exists="false" ipc-concordant="F02N11/02" c-set-base-allowed="false" c-set-subsequent-allowed="true" date-revised="2013-01-01" status="published"><classification-symbol>F02N11/02</classification-symbol><class-title date-revised="2013-01-01"><title-part><text>the motors having longitudinally-shiftable rotors</text></title-part></class-title></classification-item>
<classification-item breakdown-code="false" not-allocatable="false" level="8" additional-only="false" sort-key="F02N11/04" definition-exists="true" ipc-concordant="F02N11/04" c-set-base-allowed="false" c-set-subsequent-allowed="true" date-revised="2013-01-01" status="published"><classification-symbol>F02N11/04</classification-symbol><class-title date-revised="2013-01-01"><title-part><text>the motors being associated with current generators</text></title-part></class-title>
<classification-item breakdown-code="false" not-allocatable="false" level="9" additional-only="false" sort-key="F02N11/06" definition-exists="true" ipc-concordant="F02N11/06" c-set-base-allowed="false" c-set-subsequent-allowed="true" date-revised="2013-01-01" status="published"><classification-symbol>F02N11/06</classification-symbol><class-title date-revised="2013-01-01"><title-part><text>and with ignition apparatus</text></title-part></class-title></classification-item></classification-item>
<classification-item breakdown-code="false" not-allocatable="false" level="8" additional-only="false" sort-key="F02N11/08" definition-exists="true" ipc-concordant="F02N11/08" c-set-base-allowed="false" c-set-subsequent-allowed="true" date-revised="2013-01-01" status="published"><classification-symbol>F02N11/08</classification-symbol><class-title date-revised="2013-01-01"><title-part><text>Circuits </text><CPC-specific-text><text>or control means</text></CPC-specific-text><text> specially adapted for starting of engines</text></title-part></class-title>
<classification-item breakdown-code="false" not-allocatable="false" level="9" additional-only="false" sort-key="F02N11/0803" definition-exists="true" ipc-concordant="F02N11/08" c-set-base-allowed="false" c-set-subsequent-allowed="true" date-revised="2013-01-01" status="published"><classification-symbol>F02N11/0803</classification-symbol><class-title date-revised="2013-01-01"><title-part><CPC-specific-text><text>characterised by means for initiating engine start or stop </text><reference><text><class-ref scheme="cpc">F02N11/0814</class-ref> takes precedence</text></reference></CPC-specific-text></title-part></class-title>
<classification-item breakdown-code="false" not-allocatable="false" level="10" additional-only="false" sort-key="F02N11/0807" definition-exists="true" ipc-concordant="F02N11/08" c-set-base-allowed="false" c-set-subsequent-allowed="true" date-revised="2013-01-01" status="published"><classification-symbol>F02N11/0807</classification-symbol><class-title date-revised="2013-01-01"><title-part><CPC-specific-text><text>Remote means</text></CPC-specific-text></title-part></class-title></classification-item>
<classification-item breakdown-code="false" not-allocatable="false" level="10" additional-only="false" sort-key="F02N11/0811" definition-exists="false" ipc-concordant="F02N11/08" c-set-base-allowed="false" c-set-subsequent-allowed="true" date-revised="2013-01-01" status="published"><classification-symbol>F02N11/0811</classification-symbol><class-title date-revised="2013-01-01"><title-part><CPC-specific-text><text>using a timer</text></CPC-specific-text></title-part></class-title></classification-item></classification-item>
<classification-item breakdown-code="false" not-allocatable="false" level="9" additional-only="false" sort-key="F02N11/0814" definition-exists="true" ipc-concordant="F02N11/08" c-set-base-allowed="false" c-set-subsequent-allowed="true" date-revised="2013-01-01" status="published"><classification-symbol>F02N11/0814</classification-symbol><class-title date-revised="2013-01-01"><title-part><CPC-specific-text><text>comprising means for controlling automatic idle-start-stop</text></CPC-specific-text></title-part></class-title>
<classification-item breakdown-code="false" not-allocatable="false" level="10" additional-only="false" sort-key="F02N11/0818" definition-exists="false" ipc-concordant="F02N11/08" c-set-base-allowed="false" c-set-subsequent-allowed="true" date-revised="2013-01-01" status="published"><classification-symbol>F02N11/0818</classification-symbol><class-title date-revised="2013-01-01"><title-part><CPC-specific-text><text>Conditions for starting or stopping the engine or for deactivating the idle-start-stop mode</text></CPC-specific-text></title-part></class-title>
<classification-item breakdown-code="false" not-allocatable="false" level="11" additional-only="false" sort-key="F02N11/0822" definition-exists="true" ipc-concordant="F02N11/08" c-set-base-allowed="false" c-set-subsequent-allowed="true" date-revised="2013-01-01" status="published"><classification-symbol>F02N11/0822</classification-symbol><class-title date-revised="2013-01-01"><title-part><CPC-specific-text><text>related to action of the driver</text></CPC-specific-text></title-part></class-title></classification-item>
<classification-item breakdown-code="false" not-allocatable="false" level="11" additional-only="false" sort-key="F02N11/0825" definition-exists="true" ipc-concordant="F02N11/08" c-set-base-allowed="false" c-set-subsequent-allowed="true" date-revised="2013-01-01" status="published"><classification-symbol>F02N11/0825</classification-symbol><class-title date-revised="2013-01-01"><title-part><CPC-specific-text><text>related to prevention of engine restart failure, e.g. disabling automatic stop at low battery state</text></CPC-specific-text></title-part></class-title></classification-item>
<classification-item breakdown-code="false" not-allocatable="false" level="11" additional-only="false" sort-key="F02N11/0829" definition-exists="true" ipc-concordant="F02N11/08" c-set-base-allowed="false" c-set-subsequent-allowed="true" date-revised="2013-01-01" status="published"><classification-symbol>F02N11/0829</classification-symbol><class-title date-revised="2013-01-01"><title-part><CPC-specific-text><text>related to special engine control, e.g. giving priority to engine warming-up or learning</text></CPC-specific-text></title-part></class-title></classification-item>
<classification-item breakdown-code="false" not-allocatable="false" level="11" additional-only="false" sort-key="F02N11/0833" definition-exists="false" ipc-concordant="F02N11/08" c-set-base-allowed="false" c-set-subsequent-allowed="true" date-revised="2013-01-01" status="published"><classification-symbol>F02N11/0833</classification-symbol><class-title date-revised="2013-01-01"><title-part><CPC-specific-text><text>Vehicle conditions </text><reference><text><class-ref scheme="cpc">F02N11/0822</class-ref>, <class-ref scheme="cpc">F02N11/0825</class-ref> take precedence</text></reference></CPC-specific-text></title-part></class-title>
<classification-item breakdown-code="false" not-allocatable="false" level="12" additional-only="false" sort-key="F02N11/0837" definition-exists="false" ipc-concordant="F02N11/08" c-set-base-allowed="false" c-set-subsequent-allowed="true" date-revised="2013-01-01" status="published"><classification-symbol>F02N11/0837</classification-symbol><class-title date-revised="2013-01-01"><title-part><CPC-specific-text><text>Environmental conditions thereof, e.g. traffic, weather or road conditions</text></CPC-specific-text></title-part></class-title></classification-item>
<classification-item breakdown-code="false" not-allocatable="false" level="12" additional-only="false" sort-key="F02N11/084" definition-exists="true" ipc-concordant="F02N11/08" c-set-base-allowed="false" c-set-subsequent-allowed="true" date-revised="2013-01-01" status="published"><classification-symbol>F02N11/084</classification-symbol><class-title date-revised="2013-01-01"><title-part><CPC-specific-text><text>State of vehicle accessories, e.g. air condition or power steering</text></CPC-specific-text></title-part></class-title></classification-item></classification-item></classification-item>
<classification-item breakdown-code="false" not-allocatable="false" level="10" additional-only="false" sort-key="F02N11/0844" definition-exists="true" ipc-concordant="F02N11/08" c-set-base-allowed="false" c-set-subsequent-allowed="true" date-revised="2013-01-01" status="published"><classification-symbol>F02N11/0844</classification-symbol><class-title date-revised="2013-01-01"><title-part><CPC-specific-text><text>with means for restarting the engine directly after an engine stop request, e.g. caused by change of driver mind</text></CPC-specific-text></title-part></class-title></classification-item></classification-item>
<classification-item breakdown-code="false" not-allocatable="false" level="9" additional-only="false" sort-key="F02N11/0848" definition-exists="true" ipc-concordant="F02N11/08" c-set-base-allowed="false" c-set-subsequent-allowed="true" date-revised="2013-01-01" status="published"><classification-symbol>F02N11/0848</classification-symbol><class-title date-revised="2013-01-01"><title-part><CPC-specific-text><text>with means for detecting successful engine start, e.g. to stop starter actuation</text></CPC-specific-text></title-part></class-title></classification-item>
<classification-item breakdown-code="false" not-allocatable="false" level="9" additional-only="false" sort-key="F02N11/0851" definition-exists="true" ipc-concordant="F02N11/08" c-set-base-allowed="false" c-set-subsequent-allowed="true" date-revised="2013-01-01" status="published"><classification-symbol>F02N11/0851</classification-symbol><class-title date-revised="2013-01-01"><title-part><CPC-specific-text><text>characterised by means for controlling the engagement or disengagement between engine and starter, e.g. meshing of pinion and engine gear</text></CPC-specific-text></title-part></class-title>
<classification-item breakdown-code="false" not-allocatable="false" level="10" additional-only="false" sort-key="F02N11/0855" definition-exists="true" ipc-concordant="F02N11/08" c-set-base-allowed="false" c-set-subsequent-allowed="true" date-revised="2013-01-01" status="published"><classification-symbol>F02N11/0855</classification-symbol><class-title date-revised="2013-01-01"><title-part><CPC-specific-text><text>during engine shutdown or after engine stop before start command, e.g. pre-engagement of pinion</text></CPC-specific-text></title-part></class-title></classification-item></classification-item>
<classification-item breakdown-code="false" not-allocatable="false" level="9" additional-only="false" sort-key="F02N11/0859" definition-exists="true" ipc-concordant="F02N11/08" c-set-base-allowed="false" c-set-subsequent-allowed="true" date-revised="2013-01-01" status="published"><classification-symbol>F02N11/0859</classification-symbol><class-title date-revised="2013-01-01"><title-part><CPC-specific-text><text>specially adapted to the type of the starter motor or integrated into it</text></CPC-specific-text></title-part></class-title></classification-item>
<classification-item breakdown-code="false" not-allocatable="false" level="9" additional-only="false" sort-key="F02N11/0862" definition-exists="true" ipc-concordant="F02N11/08" c-set-base-allowed="false" c-set-subsequent-allowed="true" date-revised="2013-01-01" status="published"><classification-symbol>F02N11/0862</classification-symbol><class-title date-revised="2013-01-01"><title-part><CPC-specific-text><text>characterised by the electrical power supply means, e.g. battery</text></CPC-specific-text></title-part></class-title>
<classification-item breakdown-code="false" not-allocatable="false" level="10" additional-only="false" sort-key="F02N11/0866" definition-exists="true" ipc-concordant="F02N11/08" c-set-base-allowed="false" c-set-subsequent-allowed="true" date-revised="2013-01-01" status="published"><classification-symbol>F02N11/0866</classification-symbol><class-title date-revised="2013-01-01"><title-part><CPC-specific-text><text>comprising several power sources, e.g. battery and capacitor or two batteries</text></CPC-specific-text></title-part></class-title></classification-item></classification-item>
<classification-item breakdown-code="false" not-allocatable="false" level="9" additional-only="false" sort-key="F02N11/087" definition-exists="false" ipc-concordant="F02N11/08" c-set-base-allowed="false" c-set-subsequent-allowed="true" date-revised="2013-01-01" status="published"><classification-symbol>F02N11/087</classification-symbol><class-title date-revised="2013-01-01"><title-part><CPC-specific-text><text>Details of the switching means in starting circuits, e.g. relays or electronic switches</text></CPC-specific-text></title-part></class-title>
<classification-item breakdown-code="true" not-allocatable="false" level="10" additional-only="true" sort-key="F02N11/0874" definition-exists="false" ipc-concordant="F02N11/08" c-set-base-allowed="false" c-set-subsequent-allowed="true" date-revised="2013-01-01" status="published"><classification-symbol>F02N2011/0874</classification-symbol><class-title date-revised="2013-01-01"><title-part><CPC-specific-text><text>characterised by said switch being an electronic switch</text></CPC-specific-text></title-part></class-title></classification-item>
<classification-item breakdown-code="true" not-allocatable="false" level="10" additional-only="true" sort-key="F02N11/0877" definition-exists="false" ipc-concordant="F02N11/08" c-set-base-allowed="false" c-set-subsequent-allowed="true" date-revised="2013-01-01" status="published"><classification-symbol>F02N2011/0877</classification-symbol><class-title date-revised="2013-01-01"><title-part><CPC-specific-text><text>said switch being used as a series-parallel switch, e.g. to switch circuit elements from series to parallel connection</text></CPC-specific-text></title-part></class-title></classification-item></classification-item>
<classification-item breakdown-code="true" not-allocatable="false" level="9" additional-only="true" sort-key="F02N11/0881" definition-exists="false" ipc-concordant="F02N11/08" c-set-base-allowed="false" c-set-subsequent-allowed="true" date-revised="2013-01-01" status="published"><classification-symbol>F02N2011/0881</classification-symbol><class-title date-revised="2013-01-01"><title-part><CPC-specific-text><text>Components of the circuit not provided for by previous groups</text></CPC-specific-text></title-part></class-title>
<classification-item breakdown-code="true" not-allocatable="false" level="10" additional-only="true" sort-key="F02N11/0885" definition-exists="false" ipc-concordant="F02N11/08" c-set-base-allowed="false" c-set-subsequent-allowed="true" date-revised="2013-01-01" status="published"><classification-symbol>F02N2011/0885</classification-symbol><class-title date-revised="2013-01-01"><title-part><CPC-specific-text><text>Capacitors, e.g. for additional power supply</text></CPC-specific-text></title-part></class-title></classification-item>
<classification-item breakdown-code="true" not-allocatable="false" level="10" additional-only="true" sort-key="F02N11/0888" definition-exists="false" ipc-concordant="F02N11/08" c-set-base-allowed="false" c-set-subsequent-allowed="true" date-revised="2013-01-01" status="published"><classification-symbol>F02N2011/0888</classification-symbol><class-title date-revised="2013-01-01"><title-part><CPC-specific-text><text>DC/DC converters</text></CPC-specific-text></title-part></class-title></classification-item>
<classification-item breakdown-code="true" not-allocatable="false" level="10" additional-only="true" sort-key="F02N11/0892" definition-exists="false" ipc-concordant="F02N11/08" c-set-base-allowed="false" c-set-subsequent-allowed="true" date-revised="2013-01-01" status="published"><classification-symbol>F02N2011/0892</classification-symbol><class-title date-revised="2013-01-01"><title-part><CPC-specific-text><text>Two coils being used in the starting circuit, e.g. in two windings in the starting relay or two field windings in the starter</text></CPC-specific-text></title-part></class-title></classification-item>
<classification-item breakdown-code="true" not-allocatable="false" level="10" additional-only="true" sort-key="F02N11/0896" definition-exists="false" ipc-concordant="F02N11/08" c-set-base-allowed="false" c-set-subsequent-allowed="true" date-revised="2013-01-01" status="published"><classification-symbol>F02N2011/0896</classification-symbol><class-title date-revised="2013-01-01"><title-part><CPC-specific-text><text>Inverters for electric machines, e.g. starter-generators</text></CPC-specific-text></title-part></class-title></classification-item></classification-item></classification-item>
<classification-item breakdown-code="false" not-allocatable="false" level="8" additional-only="false" sort-key="F02N11/10" definition-exists="true" ipc-concordant="F02N11/10" c-set-base-allowed="false" c-set-subsequent-allowed="true" date-revised="2013-01-01" status="published"><classification-symbol>F02N11/10</classification-symbol><class-title date-revised="2013-01-01"><title-part><text>Safety devices </text><reference><text><class-ref scheme="cpc">F02N11/08</class-ref> takes precedence</text></reference></title-part></class-title>
<classification-item breakdown-code="false" not-allocatable="false" level="9" additional-only="false" sort-key="F02N11/101" definition-exists="true" ipc-concordant="F02N11/10" c-set-base-allowed="false" c-set-subsequent-allowed="true" date-revised="2021-01-01" status="published"><classification-symbol>F02N11/101</classification-symbol><class-title date-revised="2021-01-01"><title-part><CPC-specific-text><text>for preventing engine starter actuation or engagement</text></CPC-specific-text></title-part></class-title>
<classification-item breakdown-code="false" not-allocatable="false" level="10" additional-only="false" sort-key="F02N11/103" definition-exists="false" ipc-concordant="F02N11/10" c-set-base-allowed="false" c-set-subsequent-allowed="true" date-revised="2013-01-01" status="published"><classification-symbol>F02N11/103</classification-symbol><class-title date-revised="2013-01-01"><title-part><CPC-specific-text><text>according to the vehicle transmission or clutch status</text></CPC-specific-text></title-part></class-title></classification-item>
<classification-item breakdown-code="false" not-allocatable="false" level="10" additional-only="false" sort-key="F02N11/105" definition-exists="true" ipc-concordant="F02N11/10" c-set-base-allowed="false" c-set-subsequent-allowed="true" date-revised="2013-01-01" status="published"><classification-symbol>F02N11/105</classification-symbol><class-title date-revised="2013-01-01"><title-part><CPC-specific-text><text>when the engine is already running </text><reference><text><class-ref scheme="cpc">F02N11/0848</class-ref> takes precedence</text></reference></CPC-specific-text></title-part></class-title></classification-item></classification-item>
<classification-item breakdown-code="false" not-allocatable="false" level="9" additional-only="false" sort-key="F02N11/106" definition-exists="false" ipc-concordant="F02N11/10" c-set-base-allowed="false" c-set-subsequent-allowed="true" date-revised="2013-01-01" status="published"><classification-symbol>F02N11/106</classification-symbol><class-title date-revised="2013-01-01"><title-part><CPC-specific-text><text>for stopping or interrupting starter actuation</text></CPC-specific-text></title-part></class-title></classification-item>
<classification-item breakdown-code="false" not-allocatable="false" level="9" additional-only="false" sort-key="F02N11/108" definition-exists="false" ipc-concordant="F02N11/10" c-set-base-allowed="false" c-set-subsequent-allowed="true" date-revised="2013-01-01" status="published"><classification-symbol>F02N11/108</classification-symbol><class-title date-revised="2013-01-01"><title-part><CPC-specific-text><text>for diagnosis of the starter or its components</text></CPC-specific-text></title-part></class-title></classification-item></classification-item>
<classification-item breakdown-code="false" not-allocatable="false" level="8" additional-only="false" sort-key="F02N11/12" definition-exists="false" ipc-concordant="F02N11/12" c-set-base-allowed="false" c-set-subsequent-allowed="true" date-revised="2013-01-01" status="published"><classification-symbol>F02N11/12</classification-symbol><class-title date-revised="2013-01-01"><title-part><text>Starting of engines by means of mobile, e.g. portable, starting sets</text></title-part></class-title></classification-item>
<classification-item breakdown-code="false" not-allocatable="false" level="8" additional-only="false" sort-key="F02N11/14" definition-exists="false" ipc-concordant="F02N11/14" c-set-base-allowed="false" c-set-subsequent-allowed="true" date-revised="2013-01-01" status="published"><classification-symbol>F02N11/14</classification-symbol><class-title date-revised="2013-01-01"><title-part><text>Starting of engines by means of electric starters with external current supply </text><reference><text><class-ref scheme="cpc">F02N11/12</class-ref> takes precedence</text></reference></title-part></class-title></classification-item></classification-item>
<classification-item breakdown-code="false" not-allocatable="false" level="7" additional-only="false" sort-key="F02N13/00" definition-exists="true" ipc-concordant="F02N13/00" c-set-base-allowed="false" c-set-subsequent-allowed="true" date-revised="2013-01-01" status="published"><classification-symbol>F02N13/00</classification-symbol><class-title date-revised="2013-01-01"><title-part><text>Starting of engines, or driving of starting apparatus by use of explosives, e.g. stored in cartridges</text></title-part></class-title>
<classification-item breakdown-code="false" not-allocatable="false" level="8" additional-only="false" sort-key="F02N13/02" definition-exists="true" ipc-concordant="F02N13/02" c-set-base-allowed="false" c-set-subsequent-allowed="true" date-revised="2021-01-01" status="published"><classification-symbol>F02N13/02</classification-symbol><class-title date-revised="2021-01-01"><title-part><text>Cartridges specially adapted therefor</text></title-part></class-title></classification-item></classification-item>
<classification-item breakdown-code="false" not-allocatable="false" level="7" additional-only="false" sort-key="F02N15/00" definition-exists="true" ipc-concordant="F02N15/00" c-set-base-allowed="false" c-set-subsequent-allowed="true" date-revised="2016-05-01" status="published"><classification-symbol>F02N15/00</classification-symbol><class-title date-revised="2016-05-01"><title-part><text>Other power-operated starting apparatus</text></title-part><title-part><text>Component parts, details, or accessories, not provided for in, or of interest apart from groups <class-ref scheme="cpc">F02N5/00</class-ref>&#160;-&#160;<class-ref scheme="cpc">F02N13/00</class-ref></text></title-part></class-title>
<classification-item breakdown-code="false" not-allocatable="false" level="8" additional-only="false" sort-key="F02N15/003" definition-exists="false" ipc-concordant="F02N15/00" c-set-base-allowed="false" c-set-subsequent-allowed="true" date-revised="2017-05-01" status="published"><classification-symbol>F02N15/003</classification-symbol><class-title date-revised="2017-05-01"><title-part><CPC-specific-text><text>Starters comprising a brake mechanism</text></CPC-specific-text></title-part></class-title></classification-item>
<classification-item breakdown-code="false" not-allocatable="false" level="8" additional-only="false" sort-key="F02N15/006" definition-exists="false" ipc-concordant="F02N15/00" c-set-base-allowed="false" c-set-subsequent-allowed="true" date-revised="2013-01-01" status="published"><classification-symbol>F02N15/006</classification-symbol><class-title date-revised="2013-01-01"><title-part><CPC-specific-text><text>Assembling or mounting of starting devices</text></CPC-specific-text></title-part></class-title></classification-item>
<classification-item breakdown-code="false" not-allocatable="false" level="8" additional-only="false" sort-key="F02N15/02" definition-exists="true" ipc-concordant="F02N15/02" c-set-base-allowed="false" c-set-subsequent-allowed="true" date-revised="2013-01-01" status="published"><classification-symbol>F02N15/02</classification-symbol><class-title date-revised="2013-01-01"><title-part><text>Gearing between starting-engines and started engines</text></title-part><title-part><text>Engagement or disengagement thereof</text></title-part></class-title>
<classification-item breakdown-code="false" not-allocatable="false" level="9" additional-only="false" sort-key="F02N15/021" definition-exists="false" ipc-concordant="F02N15/02" c-set-base-allowed="false" c-set-subsequent-allowed="true" date-revised="2013-01-01" status="published"><classification-symbol>F02N15/021</classification-symbol><class-title date-revised="2013-01-01"><title-part><CPC-specific-text><text>the gearing including disengaging starter jaws</text></CPC-specific-text></title-part></class-title></classification-item>
<classification-item breakdown-code="false" not-allocatable="false" level="9" additional-only="false" sort-key="F02N15/022" definition-exists="false" ipc-concordant="F02N15/02" c-set-base-allowed="false" c-set-subsequent-allowed="true" date-revised="2013-01-01" status="published"><classification-symbol>F02N15/022</classification-symbol><class-title date-revised="2013-01-01"><title-part><CPC-specific-text><text>the starter comprising an intermediate clutch</text></CPC-specific-text></title-part></class-title>
<classification-item breakdown-code="false" not-allocatable="false" level="10" additional-only="false" sort-key="F02N15/023" definition-exists="false" ipc-concordant="F02N15/02" c-set-base-allowed="false" c-set-subsequent-allowed="true" date-revised="2013-01-01" status="published"><classification-symbol>F02N15/023</classification-symbol><class-title date-revised="2013-01-01"><title-part><CPC-specific-text><text>of the overrunning type</text></CPC-specific-text></title-part></class-title></classification-item>
<classification-item breakdown-code="false" not-allocatable="false" level="10" additional-only="false" sort-key="F02N15/025" definition-exists="false" ipc-concordant="F02N15/02" c-set-base-allowed="false" c-set-subsequent-allowed="true" date-revised="2013-01-01" status="published"><classification-symbol>F02N15/025</classification-symbol><class-title date-revised="2013-01-01"><title-part><CPC-specific-text><text>of the friction type</text></CPC-specific-text></title-part></class-title></classification-item>
<classification-item breakdown-code="false" not-allocatable="false" level="10" additional-only="false" sort-key="F02N15/026" definition-exists="false" ipc-concordant="F02N15/02" c-set-base-allowed="false" c-set-subsequent-allowed="true" date-revised="2013-01-01" status="published"><classification-symbol>F02N15/026</classification-symbol><class-title date-revised="2013-01-01"><title-part><CPC-specific-text><text>of the centrifugal type</text></CPC-specific-text></title-part></class-title></classification-item>
<classification-item breakdown-code="false" not-allocatable="false" level="10" additional-only="false" sort-key="F02N15/027" definition-exists="false" ipc-concordant="F02N15/02" c-set-base-allowed="false" c-set-subsequent-allowed="true" date-revised="2013-01-01" status="published"><classification-symbol>F02N15/027</classification-symbol><class-title date-revised="2013-01-01"><title-part><CPC-specific-text><text>of the pawl type</text></CPC-specific-text></title-part></class-title></classification-item>
<classification-item breakdown-code="false" not-allocatable="false" level="10" additional-only="false" sort-key="F02N15/028" definition-exists="false" ipc-concordant="F02N15/02" c-set-base-allowed="false" c-set-subsequent-allowed="true" date-revised="2013-01-01" status="published"><classification-symbol>F02N15/028</classification-symbol><class-title date-revised="2013-01-01"><title-part><CPC-specific-text><text>of the jaw type</text></CPC-specific-text></title-part></class-title></classification-item></classification-item>
<classification-item breakdown-code="false" not-allocatable="false" level="9" additional-only="false" sort-key="F02N15/04" definition-exists="true" ipc-concordant="F02N15/04" c-set-base-allowed="false" c-set-subsequent-allowed="true" date-revised="2013-01-01" status="published"><classification-symbol>F02N15/04</classification-symbol><class-title date-revised="2013-01-01"><title-part><text>the gearing including disengaging toothed gears</text></title-part></class-title>
<classification-item breakdown-code="false" not-allocatable="false" level="10" additional-only="false" sort-key="F02N15/043" definition-exists="false" ipc-concordant="F02N15/04" c-set-base-allowed="false" c-set-subsequent-allowed="true" date-revised="2013-01-01" status="published"><classification-symbol>F02N15/043</classification-symbol><class-title date-revised="2013-01-01"><title-part><CPC-specific-text><text>the gearing including a speed reducer</text></CPC-specific-text></title-part></class-title>
<classification-item breakdown-code="false" not-allocatable="false" level="11" additional-only="false" sort-key="F02N15/046" definition-exists="false" ipc-concordant="F02N15/04" c-set-base-allowed="false" c-set-subsequent-allowed="true" date-revised="2013-01-01" status="published"><classification-symbol>F02N15/046</classification-symbol><class-title date-revised="2013-01-01"><title-part><CPC-specific-text><text>of the planetary type</text></CPC-specific-text></title-part></class-title></classification-item></classification-item>
<classification-item breakdown-code="false" not-allocatable="false" level="10" additional-only="false" sort-key="F02N15/06" definition-exists="false" ipc-concordant="F02N15/06" c-set-base-allowed="false" c-set-subsequent-allowed="true" date-revised="2013-01-01" status="published"><classification-symbol>F02N15/06</classification-symbol><class-title date-revised="2013-01-01"><title-part><text>the toothed gears being moved by axial displacement</text></title-part></class-title>
<classification-item breakdown-code="true" not-allocatable="false" level="11" additional-only="true" sort-key="F02N15/061" definition-exists="false" ipc-concordant="F02N15/06" c-set-base-allowed="false" c-set-subsequent-allowed="true" date-revised="2013-01-01" status="published"><classification-symbol>F02N2015/061</classification-symbol><class-title date-revised="2013-01-01"><title-part><CPC-specific-text><text>said axial displacement being limited, e.g. by using a stopper</text></CPC-specific-text></title-part></class-title></classification-item>
<classification-item breakdown-code="false" not-allocatable="false" level="11" additional-only="false" sort-key="F02N15/062" definition-exists="false" ipc-concordant="F02N15/06" c-set-base-allowed="false" c-set-subsequent-allowed="true" date-revised="2013-01-01" status="published"><classification-symbol>F02N15/062</classification-symbol><class-title date-revised="2013-01-01"><title-part><CPC-specific-text><text>Starter drives</text></CPC-specific-text></title-part></class-title>
<classification-item breakdown-code="false" not-allocatable="false" level="12" additional-only="false" sort-key="F02N15/063" definition-exists="false" ipc-concordant="F02N15/06" c-set-base-allowed="false" c-set-subsequent-allowed="true" date-revised="2013-01-01" status="published"><classification-symbol>F02N15/063</classification-symbol><class-title date-revised="2013-01-01"><title-part><CPC-specific-text><text>with resilient shock absorbers</text></CPC-specific-text></title-part></class-title></classification-item>
<classification-item breakdown-code="false" not-allocatable="false" level="12" additional-only="false" sort-key="F02N15/065" definition-exists="false" ipc-concordant="F02N15/06" c-set-base-allowed="false" c-set-subsequent-allowed="true" date-revised="2013-01-01" status="published"><classification-symbol>F02N15/065</classification-symbol><class-title date-revised="2013-01-01"><title-part><CPC-specific-text><text>with blocking means</text></CPC-specific-text></title-part></class-title></classification-item></classification-item>
<classification-item breakdown-code="false" not-allocatable="false" level="11" additional-only="false" sort-key="F02N15/066" definition-exists="false" ipc-concordant="F02N15/06" c-set-base-allowed="false" c-set-subsequent-allowed="true" date-revised="2013-01-01" status="published"><classification-symbol>F02N15/066</classification-symbol><class-title date-revised="2013-01-01"><title-part><CPC-specific-text><text>the starter being of the coaxial type</text></CPC-specific-text></title-part></class-title></classification-item>
<classification-item breakdown-code="false" not-allocatable="false" level="11" additional-only="false" sort-key="F02N15/067" definition-exists="false" ipc-concordant="F02N15/06" c-set-base-allowed="false" c-set-subsequent-allowed="true" date-revised="2013-01-01" status="published"><classification-symbol>F02N15/067</classification-symbol><class-title date-revised="2013-01-01"><title-part><CPC-specific-text><text>the starter comprising an electro-magnetically actuated lever</text></CPC-specific-text></title-part></class-title></classification-item>
<classification-item breakdown-code="false" not-allocatable="false" level="11" additional-only="false" sort-key="F02N15/068" definition-exists="false" ipc-concordant="F02N15/06" c-set-base-allowed="false" c-set-subsequent-allowed="true" date-revised="2013-01-01" status="published"><classification-symbol>F02N15/068</classification-symbol><class-title date-revised="2013-01-01"><title-part><CPC-specific-text><text>starter drive being actuated by muscular force</text></CPC-specific-text></title-part></class-title></classification-item></classification-item></classification-item>
<classification-item breakdown-code="false" not-allocatable="false" level="9" additional-only="false" sort-key="F02N15/08" definition-exists="false" ipc-concordant="F02N15/08" c-set-base-allowed="false" c-set-subsequent-allowed="true" date-revised="2013-01-01" status="published"><classification-symbol>F02N15/08</classification-symbol><class-title date-revised="2013-01-01"><title-part><text>the gearing being of friction type</text></title-part></class-title></classification-item></classification-item>
<classification-item breakdown-code="false" not-allocatable="false" level="8" additional-only="false" sort-key="F02N15/10" definition-exists="false" ipc-concordant="F02N15/10" c-set-base-allowed="false" c-set-subsequent-allowed="true" date-revised="2013-01-01" status="published"><classification-symbol>F02N15/10</classification-symbol><class-title date-revised="2013-01-01"><title-part><text>Safety devices not otherwise provided for</text></title-part></class-title></classification-item></classification-item></classification-item>
<classification-item breakdown-code="false" not-allocatable="true" level="6" additional-only="false" sort-key="F02N19/00" date-revised="2013-01-01" status="published"><classification-symbol>F02N19/00</classification-symbol>
<classification-item breakdown-code="false" not-allocatable="false" level="7" additional-only="false" sort-key="F02N19/00" definition-exists="true" ipc-concordant="F02N19/00" c-set-base-allowed="false" c-set-subsequent-allowed="true" date-revised="2013-01-01" status="published"><classification-symbol>F02N19/00</classification-symbol><class-title date-revised="2013-01-01"><title-part><text>Starting aids for combustion engines, not otherwise provided for</text></title-part></class-title>
<classification-item breakdown-code="false" not-allocatable="false" level="8" additional-only="false" sort-key="F02N19/001" definition-exists="false" ipc-concordant="F02N19/00" c-set-base-allowed="false" c-set-subsequent-allowed="true" date-revised="2013-01-01" status="published"><classification-symbol>F02N19/001</classification-symbol><class-title date-revised="2013-01-01"><title-part><CPC-specific-text><text>Arrangements thereof</text></CPC-specific-text></title-part></class-title></classification-item>
<classification-item breakdown-code="true" not-allocatable="false" level="8" additional-only="true" sort-key="F02N19/002" definition-exists="false" ipc-concordant="F02N19/00" c-set-base-allowed="false" c-set-subsequent-allowed="true" date-revised="2013-01-01" status="published"><classification-symbol>F02N2019/002</classification-symbol><class-title date-revised="2013-01-01"><title-part><CPC-specific-text><text>Aiding engine start by acting on fuel</text></CPC-specific-text></title-part></class-title></classification-item>
<classification-item breakdown-code="false" not-allocatable="false" level="8" additional-only="false" sort-key="F02N19/004" definition-exists="true" ipc-concordant="F02N19/00" c-set-base-allowed="false" c-set-subsequent-allowed="true" date-revised="2013-01-01" status="published"><classification-symbol>F02N19/004</classification-symbol><class-title date-revised="2013-01-01"><title-part><CPC-specific-text><text>Aiding engine start by using decompression means or variable valve actuation</text></CPC-specific-text></title-part></class-title></classification-item>
<classification-item breakdown-code="false" not-allocatable="false" level="8" additional-only="false" sort-key="F02N19/005" definition-exists="true" ipc-concordant="F02N19/00" c-set-base-allowed="false" c-set-subsequent-allowed="true" date-revised="2013-01-01" status="published"><classification-symbol>F02N19/005</classification-symbol><class-title date-revised="2013-01-01"><title-part><CPC-specific-text><text>Aiding engine start by starting from a predetermined position, e.g. pre-positioning or reverse rotation</text></CPC-specific-text></title-part></class-title>
<classification-item breakdown-code="true" not-allocatable="false" level="9" additional-only="true" sort-key="F02N19/007" definition-exists="false" ipc-concordant="F02N19/00" c-set-base-allowed="false" c-set-subsequent-allowed="true" date-revised="2013-01-01" status="published"><classification-symbol>F02N2019/007</classification-symbol><class-title date-revised="2013-01-01"><title-part><CPC-specific-text><text>using inertial reverse rotation</text></CPC-specific-text></title-part></class-title></classification-item>
<classification-item breakdown-code="true" not-allocatable="false" level="9" additional-only="true" sort-key="F02N19/008" definition-exists="false" ipc-concordant="F02N19/00" c-set-base-allowed="false" c-set-subsequent-allowed="true" date-revised="2013-01-01" status="published"><classification-symbol>F02N2019/008</classification-symbol><class-title date-revised="2013-01-01"><title-part><CPC-specific-text><text>the engine being stopped in a particular position</text></CPC-specific-text></title-part></class-title></classification-item></classification-item>
<classification-item breakdown-code="false" not-allocatable="false" level="8" additional-only="false" sort-key="F02N19/02" definition-exists="true" ipc-concordant="F02N19/02" c-set-base-allowed="false" c-set-subsequent-allowed="true" date-revised="2021-01-01" status="published"><classification-symbol>F02N19/02</classification-symbol><class-title date-revised="2021-01-01"><title-part><text>Aiding engine start by thermal means, e.g. using lighted wicks</text></title-part></class-title>
<classification-item breakdown-code="false" not-allocatable="false" level="9" additional-only="false" sort-key="F02N19/04" definition-exists="true" ipc-concordant="F02N19/04" c-set-base-allowed="false" c-set-subsequent-allowed="true" date-revised="2021-01-01" status="published"><classification-symbol>F02N19/04</classification-symbol><class-title date-revised="2021-01-01"><title-part><text>by heating of fluids used in engines</text></title-part></class-title>
<classification-item breakdown-code="false" not-allocatable="false" level="10" additional-only="false" sort-key="F02N19/06" definition-exists="false" ipc-concordant="F02N19/06" c-set-base-allowed="false" c-set-subsequent-allowed="true" date-revised="2013-01-01" status="published"><classification-symbol>F02N19/06</classification-symbol><class-title date-revised="2013-01-01"><title-part><text>by heating of combustion-air by flame generating means, e.g. flame glow-plugs</text></title-part></class-title>
<classification-item breakdown-code="false" not-allocatable="false" level="11" additional-only="false" sort-key="F02N19/08" definition-exists="false" ipc-concordant="F02N19/08" c-set-base-allowed="false" c-set-subsequent-allowed="true" date-revised="2013-01-01" status="published"><classification-symbol>F02N19/08</classification-symbol><class-title date-revised="2013-01-01"><title-part><text>Arrangement thereof</text></title-part></class-title></classification-item></classification-item>
<classification-item breakdown-code="false" not-allocatable="false" level="10" additional-only="false" sort-key="F02N19/10" definition-exists="false" ipc-concordant="F02N19/10" c-set-base-allowed="false" c-set-subsequent-allowed="true" date-revised="2013-01-01" status="published"><classification-symbol>F02N19/10</classification-symbol><class-title date-revised="2013-01-01"><title-part><text>by heating of engine coolants</text></title-part></class-title></classification-item></classification-item></classification-item></classification-item>
<classification-item breakdown-code="false" not-allocatable="false" level="7" additional-only="false" sort-key="F02N99/00" definition-exists="true" ipc-concordant="F02N99/00" c-set-base-allowed="false" c-set-subsequent-allowed="true" date-revised="2013-01-01" status="published"><classification-symbol>F02N99/00</classification-symbol><class-title date-revised="2013-01-01"><title-part><text>Subject matter not provided for in other groups of this subclass</text></title-part></class-title>
<classification-item breakdown-code="false" not-allocatable="false" level="8" additional-only="false" sort-key="F02N99/002" definition-exists="true" ipc-concordant="F02N99/00" c-set-base-allowed="false" c-set-subsequent-allowed="true" date-revised="2013-01-01" status="published"><classification-symbol>F02N99/002</classification-symbol><class-title date-revised="2013-01-01"><title-part><CPC-specific-text><text>Starting combustion engines by ignition means</text></CPC-specific-text></title-part></class-title>
<classification-item breakdown-code="false" not-allocatable="false" level="9" additional-only="false" sort-key="F02N99/004" definition-exists="false" ipc-concordant="F02N99/00" c-set-base-allowed="false" c-set-subsequent-allowed="true" date-revised="2013-01-01" status="published"><classification-symbol>F02N99/004</classification-symbol><class-title date-revised="2013-01-01"><title-part><CPC-specific-text><text>Generation of the ignition spark</text></CPC-specific-text></title-part></class-title></classification-item>
<classification-item breakdown-code="false" not-allocatable="false" level="9" additional-only="false" sort-key="F02N99/006" definition-exists="true" ipc-concordant="F02N99/00" c-set-base-allowed="false" c-set-subsequent-allowed="true" date-revised="2013-01-01" status="published"><classification-symbol>F02N99/006</classification-symbol><class-title date-revised="2013-01-01"><title-part><CPC-specific-text><text>Providing a combustible mixture inside the cylinder</text></CPC-specific-text></title-part></class-title></classification-item>
<classification-item breakdown-code="false" not-allocatable="false" level="9" additional-only="false" sort-key="F02N99/008" definition-exists="false" ipc-concordant="F02N99/00" c-set-base-allowed="false" c-set-subsequent-allowed="true" date-revised="2013-01-01" status="published"><classification-symbol>F02N99/008</classification-symbol><class-title date-revised="2013-01-01"><title-part><CPC-specific-text><text>Providing a combustible mixture outside the cylinder</text></CPC-specific-text></title-part></class-title></classification-item></classification-item></classification-item></classification-item>
<classification-item breakdown-code="true" not-allocatable="true" level="6" additional-only="true" sort-key="F02N200/00" date-revised="2013-01-01" status="published"><classification-symbol>F02N2200/00</classification-symbol>
<classification-item breakdown-code="true" not-allocatable="false" level="7" additional-only="true" sort-key="F02N200/00" definition-exists="false" ipc-concordant="CPCONLY" c-set-base-allowed="false" c-set-subsequent-allowed="true" date-revised="2013-01-01" status="published"><classification-symbol>F02N2200/00</classification-symbol><class-title date-revised="2013-01-01"><title-part><text>Parameters used for control of starting apparatus</text></title-part></class-title>
<classification-item breakdown-code="true" not-allocatable="false" level="8" additional-only="true" sort-key="F02N200/02" definition-exists="false" ipc-concordant="CPCONLY" c-set-base-allowed="false" c-set-subsequent-allowed="true" date-revised="2013-01-01" status="published"><classification-symbol>F02N2200/02</classification-symbol><class-title date-revised="2013-01-01"><title-part><text>said parameters being related to the engine</text></title-part></class-title>
<classification-item breakdown-code="true" not-allocatable="false" level="9" additional-only="true" sort-key="F02N200/021" definition-exists="false" ipc-concordant="CPCONLY" c-set-base-allowed="false" c-set-subsequent-allowed="true" date-revised="2013-01-01" status="published"><classification-symbol>F02N2200/021</classification-symbol><class-title date-revised="2013-01-01"><title-part><text>Engine crank angle</text></title-part></class-title></classification-item>
<classification-item breakdown-code="true" not-allocatable="false" level="9" additional-only="true" sort-key="F02N200/022" definition-exists="false" ipc-concordant="CPCONLY" c-set-base-allowed="false" c-set-subsequent-allowed="true" date-revised="2013-01-01" status="published"><classification-symbol>F02N2200/022</classification-symbol><class-title date-revised="2013-01-01"><title-part><text>Engine speed</text></title-part></class-title></classification-item>
<classification-item breakdown-code="true" not-allocatable="false" level="9" additional-only="true" sort-key="F02N200/023" definition-exists="false" ipc-concordant="CPCONLY" c-set-base-allowed="false" c-set-subsequent-allowed="true" date-revised="2013-01-01" status="published"><classification-symbol>F02N2200/023</classification-symbol><class-title date-revised="2013-01-01"><title-part><text>Engine temperature</text></title-part></class-title></classification-item>
<classification-item breakdown-code="true" not-allocatable="false" level="9" additional-only="true" sort-key="F02N200/024" definition-exists="false" ipc-concordant="CPCONLY" c-set-base-allowed="false" c-set-subsequent-allowed="true" date-revised="2013-01-01" status="published"><classification-symbol>F02N2200/024</classification-symbol><class-title date-revised="2013-01-01"><title-part><text>Engine oil temperature</text></title-part></class-title></classification-item>
<classification-item breakdown-code="true" not-allocatable="false" level="9" additional-only="true" sort-key="F02N200/025" definition-exists="false" ipc-concordant="CPCONLY" c-set-base-allowed="false" c-set-subsequent-allowed="true" date-revised="2013-01-01" status="published"><classification-symbol>F02N2200/025</classification-symbol><class-title date-revised="2013-01-01"><title-part><text>Engine oil pressure</text></title-part></class-title></classification-item>
<classification-item breakdown-code="true" not-allocatable="false" level="9" additional-only="true" sort-key="F02N200/026" definition-exists="false" ipc-concordant="CPCONLY" c-set-base-allowed="false" c-set-subsequent-allowed="true" date-revised="2013-01-01" status="published"><classification-symbol>F02N2200/026</classification-symbol><class-title date-revised="2013-01-01"><title-part><text>Catalyst temperature</text></title-part></class-title></classification-item></classification-item>
<classification-item breakdown-code="true" not-allocatable="false" level="8" additional-only="true" sort-key="F02N200/04" definition-exists="false" ipc-concordant="CPCONLY" c-set-base-allowed="false" c-set-subsequent-allowed="true" date-revised="2013-01-01" status="published"><classification-symbol>F02N2200/04</classification-symbol><class-title date-revised="2013-01-01"><title-part><text>said parameters being related to the starter motor</text></title-part></class-title>
<classification-item breakdown-code="true" not-allocatable="false" level="9" additional-only="true" sort-key="F02N200/041" definition-exists="false" ipc-concordant="CPCONLY" c-set-base-allowed="false" c-set-subsequent-allowed="true" date-revised="2013-01-01" status="published"><classification-symbol>F02N2200/041</classification-symbol><class-title date-revised="2013-01-01"><title-part><text>Starter speed</text></title-part></class-title></classification-item>
<classification-item breakdown-code="true" not-allocatable="false" level="9" additional-only="true" sort-key="F02N200/042" definition-exists="false" ipc-concordant="CPCONLY" c-set-base-allowed="false" c-set-subsequent-allowed="true" date-revised="2013-01-01" status="published"><classification-symbol>F02N2200/042</classification-symbol><class-title date-revised="2013-01-01"><title-part><text>Starter torque</text></title-part></class-title></classification-item>
<classification-item breakdown-code="true" not-allocatable="false" level="9" additional-only="true" sort-key="F02N200/043" definition-exists="false" ipc-concordant="CPCONLY" c-set-base-allowed="false" c-set-subsequent-allowed="true" date-revised="2013-01-01" status="published"><classification-symbol>F02N2200/043</classification-symbol><class-title date-revised="2013-01-01"><title-part><text>Starter voltage</text></title-part></class-title></classification-item>
<classification-item breakdown-code="true" not-allocatable="false" level="9" additional-only="true" sort-key="F02N200/044" definition-exists="false" ipc-concordant="CPCONLY" c-set-base-allowed="false" c-set-subsequent-allowed="true" date-revised="2013-01-01" status="published"><classification-symbol>F02N2200/044</classification-symbol><class-title date-revised="2013-01-01"><title-part><text>Starter current</text></title-part></class-title></classification-item>
<classification-item breakdown-code="true" not-allocatable="false" level="9" additional-only="true" sort-key="F02N200/045" definition-exists="false" ipc-concordant="CPCONLY" c-set-base-allowed="false" c-set-subsequent-allowed="true" date-revised="2013-01-01" status="published"><classification-symbol>F02N2200/045</classification-symbol><class-title date-revised="2013-01-01"><title-part><text>Starter temperature or parameters related to it</text></title-part></class-title></classification-item>
<classification-item breakdown-code="true" not-allocatable="false" level="9" additional-only="true" sort-key="F02N200/046" definition-exists="false" ipc-concordant="CPCONLY" c-set-base-allowed="false" c-set-subsequent-allowed="true" date-revised="2013-01-01" status="published"><classification-symbol>F02N2200/046</classification-symbol><class-title date-revised="2013-01-01"><title-part><text>Energy or power necessary for starting</text></title-part></class-title></classification-item>
<classification-item breakdown-code="true" not-allocatable="false" level="9" additional-only="true" sort-key="F02N200/047" definition-exists="false" ipc-concordant="CPCONLY" c-set-base-allowed="false" c-set-subsequent-allowed="true" date-revised="2013-01-01" status="published"><classification-symbol>F02N2200/047</classification-symbol><class-title date-revised="2013-01-01"><title-part><text>Information about pinion position</text></title-part></class-title></classification-item>
<classification-item breakdown-code="true" not-allocatable="false" level="9" additional-only="true" sort-key="F02N200/048" definition-exists="false" ipc-concordant="CPCONLY" c-set-base-allowed="false" c-set-subsequent-allowed="true" date-revised="2013-01-01" status="published"><classification-symbol>F02N2200/048</classification-symbol><class-title date-revised="2013-01-01"><title-part><text>Information about pinion speed, both translational or rotational speed</text></title-part></class-title></classification-item></classification-item>
<classification-item breakdown-code="true" not-allocatable="false" level="8" additional-only="true" sort-key="F02N200/06" definition-exists="false" ipc-concordant="CPCONLY" c-set-base-allowed="false" c-set-subsequent-allowed="true" date-revised="2013-01-01" status="published"><classification-symbol>F02N2200/06</classification-symbol><class-title date-revised="2013-01-01"><title-part><text>said parameters being related to the power supply or driving circuits for the starter</text></title-part></class-title>
<classification-item breakdown-code="true" not-allocatable="false" level="9" additional-only="true" sort-key="F02N200/061" definition-exists="false" ipc-concordant="CPCONLY" c-set-base-allowed="false" c-set-subsequent-allowed="true" date-revised="2013-01-01" status="published"><classification-symbol>F02N2200/061</classification-symbol><class-title date-revised="2013-01-01"><title-part><text>Battery state of charge [SOC]</text></title-part></class-title></classification-item>
<classification-item breakdown-code="true" not-allocatable="false" level="9" additional-only="true" sort-key="F02N200/062" definition-exists="false" ipc-concordant="CPCONLY" c-set-base-allowed="false" c-set-subsequent-allowed="true" date-revised="2013-01-01" status="published"><classification-symbol>F02N2200/062</classification-symbol><class-title date-revised="2013-01-01"><title-part><text>Battery current</text></title-part></class-title></classification-item>
<classification-item breakdown-code="true" not-allocatable="false" level="9" additional-only="true" sort-key="F02N200/063" definition-exists="false" ipc-concordant="CPCONLY" c-set-base-allowed="false" c-set-subsequent-allowed="true" date-revised="2013-01-01" status="published"><classification-symbol>F02N2200/063</classification-symbol><class-title date-revised="2013-01-01"><title-part><text>Battery voltage</text></title-part></class-title></classification-item>
<classification-item breakdown-code="true" not-allocatable="false" level="9" additional-only="true" sort-key="F02N200/064" definition-exists="false" ipc-concordant="CPCONLY" c-set-base-allowed="false" c-set-subsequent-allowed="true" date-revised="2013-01-01" status="published"><classification-symbol>F02N2200/064</classification-symbol><class-title date-revised="2013-01-01"><title-part><text>Battery temperature</text></title-part></class-title></classification-item>
<classification-item breakdown-code="true" not-allocatable="false" level="9" additional-only="true" sort-key="F02N200/065" definition-exists="false" ipc-concordant="CPCONLY" c-set-base-allowed="false" c-set-subsequent-allowed="true" date-revised="2013-01-01" status="published"><classification-symbol>F02N2200/065</classification-symbol><class-title date-revised="2013-01-01"><title-part><text>Relay current</text></title-part></class-title></classification-item>
<classification-item breakdown-code="true" not-allocatable="false" level="9" additional-only="true" sort-key="F02N200/066" definition-exists="false" ipc-concordant="CPCONLY" c-set-base-allowed="false" c-set-subsequent-allowed="true" date-revised="2013-01-01" status="published"><classification-symbol>F02N2200/066</classification-symbol><class-title date-revised="2013-01-01"><title-part><text>Relay temperature</text></title-part></class-title></classification-item></classification-item>
<classification-item breakdown-code="true" not-allocatable="false" level="8" additional-only="true" sort-key="F02N200/08" definition-exists="false" ipc-concordant="CPCONLY" c-set-base-allowed="false" c-set-subsequent-allowed="true" date-revised="2013-01-01" status="published"><classification-symbol>F02N2200/08</classification-symbol><class-title date-revised="2013-01-01"><title-part><text>said parameters being related to the vehicle or its components</text></title-part></class-title>
<classification-item breakdown-code="true" not-allocatable="false" level="9" additional-only="true" sort-key="F02N200/0801" definition-exists="false" ipc-concordant="CPCONLY" c-set-base-allowed="false" c-set-subsequent-allowed="true" date-revised="2013-01-01" status="published"><classification-symbol>F02N2200/0801</classification-symbol><class-title date-revised="2013-01-01"><title-part><text>Vehicle speed</text></title-part></class-title></classification-item>
<classification-item breakdown-code="true" not-allocatable="false" level="9" additional-only="true" sort-key="F02N200/0802" definition-exists="false" ipc-concordant="CPCONLY" c-set-base-allowed="false" c-set-subsequent-allowed="true" date-revised="2013-01-01" status="published"><classification-symbol>F02N2200/0802</classification-symbol><class-title date-revised="2013-01-01"><title-part><text>Transmission state, e.g. gear ratio or neutral state</text></title-part></class-title></classification-item>
<classification-item breakdown-code="true" not-allocatable="false" level="9" additional-only="true" sort-key="F02N200/0803" definition-exists="false" ipc-concordant="CPCONLY" c-set-base-allowed="false" c-set-subsequent-allowed="true" date-revised="2013-01-01" status="published"><classification-symbol>F02N2200/0803</classification-symbol><class-title date-revised="2013-01-01"><title-part><text>Parking brake state</text></title-part></class-title></classification-item>
<classification-item breakdown-code="true" not-allocatable="false" level="9" additional-only="true" sort-key="F02N200/0804" definition-exists="false" ipc-concordant="CPCONLY" c-set-base-allowed="false" c-set-subsequent-allowed="true" date-revised="2013-01-01" status="published"><classification-symbol>F02N2200/0804</classification-symbol><class-title date-revised="2013-01-01"><title-part><text>Temperature inside the vehicle cabin</text></title-part></class-title></classification-item>
<classification-item breakdown-code="true" not-allocatable="false" level="9" additional-only="true" sort-key="F02N200/0805" definition-exists="false" ipc-concordant="CPCONLY" c-set-base-allowed="false" c-set-subsequent-allowed="true" date-revised="2013-01-01" status="published"><classification-symbol>F02N2200/0805</classification-symbol><class-title date-revised="2013-01-01"><title-part><text>Detection of vehicle emergency state, e.g. from ABS, ESP, external sensors</text></title-part></class-title></classification-item>
<classification-item breakdown-code="true" not-allocatable="false" level="9" additional-only="true" sort-key="F02N200/0806" definition-exists="false" ipc-concordant="CPCONLY" c-set-base-allowed="false" c-set-subsequent-allowed="true" date-revised="2013-01-01" status="published"><classification-symbol>F02N2200/0806</classification-symbol><class-title date-revised="2013-01-01"><title-part><text>Air condition state</text></title-part></class-title></classification-item>
<classification-item breakdown-code="true" not-allocatable="false" level="9" additional-only="true" sort-key="F02N200/0807" definition-exists="false" ipc-concordant="CPCONLY" c-set-base-allowed="false" c-set-subsequent-allowed="true" date-revised="2013-01-01" status="published"><classification-symbol>F02N2200/0807</classification-symbol><class-title date-revised="2013-01-01"><title-part><text>Brake booster state</text></title-part></class-title></classification-item>
<classification-item breakdown-code="true" not-allocatable="false" level="9" additional-only="true" sort-key="F02N200/0808" definition-exists="false" ipc-concordant="CPCONLY" c-set-base-allowed="false" c-set-subsequent-allowed="true" date-revised="2013-01-01" status="published"><classification-symbol>F02N2200/0808</classification-symbol><class-title date-revised="2013-01-01"><title-part><text>Steering state, e.g. state of power assisted steering</text></title-part></class-title></classification-item>
<classification-item breakdown-code="true" not-allocatable="false" level="9" additional-only="true" sort-key="F02N200/0809" definition-exists="false" ipc-concordant="CPCONLY" c-set-base-allowed="false" c-set-subsequent-allowed="true" date-revised="2013-01-01" status="published"><classification-symbol>F02N2200/0809</classification-symbol><class-title date-revised="2013-01-01"><title-part><text>Electrical loads</text></title-part></class-title></classification-item>
<classification-item breakdown-code="true" not-allocatable="false" level="9" additional-only="true" sort-key="F02N200/0811" definition-exists="false" ipc-concordant="CPCONLY" c-set-base-allowed="false" c-set-subsequent-allowed="true" date-revised="2013-01-01" status="published"><classification-symbol>F02N2200/0811</classification-symbol><class-title date-revised="2013-01-01"><title-part><text>Heating state</text></title-part></class-title></classification-item>
<classification-item breakdown-code="true" not-allocatable="false" level="9" additional-only="true" sort-key="F02N200/0812" definition-exists="false" ipc-concordant="CPCONLY" c-set-base-allowed="false" c-set-subsequent-allowed="true" date-revised="2013-01-01" status="published"><classification-symbol>F02N2200/0812</classification-symbol><class-title date-revised="2013-01-01"><title-part><text>Power-take-off state</text></title-part></class-title></classification-item>
<classification-item breakdown-code="true" not-allocatable="false" level="9" additional-only="true" sort-key="F02N200/0813" definition-exists="false" ipc-concordant="CPCONLY" c-set-base-allowed="false" c-set-subsequent-allowed="true" date-revised="2013-01-01" status="published"><classification-symbol>F02N2200/0813</classification-symbol><class-title date-revised="2013-01-01"><title-part><text>Windscreen wiper state</text></title-part></class-title></classification-item>
<classification-item breakdown-code="true" not-allocatable="false" level="9" additional-only="true" sort-key="F02N200/0814" definition-exists="false" ipc-concordant="CPCONLY" c-set-base-allowed="false" c-set-subsequent-allowed="true" date-revised="2013-01-01" status="published"><classification-symbol>F02N2200/0814</classification-symbol><class-title date-revised="2013-01-01"><title-part><text>Bonnet switches</text></title-part></class-title></classification-item>
<classification-item breakdown-code="true" not-allocatable="false" level="9" additional-only="true" sort-key="F02N200/0815" definition-exists="false" ipc-concordant="CPCONLY" c-set-base-allowed="false" c-set-subsequent-allowed="true" date-revised="2013-01-01" status="published"><classification-symbol>F02N2200/0815</classification-symbol><class-title date-revised="2013-01-01"><title-part><text>Vehicle door sensors</text></title-part></class-title></classification-item></classification-item>
<classification-item breakdown-code="true" not-allocatable="false" level="8" additional-only="true" sort-key="F02N200/10" definition-exists="false" ipc-concordant="CPCONLY" c-set-base-allowed="false" c-set-subsequent-allowed="true" date-revised="2013-01-01" status="published"><classification-symbol>F02N2200/10</classification-symbol><class-title date-revised="2013-01-01"><title-part><text>said parameters being related to driver demands or status</text></title-part></class-title>
<classification-item breakdown-code="true" not-allocatable="false" level="9" additional-only="true" sort-key="F02N200/101" definition-exists="false" ipc-concordant="CPCONLY" c-set-base-allowed="false" c-set-subsequent-allowed="true" date-revised="2013-01-01" status="published"><classification-symbol>F02N2200/101</classification-symbol><class-title date-revised="2013-01-01"><title-part><text>Accelerator pedal position</text></title-part></class-title></classification-item>
<classification-item breakdown-code="true" not-allocatable="false" level="9" additional-only="true" sort-key="F02N200/102" definition-exists="false" ipc-concordant="CPCONLY" c-set-base-allowed="false" c-set-subsequent-allowed="true" date-revised="2013-01-01" status="published"><classification-symbol>F02N2200/102</classification-symbol><class-title date-revised="2013-01-01"><title-part><text>Brake pedal position</text></title-part></class-title></classification-item>
<classification-item breakdown-code="true" not-allocatable="false" level="9" additional-only="true" sort-key="F02N200/103" definition-exists="false" ipc-concordant="CPCONLY" c-set-base-allowed="false" c-set-subsequent-allowed="true" date-revised="2013-01-01" status="published"><classification-symbol>F02N2200/103</classification-symbol><class-title date-revised="2013-01-01"><title-part><text>Clutch pedal position</text></title-part></class-title></classification-item>
<classification-item breakdown-code="true" not-allocatable="false" level="9" additional-only="true" sort-key="F02N200/104" definition-exists="false" ipc-concordant="CPCONLY" c-set-base-allowed="false" c-set-subsequent-allowed="true" date-revised="2013-01-01" status="published"><classification-symbol>F02N2200/104</classification-symbol><class-title date-revised="2013-01-01"><title-part><text>Driver&apos;s intention to turn, e.g. by evaluating direction indicators</text></title-part></class-title></classification-item>
<classification-item breakdown-code="true" not-allocatable="false" level="9" additional-only="true" sort-key="F02N200/105" definition-exists="false" ipc-concordant="CPCONLY" c-set-base-allowed="false" c-set-subsequent-allowed="true" date-revised="2013-01-01" status="published"><classification-symbol>F02N2200/105</classification-symbol><class-title date-revised="2013-01-01"><title-part><text>Driver behaviours or types, e.g. sportive or economic type driver</text></title-part></class-title></classification-item>
<classification-item breakdown-code="true" not-allocatable="false" level="9" additional-only="true" sort-key="F02N200/106" definition-exists="false" ipc-concordant="CPCONLY" c-set-base-allowed="false" c-set-subsequent-allowed="true" date-revised="2013-01-01" status="published"><classification-symbol>F02N2200/106</classification-symbol><class-title date-revised="2013-01-01"><title-part><text>Driver presence, e.g. detected by door lock, seat sensor or belt sensor</text></title-part></class-title></classification-item></classification-item>
<classification-item breakdown-code="true" not-allocatable="false" level="8" additional-only="true" sort-key="F02N200/12" definition-exists="false" ipc-concordant="CPCONLY" c-set-base-allowed="false" c-set-subsequent-allowed="true" date-revised="2013-01-01" status="published"><classification-symbol>F02N2200/12</classification-symbol><class-title date-revised="2013-01-01"><title-part><text>said parameters being related to the vehicle exterior</text></title-part></class-title>
<classification-item breakdown-code="true" not-allocatable="false" level="9" additional-only="true" sort-key="F02N200/121" definition-exists="false" ipc-concordant="CPCONLY" c-set-base-allowed="false" c-set-subsequent-allowed="true" date-revised="2013-01-01" status="published"><classification-symbol>F02N2200/121</classification-symbol><class-title date-revised="2013-01-01"><title-part><text>Atmospheric pressure, e.g. for determination of geodetic height</text></title-part></class-title></classification-item>
<classification-item breakdown-code="true" not-allocatable="false" level="9" additional-only="true" sort-key="F02N200/122" definition-exists="false" ipc-concordant="CPCONLY" c-set-base-allowed="false" c-set-subsequent-allowed="true" date-revised="2013-01-01" status="published"><classification-symbol>F02N2200/122</classification-symbol><class-title date-revised="2013-01-01"><title-part><text>Atmospheric temperature</text></title-part></class-title></classification-item>
<classification-item breakdown-code="true" not-allocatable="false" level="9" additional-only="true" sort-key="F02N200/123" definition-exists="false" ipc-concordant="CPCONLY" c-set-base-allowed="false" c-set-subsequent-allowed="true" date-revised="2013-01-01" status="published"><classification-symbol>F02N2200/123</classification-symbol><class-title date-revised="2013-01-01"><title-part><text>Information about vehicle position, e.g. from navigation systems or GPS signals</text></title-part></class-title></classification-item>
<classification-item breakdown-code="true" not-allocatable="false" level="9" additional-only="true" sort-key="F02N200/124" definition-exists="false" ipc-concordant="CPCONLY" c-set-base-allowed="false" c-set-subsequent-allowed="true" date-revised="2013-01-01" status="published"><classification-symbol>F02N2200/124</classification-symbol><class-title date-revised="2013-01-01"><title-part><text>Information about road conditions, e.g. road inclination or surface</text></title-part></class-title></classification-item>
<classification-item breakdown-code="true" not-allocatable="false" level="9" additional-only="true" sort-key="F02N200/125" definition-exists="false" ipc-concordant="CPCONLY" c-set-base-allowed="false" c-set-subsequent-allowed="true" date-revised="2013-01-01" status="published"><classification-symbol>F02N2200/125</classification-symbol><class-title date-revised="2013-01-01"><title-part><text>Information about other vehicles, traffic lights or traffic congestion</text></title-part></class-title></classification-item></classification-item>
<classification-item breakdown-code="true" not-allocatable="false" level="8" additional-only="true" sort-key="F02N200/14" definition-exists="false" ipc-concordant="CPCONLY" c-set-base-allowed="false" c-set-subsequent-allowed="true" date-revised="2013-01-01" status="published"><classification-symbol>F02N2200/14</classification-symbol><class-title date-revised="2013-01-01"><title-part><text>said parameter being related to wear of starter or other components, e.g. based on total number of starts or age</text></title-part></class-title></classification-item></classification-item></classification-item>
<classification-item breakdown-code="true" not-allocatable="true" level="6" additional-only="true" sort-key="F02N250/00" date-revised="2013-01-01" status="published"><classification-symbol>F02N2250/00</classification-symbol><class-title date-revised="2013-01-01"><title-part><text>Muscle-operated starting apparatus</text></title-part></class-title>
<classification-item breakdown-code="true" not-allocatable="false" level="7" additional-only="true" sort-key="F02N250/00" definition-exists="false" ipc-concordant="CPCONLY" c-set-base-allowed="false" c-set-subsequent-allowed="true" date-revised="2013-01-01" status="published"><classification-symbol>F02N2250/00</classification-symbol><class-title date-revised="2013-01-01"><title-part><text>Problems related to engine starting or engine&apos;s starting apparatus</text></title-part></class-title>
<classification-item breakdown-code="true" not-allocatable="false" level="8" additional-only="true" sort-key="F02N250/02" definition-exists="false" ipc-concordant="CPCONLY" c-set-base-allowed="false" c-set-subsequent-allowed="true" date-revised="2013-01-01" status="published"><classification-symbol>F02N2250/02</classification-symbol><class-title date-revised="2013-01-01"><title-part><text>Battery voltage drop at start, e.g. drops causing ECU reset</text></title-part></class-title></classification-item>
<classification-item breakdown-code="true" not-allocatable="false" level="8" additional-only="true" sort-key="F02N250/04" definition-exists="false" ipc-concordant="CPCONLY" c-set-base-allowed="false" c-set-subsequent-allowed="true" date-revised="2013-01-01" status="published"><classification-symbol>F02N2250/04</classification-symbol><class-title date-revised="2013-01-01"><title-part><text>Reverse rotation of the engine</text></title-part></class-title></classification-item>
<classification-item breakdown-code="true" not-allocatable="false" level="8" additional-only="true" sort-key="F02N250/06" definition-exists="false" ipc-concordant="CPCONLY" c-set-base-allowed="false" c-set-subsequent-allowed="true" date-revised="2013-01-01" status="published"><classification-symbol>F02N2250/06</classification-symbol><class-title date-revised="2013-01-01"><title-part><text>Engine stall and related control features, e.g. for automatic restart</text></title-part></class-title></classification-item>
<classification-item breakdown-code="true" not-allocatable="false" level="8" additional-only="true" sort-key="F02N250/08" definition-exists="false" ipc-concordant="CPCONLY" c-set-base-allowed="false" c-set-subsequent-allowed="true" date-revised="2013-01-01" status="published"><classification-symbol>F02N2250/08</classification-symbol><class-title date-revised="2013-01-01"><title-part><text>Lubrication of starters</text></title-part><title-part><text>Sealing means for starters</text></title-part></class-title></classification-item></classification-item>
<classification-item breakdown-code="true" not-allocatable="false" level="7" additional-only="true" sort-key="F02N300/00" definition-exists="false" ipc-concordant="CPCONLY" c-set-base-allowed="false" c-set-subsequent-allowed="true" date-revised="2013-01-01" status="published"><classification-symbol>F02N2300/00</classification-symbol><class-title date-revised="2013-01-01"><title-part><text>Control related aspects of engine starting</text></title-part></class-title>
<classification-item breakdown-code="true" not-allocatable="false" level="8" additional-only="true" sort-key="F02N300/10" definition-exists="false" ipc-concordant="CPCONLY" c-set-base-allowed="false" c-set-subsequent-allowed="true" date-revised="2013-01-01" status="published"><classification-symbol>F02N2300/10</classification-symbol><class-title date-revised="2013-01-01"><title-part><text>characterised by the control output, i.e. means or parameters used as a control output or target</text></title-part></class-title>
<classification-item breakdown-code="true" not-allocatable="false" level="9" additional-only="true" sort-key="F02N300/102" definition-exists="false" ipc-concordant="CPCONLY" c-set-base-allowed="false" c-set-subsequent-allowed="true" date-revised="2013-01-01" status="published"><classification-symbol>F02N2300/102</classification-symbol><class-title date-revised="2013-01-01"><title-part><text>Control of the starter motor speed</text></title-part><title-part><text>Control of the engine speed during cranking</text></title-part></class-title></classification-item>
<classification-item breakdown-code="true" not-allocatable="false" level="9" additional-only="true" sort-key="F02N300/104" definition-exists="false" ipc-concordant="CPCONLY" c-set-base-allowed="false" c-set-subsequent-allowed="true" date-revised="2013-01-01" status="published"><classification-symbol>F02N2300/104</classification-symbol><class-title date-revised="2013-01-01"><title-part><text>Control of the starter motor torque</text></title-part></class-title></classification-item>
<classification-item breakdown-code="true" not-allocatable="false" level="9" additional-only="true" sort-key="F02N300/106" definition-exists="false" ipc-concordant="CPCONLY" c-set-base-allowed="false" c-set-subsequent-allowed="true" date-revised="2013-01-01" status="published"><classification-symbol>F02N2300/106</classification-symbol><class-title date-revised="2013-01-01"><title-part><text>Control of starter current</text></title-part></class-title></classification-item>
<classification-item breakdown-code="true" not-allocatable="false" level="9" additional-only="true" sort-key="F02N300/108" definition-exists="false" ipc-concordant="CPCONLY" c-set-base-allowed="false" c-set-subsequent-allowed="true" date-revised="2013-01-01" status="published"><classification-symbol>F02N2300/108</classification-symbol><class-title date-revised="2013-01-01"><title-part><text>Duty cycle control or pulse width modulation [PWM]</text></title-part></class-title></classification-item></classification-item>
<classification-item breakdown-code="true" not-allocatable="false" level="8" additional-only="true" sort-key="F02N300/20" definition-exists="false" ipc-concordant="CPCONLY" c-set-base-allowed="false" c-set-subsequent-allowed="true" date-revised="2013-01-01" status="published"><classification-symbol>F02N2300/20</classification-symbol><class-title date-revised="2013-01-01"><title-part><text>characterised by the control method</text></title-part></class-title>
<classification-item breakdown-code="true" not-allocatable="false" level="9" additional-only="true" sort-key="F02N300/2002" definition-exists="false" ipc-concordant="CPCONLY" c-set-base-allowed="false" c-set-subsequent-allowed="true" date-revised="2013-01-01" status="published"><classification-symbol>F02N2300/2002</classification-symbol><class-title date-revised="2013-01-01"><title-part><text>using different starting modes, methods, or actuators depending on circumstances, e.g. engine temperature or component wear</text></title-part></class-title></classification-item>
<classification-item breakdown-code="true" not-allocatable="false" level="9" additional-only="true" sort-key="F02N300/2004" definition-exists="false" ipc-concordant="CPCONLY" c-set-base-allowed="false" c-set-subsequent-allowed="true" date-revised="2013-01-01" status="published"><classification-symbol>F02N2300/2004</classification-symbol><class-title date-revised="2013-01-01"><title-part><text>using adaptive control</text></title-part></class-title></classification-item>
<classification-item breakdown-code="true" not-allocatable="false" level="9" additional-only="true" sort-key="F02N300/2006" definition-exists="false" ipc-concordant="CPCONLY" c-set-base-allowed="false" c-set-subsequent-allowed="true" date-revised="2013-01-01" status="published"><classification-symbol>F02N2300/2006</classification-symbol><class-title date-revised="2013-01-01"><title-part><text>using prediction of future conditions</text></title-part></class-title></classification-item>
<classification-item breakdown-code="true" not-allocatable="false" level="9" additional-only="true" sort-key="F02N300/2008" definition-exists="false" ipc-concordant="CPCONLY" c-set-base-allowed="false" c-set-subsequent-allowed="true" date-revised="2013-01-01" status="published"><classification-symbol>F02N2300/2008</classification-symbol><class-title date-revised="2013-01-01"><title-part><text>using a model</text></title-part></class-title></classification-item>
<classification-item breakdown-code="true" not-allocatable="false" level="9" additional-only="true" sort-key="F02N300/2011" definition-exists="false" ipc-concordant="CPCONLY" c-set-base-allowed="false" c-set-subsequent-allowed="true" date-revised="2013-01-01" status="published"><classification-symbol>F02N2300/2011</classification-symbol><class-title date-revised="2013-01-01"><title-part><text>Control involving a delay</text></title-part><title-part><text>Control involving a waiting period before engine stop or engine start</text></title-part></class-title></classification-item></classification-item>
<classification-item breakdown-code="true" not-allocatable="false" level="8" additional-only="true" sort-key="F02N300/30" definition-exists="false" ipc-concordant="CPCONLY" c-set-base-allowed="false" c-set-subsequent-allowed="true" date-revised="2013-01-01" status="published"><classification-symbol>F02N2300/30</classification-symbol><class-title date-revised="2013-01-01"><title-part><text>characterised by the use of digital means</text></title-part></class-title>
<classification-item breakdown-code="true" not-allocatable="false" level="9" additional-only="true" sort-key="F02N300/302" definition-exists="false" ipc-concordant="CPCONLY" c-set-base-allowed="false" c-set-subsequent-allowed="true" date-revised="2013-01-01" status="published"><classification-symbol>F02N2300/302</classification-symbol><class-title date-revised="2013-01-01"><title-part><text>using data communication</text></title-part></class-title>
<classification-item breakdown-code="true" not-allocatable="false" level="10" additional-only="true" sort-key="F02N300/304" definition-exists="false" ipc-concordant="CPCONLY" c-set-base-allowed="false" c-set-subsequent-allowed="true" date-revised="2013-01-01" status="published"><classification-symbol>F02N2300/304</classification-symbol><class-title date-revised="2013-01-01"><title-part><text>with other systems inside the vehicle</text></title-part></class-title></classification-item>
<classification-item breakdown-code="true" not-allocatable="false" level="10" additional-only="true" sort-key="F02N300/306" definition-exists="false" ipc-concordant="CPCONLY" c-set-base-allowed="false" c-set-subsequent-allowed="true" date-revised="2013-01-01" status="published"><classification-symbol>F02N2300/306</classification-symbol><class-title date-revised="2013-01-01"><title-part><text>with external senders or receivers, e.g. receiving signals from traffic lights, other vehicles or base stations</text></title-part></class-title></classification-item></classification-item></classification-item></classification-item></classification-item></classification-item></class-scheme>