<?xml version="1.0" encoding="UTF-8"?>
<class-scheme publication-date="2022-08-01" scheme-type="cpc" publication-type="official">
<classification-item breakdown-code="false" not-allocatable="true" level="5" additional-only="false" sort-key="B25H" definition-exists="true" date-revised="2018-08-01" status="published"><classification-symbol>B25H</classification-symbol><class-title date-revised="2013-01-01"><title-part><text>WORKSHOP EQUIPMENT, e.g. FOR MARKING-OUT WORK</text></title-part><title-part><text>STORAGE MEANS FOR WORKSHOPS </text><reference><text>storing or packaging <class-ref scheme="cpc">B65</class-ref></text></reference></title-part></class-title><notes-and-warnings><note type="warning"><note-paragraph>In this subclass non-limiting references (in the sense of paragraph 39 of the Guide to the IPC) may still be displayed in the scheme.</note-paragraph></note></notes-and-warnings>
<classification-item breakdown-code="false" not-allocatable="true" level="6" additional-only="false" sort-key="B25H1/00" date-revised="2013-01-01" status="published"><classification-symbol>B25H1/00</classification-symbol>
<classification-item breakdown-code="false" not-allocatable="false" level="7" additional-only="false" sort-key="B25H1/00" definition-exists="true" ipc-concordant="B25H1/00" c-set-base-allowed="false" c-set-subsequent-allowed="true" date-revised="2013-01-01" status="published"><classification-symbol>B25H1/00</classification-symbol><class-title date-revised="2013-01-01"><title-part><text>Work benches</text></title-part><title-part><text>Portable stands or supports for positioning portable tools or work to be operated on thereby</text></title-part></class-title>
<classification-item breakdown-code="false" not-allocatable="false" level="8" additional-only="false" sort-key="B25H1/0007" definition-exists="false" ipc-concordant="B25H1/00" c-set-base-allowed="false" c-set-subsequent-allowed="true" date-revised="2013-01-01" status="published"><classification-symbol>B25H1/0007</classification-symbol><class-title date-revised="2013-01-01"><title-part><CPC-specific-text><text>for engines, motor-vehicles or bicycles</text></CPC-specific-text></title-part></class-title>
<classification-item breakdown-code="false" not-allocatable="false" level="9" additional-only="false" sort-key="B25H1/0014" definition-exists="false" ipc-concordant="B25H1/00" c-set-base-allowed="false" c-set-subsequent-allowed="true" date-revised="2013-01-01" status="published"><classification-symbol>B25H1/0014</classification-symbol><class-title date-revised="2013-01-01"><title-part><CPC-specific-text><text>for motorcycles or bicycles</text></CPC-specific-text></title-part></class-title></classification-item></classification-item>
<classification-item breakdown-code="false" not-allocatable="false" level="8" additional-only="false" sort-key="B25H1/0021" definition-exists="false" ipc-concordant="B25H1/00" c-set-base-allowed="false" c-set-subsequent-allowed="true" date-revised="2015-07-01" status="published"><classification-symbol>B25H1/0021</classification-symbol><class-title date-revised="2013-01-01"><title-part><CPC-specific-text><text>Stands, supports or guiding devices for positioning portable tools or for securing them to the work </text><reference><text><class-ref scheme="cpc">B23B41/00</class-ref> takes precedence</text></reference></CPC-specific-text></title-part></class-title>
<classification-item breakdown-code="false" not-allocatable="false" level="9" additional-only="false" sort-key="B25H1/0028" definition-exists="false" ipc-concordant="B25H1/00" c-set-base-allowed="false" c-set-subsequent-allowed="true" date-revised="2013-01-01" status="published"><classification-symbol>B25H1/0028</classification-symbol><class-title date-revised="2013-01-01"><title-part><CPC-specific-text><text>Tool balancers</text></CPC-specific-text></title-part></class-title></classification-item>
<classification-item breakdown-code="false" not-allocatable="false" level="9" additional-only="false" sort-key="B25H1/0035" definition-exists="false" ipc-concordant="B25H1/00" c-set-base-allowed="false" c-set-subsequent-allowed="true" date-revised="2013-01-01" status="published"><classification-symbol>B25H1/0035</classification-symbol><class-title date-revised="2013-01-01"><title-part><CPC-specific-text><text>Extensible supports, e.g. telescopic</text></CPC-specific-text></title-part></class-title></classification-item>
<classification-item breakdown-code="false" not-allocatable="false" level="9" additional-only="false" sort-key="B25H1/0042" definition-exists="false" ipc-concordant="B25H1/00" c-set-base-allowed="false" c-set-subsequent-allowed="true" date-revised="2013-01-01" status="published"><classification-symbol>B25H1/0042</classification-symbol><class-title date-revised="2013-01-01"><title-part><CPC-specific-text><text>Stands </text><reference><text><class-ref scheme="cpc">B25H1/0071</class-ref> takes precedence</text></reference></CPC-specific-text></title-part></class-title>
<classification-item breakdown-code="false" not-allocatable="false" level="10" additional-only="false" sort-key="B25H1/005" definition-exists="false" ipc-concordant="B25H1/00" c-set-base-allowed="false" c-set-subsequent-allowed="true" date-revised="2013-01-01" status="published"><classification-symbol>B25H1/005</classification-symbol><class-title date-revised="2013-01-01"><title-part><CPC-specific-text><text>attached to a workbench</text></CPC-specific-text></title-part></class-title></classification-item></classification-item>
<classification-item breakdown-code="false" not-allocatable="false" level="9" additional-only="false" sort-key="B25H1/0057" definition-exists="false" ipc-concordant="B25H1/00" c-set-base-allowed="false" c-set-subsequent-allowed="true" date-revised="2013-01-01" status="published"><classification-symbol>B25H1/0057</classification-symbol><class-title date-revised="2013-01-01"><title-part><CPC-specific-text><text>Devices for securing hand tools to the work</text></CPC-specific-text></title-part></class-title>
<classification-item breakdown-code="false" not-allocatable="false" level="10" additional-only="false" sort-key="B25H1/0064" definition-exists="false" ipc-concordant="B25H1/00" c-set-base-allowed="false" c-set-subsequent-allowed="true" date-revised="2013-01-01" status="published"><classification-symbol>B25H1/0064</classification-symbol><class-title date-revised="2013-01-01"><title-part><CPC-specific-text><text>Stands attached to the workpiece</text></CPC-specific-text></title-part></class-title>
<classification-item breakdown-code="false" not-allocatable="false" level="11" additional-only="false" sort-key="B25H1/0071" definition-exists="false" ipc-concordant="B25H1/00" c-set-base-allowed="false" c-set-subsequent-allowed="true" date-revised="2013-01-01" status="published"><classification-symbol>B25H1/0071</classification-symbol><class-title date-revised="2013-01-01"><title-part><CPC-specific-text><text>by magnetic means</text></CPC-specific-text></title-part></class-title></classification-item></classification-item></classification-item>
<classification-item breakdown-code="false" not-allocatable="false" level="9" additional-only="false" sort-key="B25H1/0078" definition-exists="false" ipc-concordant="B25H1/00" c-set-base-allowed="false" c-set-subsequent-allowed="true" date-revised="2013-01-01" status="published"><classification-symbol>B25H1/0078</classification-symbol><class-title date-revised="2013-01-01"><title-part><CPC-specific-text><text>Guiding devices for hand tools</text></CPC-specific-text></title-part></class-title>
<classification-item breakdown-code="false" not-allocatable="false" level="10" additional-only="false" sort-key="B25H1/0085" definition-exists="false" ipc-concordant="B25H1/00" c-set-base-allowed="false" c-set-subsequent-allowed="true" date-revised="2013-01-01" status="published"><classification-symbol>B25H1/0085</classification-symbol><class-title date-revised="2013-01-01"><title-part><CPC-specific-text><text>by means of levels</text></CPC-specific-text></title-part></class-title></classification-item>
<classification-item breakdown-code="false" not-allocatable="false" level="10" additional-only="false" sort-key="B25H1/0092" definition-exists="false" ipc-concordant="B25H1/00" c-set-base-allowed="false" c-set-subsequent-allowed="true" date-revised="2013-01-01" status="published"><classification-symbol>B25H1/0092</classification-symbol><class-title date-revised="2013-01-01"><title-part><CPC-specific-text><text>by optical means</text></CPC-specific-text></title-part></class-title></classification-item></classification-item></classification-item>
<classification-item breakdown-code="false" not-allocatable="false" level="8" additional-only="false" sort-key="B25H1/02" definition-exists="false" ipc-concordant="B25H1/02" c-set-base-allowed="false" c-set-subsequent-allowed="true" date-revised="2013-01-01" status="published"><classification-symbol>B25H1/02</classification-symbol><class-title date-revised="2013-01-01"><title-part><text>of table type</text></title-part></class-title>
<classification-item breakdown-code="false" not-allocatable="false" level="9" additional-only="false" sort-key="B25H1/04" definition-exists="false" ipc-concordant="B25H1/04" c-set-base-allowed="false" c-set-subsequent-allowed="true" date-revised="2013-01-01" status="published"><classification-symbol>B25H1/04</classification-symbol><class-title date-revised="2013-01-01"><title-part><text>portable</text></title-part></class-title></classification-item></classification-item>
<classification-item breakdown-code="false" not-allocatable="false" level="8" additional-only="false" sort-key="B25H1/06" definition-exists="false" ipc-concordant="B25H1/06" c-set-base-allowed="false" c-set-subsequent-allowed="true" date-revised="2013-01-01" status="published"><classification-symbol>B25H1/06</classification-symbol><class-title date-revised="2013-01-01"><title-part><text>of trestle type</text></title-part></class-title></classification-item>
<classification-item breakdown-code="false" not-allocatable="false" level="8" additional-only="false" sort-key="B25H1/08" definition-exists="false" ipc-concordant="B25H1/08" c-set-base-allowed="false" c-set-subsequent-allowed="true" date-revised="2013-01-01" status="published"><classification-symbol>B25H1/08</classification-symbol><class-title date-revised="2013-01-01"><title-part><text>with provision for attachment of work holders</text></title-part></class-title></classification-item>
<classification-item breakdown-code="false" not-allocatable="false" level="8" additional-only="false" sort-key="B25H1/10" definition-exists="false" ipc-concordant="B25H1/10" c-set-base-allowed="false" c-set-subsequent-allowed="true" date-revised="2013-01-01" status="published"><classification-symbol>B25H1/10</classification-symbol><class-title date-revised="2013-01-01"><title-part><text>with provision for adjusting holders for tool or work</text></title-part></class-title></classification-item>
<classification-item breakdown-code="false" not-allocatable="false" level="8" additional-only="false" sort-key="B25H1/12" definition-exists="false" ipc-concordant="B25H1/12" c-set-base-allowed="false" c-set-subsequent-allowed="true" date-revised="2013-01-01" status="published"><classification-symbol>B25H1/12</classification-symbol><class-title date-revised="2013-01-01"><title-part><text>with storage compartments</text></title-part></class-title></classification-item>
<classification-item breakdown-code="false" not-allocatable="false" level="8" additional-only="false" sort-key="B25H1/14" definition-exists="false" ipc-concordant="B25H1/14" c-set-base-allowed="false" c-set-subsequent-allowed="true" date-revised="2013-01-01" status="published"><classification-symbol>B25H1/14</classification-symbol><class-title date-revised="2013-01-01"><title-part><text>with provision for adjusting the bench top</text></title-part></class-title>
<classification-item breakdown-code="false" not-allocatable="false" level="9" additional-only="false" sort-key="B25H1/16" definition-exists="false" ipc-concordant="B25H1/16" c-set-base-allowed="false" c-set-subsequent-allowed="true" date-revised="2013-01-01" status="published"><classification-symbol>B25H1/16</classification-symbol><class-title date-revised="2013-01-01"><title-part><text>in height</text></title-part></class-title></classification-item>
<classification-item breakdown-code="false" not-allocatable="false" level="9" additional-only="false" sort-key="B25H1/18" definition-exists="false" ipc-concordant="B25H1/18" c-set-base-allowed="false" c-set-subsequent-allowed="true" date-revised="2013-01-01" status="published"><classification-symbol>B25H1/18</classification-symbol><class-title date-revised="2013-01-01"><title-part><text>in inclination</text></title-part></class-title></classification-item></classification-item>
<classification-item breakdown-code="false" not-allocatable="false" level="8" additional-only="false" sort-key="B25H1/20" definition-exists="false" ipc-concordant="B25H1/20" c-set-base-allowed="false" c-set-subsequent-allowed="true" date-revised="2013-01-01" status="published"><classification-symbol>B25H1/20</classification-symbol><class-title date-revised="2013-01-01"><title-part><text>with provision for shielding the work area</text></title-part></class-title></classification-item></classification-item>
<classification-item breakdown-code="false" not-allocatable="false" level="7" additional-only="false" sort-key="B25H3/00" definition-exists="true" ipc-concordant="B25H3/00" c-set-base-allowed="false" c-set-subsequent-allowed="true" date-revised="2013-01-01" status="published"><classification-symbol>B25H3/00</classification-symbol><class-title date-revised="2013-01-01"><title-part><text>Storage means or arrangements for workshops facilitating access to, or handling of, work tools or instruments </text><reference><text>containers or packages with special means for dispensing contents <class-ref scheme="cpc">B65D83/00</class-ref>; </text><CPC-specific-text><text>nail dispensers <class-ref scheme="cpc">B25C3/00</class-ref></text></CPC-specific-text></reference></title-part></class-title>
<classification-item breakdown-code="false" not-allocatable="false" level="8" additional-only="false" sort-key="B25H3/003" definition-exists="false" ipc-concordant="B25H3/00" c-set-base-allowed="false" c-set-subsequent-allowed="true" date-revised="2013-01-01" status="published"><classification-symbol>B25H3/003</classification-symbol><class-title date-revised="2013-01-01"><title-part><CPC-specific-text><text>Holders for drill bits or the like</text></CPC-specific-text></title-part></class-title></classification-item>
<classification-item breakdown-code="false" not-allocatable="false" level="8" additional-only="false" sort-key="B25H3/006" definition-exists="false" ipc-concordant="B25H3/00" c-set-base-allowed="false" c-set-subsequent-allowed="true" date-revised="2016-08-01" status="published"><classification-symbol>B25H3/006</classification-symbol><class-title date-revised="2016-08-01"><title-part><CPC-specific-text><text>Storage means specially adapted for one specific hand apparatus, e.g. an electric drill</text></CPC-specific-text></title-part></class-title></classification-item>
<classification-item breakdown-code="false" not-allocatable="false" level="8" additional-only="false" sort-key="B25H3/02" definition-exists="false" ipc-concordant="B25H3/02" c-set-base-allowed="false" c-set-subsequent-allowed="true" date-revised="2013-01-01" status="published"><classification-symbol>B25H3/02</classification-symbol><class-title date-revised="2013-01-01"><title-part><text>Boxes</text></title-part></class-title>
<classification-item breakdown-code="false" not-allocatable="false" level="9" additional-only="false" sort-key="B25H3/021" definition-exists="false" ipc-concordant="B25H3/02" c-set-base-allowed="false" c-set-subsequent-allowed="true" date-revised="2013-01-01" status="published"><classification-symbol>B25H3/021</classification-symbol><class-title date-revised="2013-01-01"><title-part><CPC-specific-text><text>comprising a number of connected storage elements</text></CPC-specific-text></title-part></class-title>
<classification-item breakdown-code="false" not-allocatable="false" level="10" additional-only="false" sort-key="B25H3/022" definition-exists="false" ipc-concordant="B25H3/02" c-set-base-allowed="false" c-set-subsequent-allowed="true" date-revised="2013-01-01" status="published"><classification-symbol>B25H3/022</classification-symbol><class-title date-revised="2013-01-01"><title-part><CPC-specific-text><text>in fixed relationship</text></CPC-specific-text></title-part></class-title></classification-item>
<classification-item breakdown-code="false" not-allocatable="false" level="10" additional-only="false" sort-key="B25H3/023" definition-exists="false" ipc-concordant="B25H3/02" c-set-base-allowed="false" c-set-subsequent-allowed="true" date-revised="2013-01-01" status="published"><classification-symbol>B25H3/023</classification-symbol><class-title date-revised="2013-01-01"><title-part><CPC-specific-text><text>movable relative to one another for access to their interiors</text></CPC-specific-text></title-part></class-title>
<classification-item breakdown-code="false" not-allocatable="false" level="11" additional-only="false" sort-key="B25H3/025" definition-exists="false" ipc-concordant="B25H3/02" c-set-base-allowed="false" c-set-subsequent-allowed="true" date-revised="2013-01-01" status="published"><classification-symbol>B25H3/025</classification-symbol><class-title date-revised="2013-01-01"><title-part><CPC-specific-text><text>by rotation about a common axis</text></CPC-specific-text></title-part></class-title></classification-item>
<classification-item breakdown-code="false" not-allocatable="false" level="11" additional-only="false" sort-key="B25H3/026" definition-exists="false" ipc-concordant="B25H3/02" c-set-base-allowed="false" c-set-subsequent-allowed="true" date-revised="2013-01-01" status="published"><classification-symbol>B25H3/026</classification-symbol><class-title date-revised="2013-01-01"><title-part><CPC-specific-text><text>by displacement in a direction substantially perpendicated to th base</text></CPC-specific-text></title-part></class-title></classification-item>
<classification-item breakdown-code="false" not-allocatable="false" level="11" additional-only="false" sort-key="B25H3/027" definition-exists="false" ipc-concordant="B25H3/02" c-set-base-allowed="false" c-set-subsequent-allowed="true" date-revised="2013-01-01" status="published"><classification-symbol>B25H3/027</classification-symbol><class-title date-revised="2013-01-01"><title-part><CPC-specific-text><text>by sliding along one another</text></CPC-specific-text></title-part></class-title></classification-item>
<classification-item breakdown-code="false" not-allocatable="false" level="11" additional-only="false" sort-key="B25H3/028" definition-exists="false" ipc-concordant="B25H3/02" c-set-base-allowed="false" c-set-subsequent-allowed="true" date-revised="2013-01-01" status="published"><classification-symbol>B25H3/028</classification-symbol><class-title date-revised="2013-01-01"><title-part><CPC-specific-text><text>by sliding extraction from within a common frame</text></CPC-specific-text></title-part></class-title></classification-item></classification-item></classification-item></classification-item>
<classification-item breakdown-code="false" not-allocatable="false" level="8" additional-only="false" sort-key="B25H3/04" definition-exists="false" ipc-concordant="B25H3/04" c-set-base-allowed="false" c-set-subsequent-allowed="true" date-revised="2013-01-01" status="published"><classification-symbol>B25H3/04</classification-symbol><class-title date-revised="2013-01-01"><title-part><text>Racks</text></title-part></class-title></classification-item>
<classification-item breakdown-code="false" not-allocatable="false" level="8" additional-only="false" sort-key="B25H3/06" definition-exists="false" ipc-concordant="B25H3/06" c-set-base-allowed="false" c-set-subsequent-allowed="true" date-revised="2013-01-01" status="published"><classification-symbol>B25H3/06</classification-symbol><class-title date-revised="2013-01-01"><title-part><text>Trays</text></title-part></class-title></classification-item></classification-item>
<classification-item breakdown-code="false" not-allocatable="false" level="7" additional-only="false" sort-key="B25H5/00" definition-exists="true" ipc-concordant="B25H5/00" c-set-base-allowed="false" c-set-subsequent-allowed="true" date-revised="2022-08-01" status="published"><classification-symbol>B25H5/00</classification-symbol><class-title date-revised="2022-08-01"><title-part><text>Tool, instrument or work supports or storage means used in association with vehicles</text></title-part><title-part><text>Workers&apos; supports, e.g. mechanics&apos; creepers </text><CPC-specific-text><reference><text>collecting or removing exhaust gases in workshops <class-ref scheme="cpc">B08B15/002</class-ref>; vehicle lifting devices, e.g. jacks, platforms or ramps <class-ref scheme="cpc">B66F</class-ref></text></reference></CPC-specific-text></title-part></class-title></classification-item>
<classification-item breakdown-code="false" not-allocatable="false" level="7" additional-only="false" sort-key="B25H7/00" definition-exists="true" ipc-concordant="B25H7/00" c-set-base-allowed="false" c-set-subsequent-allowed="true" date-revised="2013-01-01" status="published"><classification-symbol>B25H7/00</classification-symbol><class-title date-revised="2013-01-01"><title-part><text>Marking-out or setting-out work </text><reference><text>measuring, gauging <class-ref scheme="cpc">G01</class-ref>; optical apparatus <class-ref scheme="cpc">G02B</class-ref>; by photographic means <class-ref scheme="cpc">G03C</class-ref></text></reference></title-part></class-title>
<classification-item breakdown-code="false" not-allocatable="false" level="8" additional-only="false" sort-key="B25H7/005" definition-exists="false" ipc-concordant="B25H7/00" c-set-base-allowed="false" c-set-subsequent-allowed="true" date-revised="2013-01-01" status="published"><classification-symbol>B25H7/005</classification-symbol><class-title date-revised="2013-01-01"><title-part><CPC-specific-text><text>for pipes</text></CPC-specific-text></title-part></class-title></classification-item>
<classification-item breakdown-code="false" not-allocatable="false" level="8" additional-only="false" sort-key="B25H7/02" definition-exists="false" ipc-concordant="B25H7/02" c-set-base-allowed="false" c-set-subsequent-allowed="true" date-revised="2013-01-01" status="published"><classification-symbol>B25H7/02</classification-symbol><class-title date-revised="2013-01-01"><title-part><text>Plates having a flat surface</text></title-part></class-title></classification-item>
<classification-item breakdown-code="false" not-allocatable="false" level="8" additional-only="false" sort-key="B25H7/04" definition-exists="false" ipc-concordant="B25H7/04" c-set-base-allowed="false" c-set-subsequent-allowed="true" date-revised="2017-08-01" status="published"><classification-symbol>B25H7/04</classification-symbol><class-title date-revised="2017-08-01"><title-part><text>Devices, e.g. scribers, for marking </text><reference><text>centre punches <class-ref scheme="cpc">B25D5/00</class-ref>  </text><CPC-specific-text><text>; cord line chalkers <class-ref scheme="cpc">B44D3/38</class-ref></text></CPC-specific-text></reference></title-part></class-title>
<classification-item breakdown-code="false" not-allocatable="false" level="9" additional-only="false" sort-key="B25H7/045" definition-exists="false" ipc-concordant="B25H7/04" c-set-base-allowed="false" c-set-subsequent-allowed="true" date-revised="2013-01-01" status="published"><classification-symbol>B25H7/045</classification-symbol><class-title date-revised="2013-01-01"><title-part><CPC-specific-text><text>characterised by constructional details of the marking elements</text></CPC-specific-text></title-part></class-title></classification-item></classification-item></classification-item></classification-item></classification-item></class-scheme>