<?xml version="1.0" encoding="UTF-8"?>
<class-scheme publication-date="2022-08-01" scheme-type="cpc" publication-type="official">
<classification-item breakdown-code="false" not-allocatable="true" level="5" additional-only="false" sort-key="C14B" definition-exists="true" date-revised="2018-08-01" status="published"><classification-symbol>C14B</classification-symbol><class-title date-revised="2013-01-01"><title-part><text>MECHANICAL TREATMENT OR PROCESSING OF SKINS, HIDES OR LEATHER IN GENERAL</text></title-part><title-part><text>PELT-SHEARING MACHINES</text></title-part><title-part><text>INTESTINE-SPLITTING MACHINES </text><reference><text>making leather substitutes <class-ref scheme="cpc">B29</class-ref>, <class-ref scheme="cpc">D06N</class-ref>; making articles from leather <class-ref scheme="cpc">B68F</class-ref>; mechanical cleaning of hides or the like <class-ref scheme="cpc">D06G</class-ref>; artificial leather <class-ref scheme="cpc">D06N</class-ref></text></reference></title-part></class-title><notes-and-warnings><note type="warning"><note-paragraph>In this subclass non-limiting references (in the sense of paragraph 39 of the Guide to the IPC) may still be displayed in the scheme.</note-paragraph></note></notes-and-warnings>
<classification-item breakdown-code="false" not-allocatable="true" level="6" additional-only="false" sort-key="C14B1/00" date-revised="2013-01-01" status="published"><classification-symbol>C14B1/00</classification-symbol>
<classification-item breakdown-code="false" not-allocatable="false" level="7" additional-only="false" sort-key="C14B1/00" definition-exists="true" ipc-concordant="C14B1/00" c-set-base-allowed="false" c-set-subsequent-allowed="true" date-revised="2013-01-01" status="published"><classification-symbol>C14B1/00</classification-symbol><class-title date-revised="2013-01-01"><title-part><text>Manufacture of leather</text></title-part><title-part><text>Machines or devices therefor </text><CPC-specific-text><reference><text>machines specially adapted for forming upper shoe blanks or shoe leggings by stretching <class-ref scheme="cpc">A43D8/003</class-ref></text></reference></CPC-specific-text></title-part></class-title>
<classification-item breakdown-code="false" not-allocatable="false" level="8" additional-only="false" sort-key="C14B1/02" definition-exists="false" ipc-concordant="C14B1/02" c-set-base-allowed="false" c-set-subsequent-allowed="true" date-revised="2013-01-01" status="published"><classification-symbol>C14B1/02</classification-symbol><class-title date-revised="2013-01-01"><title-part><text>Fleshing, unhairing, samming, stretching-out, setting-out, shaving, splitting, or skiving skins, hides, or leather</text></title-part></class-title>
<classification-item breakdown-code="false" not-allocatable="false" level="9" additional-only="false" sort-key="C14B1/04" definition-exists="false" ipc-concordant="C14B1/04" c-set-base-allowed="false" c-set-subsequent-allowed="true" date-revised="2013-01-01" status="published"><classification-symbol>C14B1/04</classification-symbol><class-title date-revised="2013-01-01"><title-part><text>using slicking, scraping, or smoothing-out cylinders or blades fixed on supports, e.g. cylinders, in a plane substantially at right angles to the working surface</text></title-part></class-title>
<classification-item breakdown-code="false" not-allocatable="false" level="10" additional-only="false" sort-key="C14B1/06" definition-exists="false" ipc-concordant="C14B1/06" c-set-base-allowed="false" c-set-subsequent-allowed="true" date-revised="2013-01-01" status="published"><classification-symbol>C14B1/06</classification-symbol><class-title date-revised="2013-01-01"><title-part><text>in machines in which the working piece is maintained in contact with the working tools solely by means of rolls</text></title-part></class-title></classification-item>
<classification-item breakdown-code="false" not-allocatable="false" level="10" additional-only="false" sort-key="C14B1/08" definition-exists="false" ipc-concordant="C14B1/08" c-set-base-allowed="false" c-set-subsequent-allowed="true" date-revised="2013-01-01" status="published"><classification-symbol>C14B1/08</classification-symbol><class-title date-revised="2013-01-01"><title-part><text>in machines with flexible bands as bed supporting or counter-pressure elements</text></title-part></class-title></classification-item>
<classification-item breakdown-code="false" not-allocatable="false" level="10" additional-only="false" sort-key="C14B1/10" definition-exists="false" ipc-concordant="C14B1/10" c-set-base-allowed="false" c-set-subsequent-allowed="true" date-revised="2013-01-01" status="published"><classification-symbol>C14B1/10</classification-symbol><class-title date-revised="2013-01-01"><title-part><text>in machines with drums with cylindrical, conical, or similar surfaces for supporting the whole working piece</text></title-part></class-title></classification-item>
<classification-item breakdown-code="false" not-allocatable="false" level="10" additional-only="false" sort-key="C14B1/12" definition-exists="false" ipc-concordant="C14B1/12" c-set-base-allowed="false" c-set-subsequent-allowed="true" date-revised="2013-01-01" status="published"><classification-symbol>C14B1/12</classification-symbol><class-title date-revised="2013-01-01"><title-part><text>in machines with plane supporting bed-plates</text></title-part></class-title></classification-item></classification-item>
<classification-item breakdown-code="false" not-allocatable="false" level="9" additional-only="false" sort-key="C14B1/14" definition-exists="false" ipc-concordant="C14B1/14" c-set-base-allowed="false" c-set-subsequent-allowed="true" date-revised="2013-01-01" status="published"><classification-symbol>C14B1/14</classification-symbol><class-title date-revised="2013-01-01"><title-part><text>using tools cutting the skin in a plane substantially parallel to its surface</text></title-part></class-title>
<classification-item breakdown-code="false" not-allocatable="false" level="10" additional-only="false" sort-key="C14B1/16" definition-exists="false" ipc-concordant="C14B1/16" c-set-base-allowed="false" c-set-subsequent-allowed="true" date-revised="2013-01-01" status="published"><classification-symbol>C14B1/16</classification-symbol><class-title date-revised="2013-01-01"><title-part><text>using fixed or reciprocating knives</text></title-part></class-title></classification-item>
<classification-item breakdown-code="false" not-allocatable="false" level="10" additional-only="false" sort-key="C14B1/18" definition-exists="false" ipc-concordant="C14B1/18" c-set-base-allowed="false" c-set-subsequent-allowed="true" date-revised="2013-01-01" status="published"><classification-symbol>C14B1/18</classification-symbol><class-title date-revised="2013-01-01"><title-part><text>using band knives</text></title-part></class-title></classification-item>
<classification-item breakdown-code="false" not-allocatable="false" level="10" additional-only="false" sort-key="C14B1/20" definition-exists="false" ipc-concordant="C14B1/20" c-set-base-allowed="false" c-set-subsequent-allowed="true" date-revised="2013-01-01" status="published"><classification-symbol>C14B1/20</classification-symbol><class-title date-revised="2013-01-01"><title-part><text>using circular dished or coned knives</text></title-part></class-title></classification-item>
<classification-item breakdown-code="false" not-allocatable="false" level="10" additional-only="false" sort-key="C14B1/22" definition-exists="false" ipc-concordant="C14B1/22" c-set-base-allowed="false" c-set-subsequent-allowed="true" date-revised="2013-01-01" status="published"><classification-symbol>C14B1/22</classification-symbol><class-title date-revised="2013-01-01"><title-part><text>using cylindrical knives</text></title-part></class-title></classification-item></classification-item>
<classification-item breakdown-code="false" not-allocatable="false" level="9" additional-only="false" sort-key="C14B1/24" definition-exists="false" ipc-concordant="C14B1/24" c-set-base-allowed="false" c-set-subsequent-allowed="true" date-revised="2013-01-01" status="published"><classification-symbol>C14B1/24</classification-symbol><class-title date-revised="2013-01-01"><title-part><text>Cutting or shearing hairs without cutting the skin </text><reference><text>shearing furs and plucking hairs for fur manufacturing purposes <class-ref scheme="cpc">C14B15/02</class-ref></text></reference></title-part></class-title></classification-item></classification-item>
<classification-item breakdown-code="false" not-allocatable="false" level="8" additional-only="false" sort-key="C14B1/26" definition-exists="false" ipc-concordant="C14B1/26" c-set-base-allowed="false" c-set-subsequent-allowed="true" date-revised="2013-01-01" status="published"><classification-symbol>C14B1/26</classification-symbol><class-title date-revised="2013-01-01"><title-part><text>Leather tensioning or stretching frames</text></title-part><title-part><text>Stretching-machines</text></title-part><title-part><text>Setting-out boards</text></title-part><title-part><text>Pasting boards </text><reference><text>pasting processes <class-ref scheme="cpc">C14B1/60</class-ref>; fastening devices <class-ref scheme="cpc">C14B17/08</class-ref></text></reference></title-part></class-title></classification-item>
<classification-item breakdown-code="false" not-allocatable="false" level="8" additional-only="false" sort-key="C14B1/28" definition-exists="false" ipc-concordant="C14B1/28" c-set-base-allowed="false" c-set-subsequent-allowed="true" date-revised="2013-01-01" status="published"><classification-symbol>C14B1/28</classification-symbol><class-title date-revised="2013-01-01"><title-part><text>Machines for treating leather combined with devices for measuring and printing</text></title-part></class-title></classification-item>
<classification-item breakdown-code="false" not-allocatable="false" level="8" additional-only="false" sort-key="C14B1/30" definition-exists="false" ipc-concordant="C14B1/30" c-set-base-allowed="false" c-set-subsequent-allowed="true" date-revised="2013-01-01" status="published"><classification-symbol>C14B1/30</classification-symbol><class-title date-revised="2013-01-01"><title-part><text>Pressing or rolling leather</text></title-part></class-title>
<classification-item breakdown-code="false" not-allocatable="false" level="9" additional-only="false" sort-key="C14B1/32" definition-exists="false" ipc-concordant="C14B1/32" c-set-base-allowed="false" c-set-subsequent-allowed="true" date-revised="2013-01-01" status="published"><classification-symbol>C14B1/32</classification-symbol><class-title date-revised="2013-01-01"><title-part><text>by linear movement of the pressing elements</text></title-part></class-title></classification-item>
<classification-item breakdown-code="false" not-allocatable="false" level="9" additional-only="false" sort-key="C14B1/34" definition-exists="false" ipc-concordant="C14B1/34" c-set-base-allowed="false" c-set-subsequent-allowed="true" date-revised="2013-01-01" status="published"><classification-symbol>C14B1/34</classification-symbol><class-title date-revised="2013-01-01"><title-part><text>by rotating movement of the pressing or rolling elements</text></title-part></class-title>
<classification-item breakdown-code="false" not-allocatable="false" level="10" additional-only="false" sort-key="C14B1/36" definition-exists="false" ipc-concordant="C14B1/36" c-set-base-allowed="false" c-set-subsequent-allowed="true" date-revised="2013-01-01" status="published"><classification-symbol>C14B1/36</classification-symbol><class-title date-revised="2013-01-01"><title-part><text>Bridge leather-rolling machines</text></title-part></class-title></classification-item></classification-item></classification-item>
<classification-item breakdown-code="false" not-allocatable="false" level="8" additional-only="false" sort-key="C14B1/38" definition-exists="false" ipc-concordant="C14B1/38" c-set-base-allowed="false" c-set-subsequent-allowed="true" date-revised="2013-01-01" status="published"><classification-symbol>C14B1/38</classification-symbol><class-title date-revised="2013-01-01"><title-part><text>Hammering leather</text></title-part></class-title></classification-item>
<classification-item breakdown-code="false" not-allocatable="false" level="8" additional-only="false" sort-key="C14B1/40" definition-exists="false" ipc-concordant="C14B1/40" c-set-base-allowed="false" c-set-subsequent-allowed="true" date-revised="2013-01-01" status="published"><classification-symbol>C14B1/40</classification-symbol><class-title date-revised="2013-01-01"><title-part><text>Softening or making skins or leather supple, e.g. by staking, boarding, or crippling machines, by dry mills</text></title-part></class-title>
<classification-item breakdown-code="false" not-allocatable="false" level="9" additional-only="false" sort-key="C14B1/42" definition-exists="false" ipc-concordant="C14B1/42" c-set-base-allowed="false" c-set-subsequent-allowed="true" date-revised="2013-01-01" status="published"><classification-symbol>C14B1/42</classification-symbol><class-title date-revised="2013-01-01"><title-part><text>by means of a rotatable drum with radial blades</text></title-part></class-title></classification-item></classification-item>
<classification-item breakdown-code="false" not-allocatable="false" level="8" additional-only="false" sort-key="C14B1/44" definition-exists="true" ipc-concordant="C14B1/44" c-set-base-allowed="false" c-set-subsequent-allowed="true" date-revised="2013-01-01" status="published"><classification-symbol>C14B1/44</classification-symbol><class-title date-revised="2013-01-01"><title-part><text>Mechanical treatment of leather surfaces</text></title-part></class-title>
<classification-item breakdown-code="false" not-allocatable="false" level="9" additional-only="false" sort-key="C14B1/46" definition-exists="true" ipc-concordant="C14B1/46" c-set-base-allowed="false" c-set-subsequent-allowed="true" date-revised="2013-01-01" status="published"><classification-symbol>C14B1/46</classification-symbol><class-title date-revised="2013-01-01"><title-part><text>Fluffing, buffing, or sanding</text></title-part></class-title></classification-item>
<classification-item breakdown-code="false" not-allocatable="false" level="9" additional-only="false" sort-key="C14B1/48" definition-exists="false" ipc-concordant="C14B1/48" c-set-base-allowed="false" c-set-subsequent-allowed="true" date-revised="2013-01-01" status="published"><classification-symbol>C14B1/48</classification-symbol><class-title date-revised="2013-01-01"><title-part><text>Roughening </text><reference><text>by sanding <class-ref scheme="cpc">C14B1/46</class-ref></text></reference></title-part></class-title></classification-item>
<classification-item breakdown-code="false" not-allocatable="false" level="9" additional-only="false" sort-key="C14B1/50" definition-exists="false" ipc-concordant="C14B1/50" c-set-base-allowed="false" c-set-subsequent-allowed="true" date-revised="2013-01-01" status="published"><classification-symbol>C14B1/50</classification-symbol><class-title date-revised="2013-01-01"><title-part><text>Glazing</text></title-part></class-title></classification-item>
<classification-item breakdown-code="false" not-allocatable="false" level="9" additional-only="false" sort-key="C14B1/52" definition-exists="false" ipc-concordant="C14B1/52" c-set-base-allowed="false" c-set-subsequent-allowed="true" date-revised="2013-01-01" status="published"><classification-symbol>C14B1/52</classification-symbol><class-title date-revised="2013-01-01"><title-part><text>Brushing or plush-wheeling</text></title-part></class-title></classification-item>
<classification-item breakdown-code="false" not-allocatable="false" level="9" additional-only="false" sort-key="C14B1/54" definition-exists="false" ipc-concordant="C14B1/54" c-set-base-allowed="false" c-set-subsequent-allowed="true" date-revised="2013-01-01" status="published"><classification-symbol>C14B1/54</classification-symbol><class-title date-revised="2013-01-01"><title-part><text>Ironing </text><reference><text>pressing or rolling <class-ref scheme="cpc">C14B1/30</class-ref></text></reference></title-part></class-title></classification-item>
<classification-item breakdown-code="false" not-allocatable="false" level="9" additional-only="false" sort-key="C14B1/56" definition-exists="true" ipc-concordant="C14B1/56" c-set-base-allowed="false" c-set-subsequent-allowed="true" date-revised="2013-01-01" status="published"><classification-symbol>C14B1/56</classification-symbol><class-title date-revised="2013-01-01"><title-part><text>Ornamenting, producing designs, embossing </text><reference><text>pressing or rolling in general <class-ref scheme="cpc">C14B1/30</class-ref>; producing design on furs <class-ref scheme="cpc">C14B15/12</class-ref></text></reference></title-part></class-title></classification-item></classification-item>
<classification-item breakdown-code="false" not-allocatable="false" level="8" additional-only="false" sort-key="C14B1/58" definition-exists="false" ipc-concordant="C14B1/58" c-set-base-allowed="false" c-set-subsequent-allowed="true" date-revised="2013-01-01" status="published"><classification-symbol>C14B1/58</classification-symbol><class-title date-revised="2013-01-01"><title-part><text>Drying</text></title-part></class-title>
<classification-item breakdown-code="false" not-allocatable="false" level="9" additional-only="false" sort-key="C14B1/60" definition-exists="false" ipc-concordant="C14B1/60" c-set-base-allowed="false" c-set-subsequent-allowed="true" date-revised="2013-01-01" status="published"><classification-symbol>C14B1/60</classification-symbol><class-title date-revised="2013-01-01"><title-part><text>Pasting processes </text><reference><text>pasting boards <class-ref scheme="cpc">C14B1/26</class-ref>; chemical part <class-ref scheme="cpc">C14C7/00</class-ref></text></reference></title-part></class-title></classification-item></classification-item>
<classification-item breakdown-code="false" not-allocatable="false" level="8" additional-only="false" sort-key="C14B1/62" definition-exists="false" ipc-concordant="C14B1/62" c-set-base-allowed="false" c-set-subsequent-allowed="true" date-revised="2013-01-01" status="published"><classification-symbol>C14B1/62</classification-symbol><class-title date-revised="2013-01-01"><title-part><text>Winding or stacking hides or leather</text></title-part></class-title></classification-item></classification-item>
<classification-item breakdown-code="false" not-allocatable="false" level="7" additional-only="false" sort-key="C14B3/00" definition-exists="true" ipc-concordant="C14B3/00" c-set-base-allowed="false" c-set-subsequent-allowed="true" date-revised="2013-01-01" status="published"><classification-symbol>C14B3/00</classification-symbol><class-title date-revised="2013-01-01"><title-part><text>Milling leather</text></title-part></class-title></classification-item>
<classification-item breakdown-code="false" not-allocatable="false" level="7" additional-only="false" sort-key="C14B5/00" definition-exists="true" ipc-concordant="C14B5/00" c-set-base-allowed="false" c-set-subsequent-allowed="true" date-revised="2013-01-01" status="published"><classification-symbol>C14B5/00</classification-symbol><class-title date-revised="2013-01-01"><title-part><text>Clicking, perforating, or cutting leather </text><reference><text>for shoe parts, e.g. soles, <class-ref scheme="cpc">A43D</class-ref>; apparatus not specially adapted for leather <class-ref scheme="cpc">B26D</class-ref></text></reference></title-part></class-title>
<classification-item breakdown-code="false" not-allocatable="false" level="8" additional-only="false" sort-key="C14B5/02" definition-exists="true" ipc-concordant="C14B5/02" c-set-base-allowed="false" c-set-subsequent-allowed="true" date-revised="2013-01-01" status="published"><classification-symbol>C14B5/02</classification-symbol><class-title date-revised="2013-01-01"><title-part><text>Stamps or dies for leather articles</text></title-part></class-title></classification-item>
<classification-item breakdown-code="false" not-allocatable="false" level="8" additional-only="false" sort-key="C14B5/04" definition-exists="false" ipc-concordant="C14B5/04" c-set-base-allowed="false" c-set-subsequent-allowed="true" date-revised="2013-01-01" status="published"><classification-symbol>C14B5/04</classification-symbol><class-title date-revised="2013-01-01"><title-part><text>for making leather belts or strips</text></title-part></class-title>
<classification-item breakdown-code="false" not-allocatable="false" level="9" additional-only="false" sort-key="C14B5/06" definition-exists="false" ipc-concordant="C14B5/06" c-set-base-allowed="false" c-set-subsequent-allowed="true" date-revised="2013-01-01" status="published"><classification-symbol>C14B5/06</classification-symbol><class-title date-revised="2013-01-01"><title-part><text>Machines for cutting strips spirally from discs of leather</text></title-part></class-title></classification-item></classification-item></classification-item>
<classification-item breakdown-code="false" not-allocatable="false" level="7" additional-only="false" sort-key="C14B7/00" definition-exists="true" ipc-concordant="C14B7/00" c-set-base-allowed="false" c-set-subsequent-allowed="true" date-revised="2013-01-01" status="published"><classification-symbol>C14B7/00</classification-symbol><class-title date-revised="2013-01-01"><title-part><text>Special leathers and their manufacture</text></title-part></class-title>
<classification-item breakdown-code="false" not-allocatable="false" level="8" additional-only="false" sort-key="C14B7/02" definition-exists="false" ipc-concordant="C14B7/02" c-set-base-allowed="false" c-set-subsequent-allowed="true" date-revised="2013-01-01" status="published"><classification-symbol>C14B7/02</classification-symbol><class-title date-revised="2013-01-01"><title-part><text>Composite leathers </text><reference><text>with one or more laminae of plastics material <class-ref scheme="cpc">B32B</class-ref></text></reference></title-part></class-title>
<classification-item breakdown-code="false" not-allocatable="false" level="9" additional-only="false" sort-key="C14B7/04" definition-exists="false" ipc-concordant="C14B7/04" c-set-base-allowed="false" c-set-subsequent-allowed="true" date-revised="2013-01-01" status="published"><classification-symbol>C14B7/04</classification-symbol><class-title date-revised="2013-01-01"><title-part><text>by cementing or pressing together leather pieces, strips or layers, Reinforcing or stiffening leather by means of reinforcing layers</text></title-part></class-title></classification-item></classification-item>
<classification-item breakdown-code="false" not-allocatable="false" level="8" additional-only="false" sort-key="C14B7/06" definition-exists="false" ipc-concordant="C14B7/06" c-set-base-allowed="false" c-set-subsequent-allowed="true" date-revised="2013-01-01" status="published"><classification-symbol>C14B7/06</classification-symbol><class-title date-revised="2013-01-01"><title-part><text>Leather webs built up of interengaged strips or pieces, e.g. by braiding</text></title-part></class-title></classification-item></classification-item>
<classification-item breakdown-code="false" not-allocatable="false" level="7" additional-only="false" sort-key="C14B9/00" definition-exists="true" ipc-concordant="C14B9/00" c-set-base-allowed="false" c-set-subsequent-allowed="true" date-revised="2013-01-01" status="published"><classification-symbol>C14B9/00</classification-symbol><class-title date-revised="2013-01-01"><title-part><text>Making driving belts or other leather belts or strips</text></title-part></class-title></classification-item>
<classification-item breakdown-code="false" not-allocatable="false" level="7" additional-only="false" sort-key="C14B11/00" definition-exists="true" ipc-concordant="C14B11/00" c-set-base-allowed="false" c-set-subsequent-allowed="true" date-revised="2013-01-01" status="published"><classification-symbol>C14B11/00</classification-symbol><class-title date-revised="2013-01-01"><title-part><text>Finishing the edges of leather pieces, e.g. by folding, by burning </text><reference><text>milling <class-ref scheme="cpc">C14B3/00</class-ref></text></reference></title-part></class-title></classification-item>
<classification-item breakdown-code="false" not-allocatable="false" level="7" additional-only="false" sort-key="C14B13/00" definition-exists="true" ipc-concordant="C14B13/00" c-set-base-allowed="false" c-set-subsequent-allowed="true" date-revised="2013-01-01" status="published"><classification-symbol>C14B13/00</classification-symbol><class-title date-revised="2013-01-01"><title-part><text>Shredding hides or leather </text><reference><text>shredding in general <class-ref scheme="cpc">B02C</class-ref></text></reference></title-part></class-title></classification-item>
<classification-item breakdown-code="false" not-allocatable="false" level="7" additional-only="false" sort-key="C14B15/00" definition-exists="true" ipc-concordant="C14B15/00" c-set-base-allowed="false" c-set-subsequent-allowed="true" date-revised="2013-01-01" status="published"><classification-symbol>C14B15/00</classification-symbol><class-title date-revised="2013-01-01"><title-part><text>Mechanical treatment of furs</text></title-part></class-title>
<classification-item breakdown-code="false" not-allocatable="false" level="8" additional-only="false" sort-key="C14B15/005" definition-exists="false" ipc-concordant="C14B15/00" c-set-base-allowed="false" c-set-subsequent-allowed="true" date-revised="2013-01-01" status="published"><classification-symbol>C14B15/005</classification-symbol><class-title date-revised="2013-01-01"><title-part><CPC-specific-text><text>Tumbling furs or pelts in a rotating drum</text></CPC-specific-text></title-part></class-title></classification-item>
<classification-item breakdown-code="false" not-allocatable="false" level="8" additional-only="false" sort-key="C14B15/02" definition-exists="false" ipc-concordant="C14B15/02" c-set-base-allowed="false" c-set-subsequent-allowed="true" date-revised="2013-01-01" status="published"><classification-symbol>C14B15/02</classification-symbol><class-title date-revised="2013-01-01"><title-part><text>Shearing</text></title-part><title-part><text>Removing dead or coarse hairs or bristles by shearing or plucking</text></title-part></class-title></classification-item>
<classification-item breakdown-code="false" not-allocatable="false" level="8" additional-only="false" sort-key="C14B15/04" definition-exists="false" ipc-concordant="C14B15/04" c-set-base-allowed="false" c-set-subsequent-allowed="true" date-revised="2013-01-01" status="published"><classification-symbol>C14B15/04</classification-symbol><class-title date-revised="2013-01-01"><title-part><text>Fur dressing</text></title-part></class-title>
<classification-item breakdown-code="false" not-allocatable="false" level="9" additional-only="false" sort-key="C14B15/06" definition-exists="false" ipc-concordant="C14B15/06" c-set-base-allowed="false" c-set-subsequent-allowed="true" date-revised="2013-01-01" status="published"><classification-symbol>C14B15/06</classification-symbol><class-title date-revised="2013-01-01"><title-part><text>Fur-stretching devices</text></title-part></class-title></classification-item></classification-item>
<classification-item breakdown-code="false" not-allocatable="false" level="8" additional-only="false" sort-key="C14B15/08" definition-exists="false" ipc-concordant="C14B15/08" c-set-base-allowed="false" c-set-subsequent-allowed="true" date-revised="2013-01-01" status="published"><classification-symbol>C14B15/08</classification-symbol><class-title date-revised="2013-01-01"><title-part><text>Application of reinforcing or stiffening layers to fur skins</text></title-part></class-title></classification-item>
<classification-item breakdown-code="false" not-allocatable="false" level="8" additional-only="false" sort-key="C14B15/10" definition-exists="false" ipc-concordant="C14B15/10" c-set-base-allowed="false" c-set-subsequent-allowed="true" date-revised="2013-01-01" status="published"><classification-symbol>C14B15/10</classification-symbol><class-title date-revised="2013-01-01"><title-part><text>Cutting furs</text></title-part><title-part><text>Making fur plates or strips</text></title-part></class-title></classification-item>
<classification-item breakdown-code="false" not-allocatable="false" level="8" additional-only="false" sort-key="C14B15/12" definition-exists="true" ipc-concordant="C14B15/12" c-set-base-allowed="false" c-set-subsequent-allowed="true" date-revised="2013-01-01" status="published"><classification-symbol>C14B15/12</classification-symbol><class-title date-revised="2013-01-01"><title-part><text>Finishing, e.g. pointing furs</text></title-part><title-part><text>Producing designs or patterns</text></title-part></class-title></classification-item></classification-item>
<classification-item breakdown-code="false" not-allocatable="false" level="7" additional-only="false" sort-key="C14B17/00" definition-exists="true" ipc-concordant="C14B17/00" c-set-base-allowed="false" c-set-subsequent-allowed="true" date-revised="2013-01-01" status="published"><classification-symbol>C14B17/00</classification-symbol><class-title date-revised="2013-01-01"><title-part><text>Details of apparatus or machines for manufacturing or treating skins, hides, leather, or furs</text></title-part></class-title>
<classification-item breakdown-code="false" not-allocatable="false" level="8" additional-only="false" sort-key="C14B17/005" definition-exists="false" ipc-concordant="C14B17/00" c-set-base-allowed="false" c-set-subsequent-allowed="true" date-revised="2013-01-01" status="published"><classification-symbol>C14B17/005</classification-symbol><class-title date-revised="2013-01-01"><title-part><CPC-specific-text><text>Inspecting hides or furs</text></CPC-specific-text></title-part></class-title></classification-item>
<classification-item breakdown-code="false" not-allocatable="false" level="8" additional-only="false" sort-key="C14B17/02" definition-exists="false" ipc-concordant="C14B17/02" c-set-base-allowed="false" c-set-subsequent-allowed="true" date-revised="2013-01-01" status="published"><classification-symbol>C14B17/02</classification-symbol><class-title date-revised="2013-01-01"><title-part><text>Blading cylinders or other working cylinders, e.g. slicking or scraping cylinders</text></title-part></class-title></classification-item>
<classification-item breakdown-code="false" not-allocatable="false" level="8" additional-only="false" sort-key="C14B17/04" definition-exists="false" ipc-concordant="C14B17/04" c-set-base-allowed="false" c-set-subsequent-allowed="true" date-revised="2013-01-01" status="published"><classification-symbol>C14B17/04</classification-symbol><class-title date-revised="2013-01-01"><title-part><text>Work-supports or other counter-pressing elements</text></title-part><title-part><text>Bed rolls or counter-pressing rolls</text></title-part></class-title></classification-item>
<classification-item breakdown-code="false" not-allocatable="false" level="8" additional-only="false" sort-key="C14B17/06" definition-exists="false" ipc-concordant="C14B17/06" c-set-base-allowed="false" c-set-subsequent-allowed="true" date-revised="2013-01-01" status="published"><classification-symbol>C14B17/06</classification-symbol><class-title date-revised="2013-01-01"><title-part><text>Work feeding or clamping devices</text></title-part></class-title>
<classification-item breakdown-code="false" not-allocatable="false" level="9" additional-only="false" sort-key="C14B17/08" definition-exists="false" ipc-concordant="C14B17/08" c-set-base-allowed="false" c-set-subsequent-allowed="true" date-revised="2013-01-01" status="published"><classification-symbol>C14B17/08</classification-symbol><class-title date-revised="2013-01-01"><title-part><text>Fastening devices, e.g. clips for leather-stretching</text></title-part></class-title></classification-item></classification-item>
<classification-item breakdown-code="false" not-allocatable="false" level="8" additional-only="false" sort-key="C14B17/10" definition-exists="false" ipc-concordant="C14B17/10" c-set-base-allowed="false" c-set-subsequent-allowed="true" date-revised="2013-01-01" status="published"><classification-symbol>C14B17/10</classification-symbol><class-title date-revised="2013-01-01"><title-part><text>Arrangements for driving parts of leather-working machines</text></title-part></class-title></classification-item>
<classification-item breakdown-code="false" not-allocatable="false" level="8" additional-only="false" sort-key="C14B17/12" definition-exists="false" ipc-concordant="C14B17/12" c-set-base-allowed="false" c-set-subsequent-allowed="true" date-revised="2013-01-01" status="published"><classification-symbol>C14B17/12</classification-symbol><class-title date-revised="2013-01-01"><title-part><text>Safety devices specially adapted for leather-working machines</text></title-part></class-title></classification-item>
<classification-item breakdown-code="false" not-allocatable="false" level="8" additional-only="false" sort-key="C14B17/14" definition-exists="false" ipc-concordant="C14B17/14" c-set-base-allowed="false" c-set-subsequent-allowed="true" date-revised="2013-01-01" status="published"><classification-symbol>C14B17/14</classification-symbol><class-title date-revised="2013-01-01"><title-part><text>Auxiliary devices for leather-working machines, e.g. grinding devices for blading cylinders or dust-removal devices combined with the working machines</text></title-part></class-title></classification-item></classification-item>
<classification-item breakdown-code="false" not-allocatable="false" level="7" additional-only="false" sort-key="C14B19/00" definition-exists="true" ipc-concordant="C14B19/00" c-set-base-allowed="false" c-set-subsequent-allowed="true" date-revised="2013-01-01" status="published"><classification-symbol>C14B19/00</classification-symbol><class-title date-revised="2013-01-01"><title-part><text>Hand tools specially adapted for the treatment of hides, skins, or leather in the manufacture of leather and furs </text><reference><text>equipment and tools for saddlery <class-ref scheme="cpc">B68C</class-ref></text></reference></title-part></class-title></classification-item>
<classification-item breakdown-code="false" not-allocatable="false" level="7" additional-only="false" sort-key="C14B21/00" definition-exists="true" ipc-concordant="C14B21/00" c-set-base-allowed="false" c-set-subsequent-allowed="true" date-revised="2013-01-01" status="published"><classification-symbol>C14B21/00</classification-symbol><class-title date-revised="2013-01-01"><title-part><text>Splitting intestines</text></title-part><title-part><text>Cutting intestines longitudinally </text><reference><text>cleaning or cutting intestines during processing of meat <class-ref scheme="cpc">A22C17/00</class-ref></text></reference></title-part></class-title></classification-item>
<classification-item breakdown-code="false" not-allocatable="false" level="7" additional-only="false" sort-key="C14B99/00" definition-exists="true" ipc-concordant="C14B99/00" c-set-base-allowed="false" c-set-subsequent-allowed="true" date-revised="2013-01-01" status="published"><classification-symbol>C14B99/00</classification-symbol><class-title date-revised="2013-01-01"><title-part><text>Subject matter not provided for in other groups of this subclass</text></title-part></class-title></classification-item></classification-item>
<classification-item breakdown-code="true" not-allocatable="true" level="6" additional-only="true" sort-key="C14B700/00" date-revised="2013-01-01" status="published"><classification-symbol>C14B2700/00</classification-symbol>
<classification-item breakdown-code="true" not-allocatable="false" level="7" additional-only="true" sort-key="C14B700/00" definition-exists="false" ipc-concordant="CPCONLY" c-set-base-allowed="false" c-set-subsequent-allowed="true" date-revised="2013-01-01" status="published"><classification-symbol>C14B2700/00</classification-symbol><class-title date-revised="2013-01-01"><title-part><text>Mechanical treatment or processing of skins, hides or leather in general</text></title-part><title-part><text>Pelt-shearing machines</text></title-part><title-part><text>Making driving belts</text></title-part><title-part><text>Machines for splitting intestines</text></title-part></class-title>
<classification-item breakdown-code="true" not-allocatable="false" level="8" additional-only="true" sort-key="C14B700/01" definition-exists="false" ipc-concordant="CPCONLY" c-set-base-allowed="false" c-set-subsequent-allowed="true" date-revised="2013-01-01" status="published"><classification-symbol>C14B2700/01</classification-symbol><class-title date-revised="2013-01-01"><title-part><text>Machines or devices for treating skins, hides or leather in general, e.g. fleshing, unhairing, samming, stretching-out, setting-out</text></title-part></class-title>
<classification-item breakdown-code="true" not-allocatable="false" level="9" additional-only="true" sort-key="C14B700/013" definition-exists="false" ipc-concordant="CPCONLY" c-set-base-allowed="false" c-set-subsequent-allowed="true" date-revised="2013-01-01" status="published"><classification-symbol>C14B2700/013</classification-symbol><class-title date-revised="2013-01-01"><title-part><text>using circular, cylindrical or band knives</text></title-part></class-title></classification-item>
<classification-item breakdown-code="true" not-allocatable="false" level="9" additional-only="true" sort-key="C14B700/016" definition-exists="false" ipc-concordant="CPCONLY" c-set-base-allowed="false" c-set-subsequent-allowed="true" date-revised="2013-01-01" status="published"><classification-symbol>C14B2700/016</classification-symbol><class-title date-revised="2013-01-01"><title-part><text>using slicking, scraping, or smoothing-out cylinders</text></title-part></class-title></classification-item></classification-item>
<classification-item breakdown-code="true" not-allocatable="false" level="8" additional-only="true" sort-key="C14B700/02" definition-exists="false" ipc-concordant="CPCONLY" c-set-base-allowed="false" c-set-subsequent-allowed="true" date-revised="2013-01-01" status="published"><classification-symbol>C14B2700/02</classification-symbol><class-title date-revised="2013-01-01"><title-part><text>Machines or devices for treating skins, hides and leather using cylinders with helical blades and a tensioning cylinder, cylindrical or conical working table</text></title-part></class-title></classification-item>
<classification-item breakdown-code="true" not-allocatable="false" level="8" additional-only="true" sort-key="C14B700/07" definition-exists="false" ipc-concordant="CPCONLY" c-set-base-allowed="false" c-set-subsequent-allowed="true" date-revised="2013-01-01" status="published"><classification-symbol>C14B2700/07</classification-symbol><class-title date-revised="2013-01-01"><title-part><text>Leather tensioning or stretching frames</text></title-part><title-part><text>Stretching-machines</text></title-part><title-part><text>Setting-out boards</text></title-part><title-part><text>Pasting boards</text></title-part><title-part><text>Fastening devices</text></title-part><title-part><text>Drying of leather</text></title-part></class-title></classification-item>
<classification-item breakdown-code="true" not-allocatable="false" level="8" additional-only="true" sort-key="C14B700/10" definition-exists="false" ipc-concordant="CPCONLY" c-set-base-allowed="false" c-set-subsequent-allowed="true" date-revised="2013-01-01" status="published"><classification-symbol>C14B2700/10</classification-symbol><class-title date-revised="2013-01-01"><title-part><text>Processes and machines for splitting leather and devices for measuring and printing on hides</text></title-part></class-title></classification-item>
<classification-item breakdown-code="true" not-allocatable="false" level="8" additional-only="true" sort-key="C14B700/11" definition-exists="false" ipc-concordant="CPCONLY" c-set-base-allowed="false" c-set-subsequent-allowed="true" date-revised="2013-01-01" status="published"><classification-symbol>C14B2700/11</classification-symbol><class-title date-revised="2013-01-01"><title-part><text>Machines or apparatus for cutting or milling leather or hides</text></title-part></class-title>
<classification-item breakdown-code="true" not-allocatable="false" level="9" additional-only="true" sort-key="C14B700/113" definition-exists="false" ipc-concordant="CPCONLY" c-set-base-allowed="false" c-set-subsequent-allowed="true" date-revised="2013-01-01" status="published"><classification-symbol>C14B2700/113</classification-symbol><class-title date-revised="2013-01-01"><title-part><text>Cutting presses</text></title-part></class-title></classification-item>
<classification-item breakdown-code="true" not-allocatable="false" level="9" additional-only="true" sort-key="C14B700/116" definition-exists="false" ipc-concordant="CPCONLY" c-set-base-allowed="false" c-set-subsequent-allowed="true" date-revised="2013-01-01" status="published"><classification-symbol>C14B2700/116</classification-symbol><class-title date-revised="2013-01-01"><title-part><text>Perforating machines</text></title-part></class-title></classification-item></classification-item>
<classification-item breakdown-code="true" not-allocatable="false" level="8" additional-only="true" sort-key="C14B700/12" definition-exists="false" ipc-concordant="CPCONLY" c-set-base-allowed="false" c-set-subsequent-allowed="true" date-revised="2013-01-01" status="published"><classification-symbol>C14B2700/12</classification-symbol><class-title date-revised="2013-01-01"><title-part><text>Pressing or rolling leather</text></title-part></class-title></classification-item>
<classification-item breakdown-code="true" not-allocatable="false" level="8" additional-only="true" sort-key="C14B700/14" definition-exists="false" ipc-concordant="CPCONLY" c-set-base-allowed="false" c-set-subsequent-allowed="true" date-revised="2013-01-01" status="published"><classification-symbol>C14B2700/14</classification-symbol><class-title date-revised="2013-01-01"><title-part><text>Processes or apparatus for setting-out, smoothing, ironing or polishing leather or hides</text></title-part></class-title></classification-item>
<classification-item breakdown-code="true" not-allocatable="false" level="8" additional-only="true" sort-key="C14B700/16" definition-exists="false" ipc-concordant="CPCONLY" c-set-base-allowed="false" c-set-subsequent-allowed="true" date-revised="2013-01-01" status="published"><classification-symbol>C14B2700/16</classification-symbol><class-title date-revised="2013-01-01"><title-part><text>Machines for glazing, plush-wheeling or brushing</text></title-part></class-title></classification-item>
<classification-item breakdown-code="true" not-allocatable="false" level="8" additional-only="true" sort-key="C14B700/18" definition-exists="false" ipc-concordant="CPCONLY" c-set-base-allowed="false" c-set-subsequent-allowed="true" date-revised="2013-01-01" status="published"><classification-symbol>C14B2700/18</classification-symbol><class-title date-revised="2013-01-01"><title-part><text>Machines for producing designs on leather</text></title-part></class-title>
<classification-item breakdown-code="true" not-allocatable="false" level="9" additional-only="true" sort-key="C14B700/185" definition-exists="false" ipc-concordant="CPCONLY" c-set-base-allowed="false" c-set-subsequent-allowed="true" date-revised="2013-01-01" status="published"><classification-symbol>C14B2700/185</classification-symbol><class-title date-revised="2013-01-01"><title-part><text>by means of a bridge leather-rolling machine</text></title-part></class-title></classification-item></classification-item>
<classification-item breakdown-code="true" not-allocatable="false" level="8" additional-only="true" sort-key="C14B700/20" definition-exists="false" ipc-concordant="CPCONLY" c-set-base-allowed="false" c-set-subsequent-allowed="true" date-revised="2013-01-01" status="published"><classification-symbol>C14B2700/20</classification-symbol><class-title date-revised="2013-01-01"><title-part><text>Processes or apparatus for making leather belts</text></title-part></class-title></classification-item>
<classification-item breakdown-code="true" not-allocatable="false" level="8" additional-only="true" sort-key="C14B700/21" definition-exists="false" ipc-concordant="CPCONLY" c-set-base-allowed="false" c-set-subsequent-allowed="true" date-revised="2013-01-01" status="published"><classification-symbol>C14B2700/21</classification-symbol><class-title date-revised="2013-01-01"><title-part><text>Stretching machines or frames for belts</text></title-part></class-title></classification-item>
<classification-item breakdown-code="true" not-allocatable="false" level="8" additional-only="true" sort-key="C14B700/23" definition-exists="false" ipc-concordant="CPCONLY" c-set-base-allowed="false" c-set-subsequent-allowed="true" date-revised="2013-01-01" status="published"><classification-symbol>C14B2700/23</classification-symbol><class-title date-revised="2013-01-01"><title-part><text>Machines for cutting the skin in a plane substantially parallel to its surface</text></title-part></class-title></classification-item>
<classification-item breakdown-code="true" not-allocatable="false" level="8" additional-only="true" sort-key="C14B700/25" definition-exists="false" ipc-concordant="CPCONLY" c-set-base-allowed="false" c-set-subsequent-allowed="true" date-revised="2013-01-01" status="published"><classification-symbol>C14B2700/25</classification-symbol><class-title date-revised="2013-01-01"><title-part><text>Cutting or shearing hairs without cutting the skin</text></title-part></class-title></classification-item>
<classification-item breakdown-code="true" not-allocatable="false" level="8" additional-only="true" sort-key="C14B700/26" definition-exists="false" ipc-concordant="CPCONLY" c-set-base-allowed="false" c-set-subsequent-allowed="true" date-revised="2013-01-01" status="published"><classification-symbol>C14B2700/26</classification-symbol><class-title date-revised="2013-01-01"><title-part><text>Tools for tanning</text></title-part></class-title></classification-item>
<classification-item breakdown-code="true" not-allocatable="false" level="8" additional-only="true" sort-key="C14B700/27" definition-exists="false" ipc-concordant="CPCONLY" c-set-base-allowed="false" c-set-subsequent-allowed="true" date-revised="2013-01-01" status="published"><classification-symbol>C14B2700/27</classification-symbol><class-title date-revised="2013-01-01"><title-part><text>Rotating drums for treating leather</text></title-part></class-title></classification-item>
<classification-item breakdown-code="true" not-allocatable="false" level="8" additional-only="true" sort-key="C14B700/28" definition-exists="false" ipc-concordant="CPCONLY" c-set-base-allowed="false" c-set-subsequent-allowed="true" date-revised="2016-05-01" status="published"><classification-symbol>C14B2700/28</classification-symbol><class-title date-revised="2016-05-01"><title-part><text>Processes or apparatus for the mechanical treatment of hides or leather not provided for in groups <class-ref scheme="cpc">C14B2700/01</class-ref>&#160;-&#160;<class-ref scheme="cpc">C14B2700/27</class-ref></text></title-part></class-title></classification-item></classification-item></classification-item></classification-item></class-scheme>