<?xml version="1.0" encoding="UTF-8"?>
<class-scheme publication-date="2022-08-01" scheme-type="cpc" publication-type="official">
<classification-item breakdown-code="false" not-allocatable="true" level="5" additional-only="false" sort-key="A63J" definition-exists="true" date-revised="2020-05-01" status="published"><classification-symbol>A63J</classification-symbol><class-title date-revised="2017-08-01"><title-part><text>DEVICES FOR THEATRES, CIRCUSES, OR THE LIKE</text></title-part><title-part><text>CONJURING APPLIANCES OR THE LIKE</text></title-part></class-title><notes-and-warnings><note type="warning"><note-paragraph>In this subclass non-limiting references (in the sense of paragraph 39 of the Guide to the IPC) may still be displayed in the scheme.</note-paragraph></note></notes-and-warnings>
<classification-item breakdown-code="false" not-allocatable="true" level="6" additional-only="false" sort-key="A63J1/00" date-revised="2013-01-01" status="published"><classification-symbol>A63J1/00</classification-symbol>
<classification-item breakdown-code="false" not-allocatable="false" level="7" additional-only="false" sort-key="A63J1/00" definition-exists="true" ipc-concordant="A63J1/00" c-set-base-allowed="false" c-set-subsequent-allowed="true" date-revised="2013-01-01" status="published"><classification-symbol>A63J1/00</classification-symbol><class-title date-revised="2017-08-01"><title-part><text>Stage arrangements</text></title-part></class-title>
<classification-item breakdown-code="false" not-allocatable="false" level="8" additional-only="false" sort-key="A63J1/02" definition-exists="true" ipc-concordant="A63J1/02" c-set-base-allowed="false" c-set-subsequent-allowed="true" date-revised="2013-01-01" status="published"><classification-symbol>A63J1/02</classification-symbol><class-title date-revised="2013-01-01"><title-part><text>Scenery</text></title-part><title-part><text>Curtains</text></title-part><title-part><text>Other decorations</text></title-part><title-part><text>Means for moving same </text><CPC-specific-text><reference><text>fireproof curtains <class-ref scheme="cpc">A62C2/10</class-ref></text></reference></CPC-specific-text></title-part></class-title>
<classification-item breakdown-code="true" not-allocatable="false" level="9" additional-only="true" sort-key="A63J1/022" definition-exists="false" ipc-concordant="A63J1/02" c-set-base-allowed="false" c-set-subsequent-allowed="true" date-revised="2013-01-01" status="published"><classification-symbol>A63J2001/022</classification-symbol><class-title date-revised="2013-01-01"><title-part><CPC-specific-text><text>wound up when not in use</text></CPC-specific-text></title-part></class-title></classification-item>
<classification-item breakdown-code="true" not-allocatable="false" level="9" additional-only="true" sort-key="A63J1/024" definition-exists="false" ipc-concordant="A63J1/02" c-set-base-allowed="false" c-set-subsequent-allowed="true" date-revised="2013-01-01" status="published"><classification-symbol>A63J2001/024</classification-symbol><class-title date-revised="2013-01-01"><title-part><CPC-specific-text><text>folded up when not in use or opened</text></CPC-specific-text></title-part></class-title></classification-item>
<classification-item breakdown-code="true" not-allocatable="false" level="9" additional-only="true" sort-key="A63J1/026" definition-exists="false" ipc-concordant="A63J1/02" c-set-base-allowed="false" c-set-subsequent-allowed="true" date-revised="2013-01-01" status="published"><classification-symbol>A63J2001/026</classification-symbol><class-title date-revised="2013-01-01"><title-part><CPC-specific-text><text>inflatable</text></CPC-specific-text></title-part></class-title></classification-item>
<classification-item breakdown-code="false" not-allocatable="false" level="9" additional-only="false" sort-key="A63J1/028" definition-exists="true" ipc-concordant="A63J1/02" c-set-base-allowed="false" c-set-subsequent-allowed="true" date-revised="2013-01-01" status="published"><classification-symbol>A63J1/028</classification-symbol><class-title date-revised="2013-01-01"><title-part><CPC-specific-text><text>Means for moving hanging scenery</text></CPC-specific-text></title-part></class-title></classification-item></classification-item></classification-item>
<classification-item breakdown-code="false" not-allocatable="false" level="7" additional-only="false" sort-key="A63J3/00" definition-exists="true" ipc-concordant="A63J3/00" c-set-base-allowed="false" c-set-subsequent-allowed="true" date-revised="2017-08-01" status="published"><classification-symbol>A63J3/00</classification-symbol><class-title date-revised="2017-08-01"><title-part><text>Equipment for, or arrangement of, circuses or arenas</text></title-part></class-title></classification-item>
<classification-item breakdown-code="false" not-allocatable="false" level="7" additional-only="false" sort-key="A63J5/00" definition-exists="true" ipc-concordant="A63J5/00" c-set-base-allowed="false" c-set-subsequent-allowed="true" date-revised="2017-08-01" status="published"><classification-symbol>A63J5/00</classification-symbol><class-title date-revised="2017-08-01"><title-part><text>Auxiliaries for producing special effects on stages, or in circuses or arenas</text></title-part></class-title>
<classification-item breakdown-code="true" not-allocatable="false" level="8" additional-only="true" sort-key="A63J5/001" definition-exists="false" ipc-concordant="A63J5/00" c-set-base-allowed="false" c-set-subsequent-allowed="true" date-revised="2013-01-01" status="published"><classification-symbol>A63J2005/001</classification-symbol><class-title date-revised="2013-01-01"><title-part><CPC-specific-text><text>enhancing the performance by involving senses complementary to sight or hearing</text></CPC-specific-text></title-part></class-title>
<classification-item breakdown-code="true" not-allocatable="false" level="9" additional-only="true" sort-key="A63J5/002" definition-exists="false" ipc-concordant="A63J5/00" c-set-base-allowed="false" c-set-subsequent-allowed="true" date-revised="2013-01-01" status="published"><classification-symbol>A63J2005/002</classification-symbol><class-title date-revised="2013-01-01"><title-part><CPC-specific-text><text>moving the spectator&apos;s body</text></CPC-specific-text></title-part></class-title></classification-item>
<classification-item breakdown-code="true" not-allocatable="false" level="9" additional-only="true" sort-key="A63J5/003" definition-exists="false" ipc-concordant="A63J5/00" c-set-base-allowed="false" c-set-subsequent-allowed="true" date-revised="2013-01-01" status="published"><classification-symbol>A63J2005/003</classification-symbol><class-title date-revised="2013-01-01"><title-part><CPC-specific-text><text>Tactile sense</text></CPC-specific-text></title-part></class-title></classification-item>
<classification-item breakdown-code="true" not-allocatable="false" level="9" additional-only="true" sort-key="A63J5/005" definition-exists="false" ipc-concordant="A63J5/00" c-set-base-allowed="false" c-set-subsequent-allowed="true" date-revised="2019-08-01" status="published"><classification-symbol>A63J2005/005</classification-symbol><class-title date-revised="2019-08-01"><title-part><CPC-specific-text><text>Climate</text></CPC-specific-text></title-part></class-title>
<classification-item breakdown-code="true" not-allocatable="false" level="10" additional-only="true" sort-key="A63J5/006" definition-exists="false" ipc-concordant="A63J5/00" c-set-base-allowed="false" c-set-subsequent-allowed="true" date-revised="2013-01-01" status="published"><classification-symbol>A63J2005/006</classification-symbol><class-title date-revised="2013-01-01"><title-part><CPC-specific-text><text>Temperature</text></CPC-specific-text></title-part></class-title></classification-item>
<classification-item breakdown-code="true" not-allocatable="false" level="10" additional-only="true" sort-key="A63J5/007" definition-exists="false" ipc-concordant="A63J5/00" c-set-base-allowed="false" c-set-subsequent-allowed="true" date-revised="2013-01-01" status="published"><classification-symbol>A63J2005/007</classification-symbol><class-title date-revised="2013-01-01"><title-part><CPC-specific-text><text>Humidity</text></CPC-specific-text></title-part></class-title></classification-item></classification-item>
<classification-item breakdown-code="true" not-allocatable="false" level="9" additional-only="true" sort-key="A63J5/008" definition-exists="false" ipc-concordant="A63J5/00" c-set-base-allowed="false" c-set-subsequent-allowed="true" date-revised="2013-01-01" status="published"><classification-symbol>A63J2005/008</classification-symbol><class-title date-revised="2013-01-01"><title-part><CPC-specific-text><text>Smell sense</text></CPC-specific-text></title-part></class-title></classification-item></classification-item>
<classification-item breakdown-code="false" not-allocatable="false" level="8" additional-only="false" sort-key="A63J5/02" definition-exists="false" ipc-concordant="A63J5/02" c-set-base-allowed="false" c-set-subsequent-allowed="true" date-revised="2013-01-01" status="published"><classification-symbol>A63J5/02</classification-symbol><class-title date-revised="2013-01-01"><title-part><text>Arrangements for making stage effects</text></title-part><title-part><text>Auxiliary stage appliances</text></title-part></class-title>
<classification-item breakdown-code="false" not-allocatable="false" level="9" additional-only="false" sort-key="A63J5/021" definition-exists="false" ipc-concordant="A63J5/02" c-set-base-allowed="false" c-set-subsequent-allowed="true" date-revised="2013-01-01" status="published"><classification-symbol>A63J5/021</classification-symbol><class-title date-revised="2013-01-01"><title-part><CPC-specific-text><text>Mixing live action with images projected on translucent screens</text></CPC-specific-text></title-part></class-title></classification-item>
<classification-item breakdown-code="false" not-allocatable="false" level="9" additional-only="false" sort-key="A63J5/023" definition-exists="false" ipc-concordant="A63J5/02" c-set-base-allowed="false" c-set-subsequent-allowed="true" date-revised="2013-01-01" status="published"><classification-symbol>A63J5/023</classification-symbol><class-title date-revised="2013-01-01"><title-part><CPC-specific-text><text>for making fire and flame simulations </text><reference><text>electric stoves simulating flames <class-ref scheme="cpc">F24C7/004</class-ref></text></reference></CPC-specific-text></title-part></class-title></classification-item>
<classification-item breakdown-code="false" not-allocatable="false" level="9" additional-only="false" sort-key="A63J5/025" definition-exists="true" ipc-concordant="A63J5/02" c-set-base-allowed="false" c-set-subsequent-allowed="true" date-revised="2013-01-01" status="published"><classification-symbol>A63J5/025</classification-symbol><class-title date-revised="2013-01-01"><title-part><CPC-specific-text><text>Devices for making mist or smoke effects, e.g. with liquid air </text><reference><text>for camouflage <class-ref scheme="cpc">F41H9/06</class-ref></text></reference></CPC-specific-text></title-part></class-title>
<classification-item breakdown-code="true" not-allocatable="false" level="10" additional-only="true" sort-key="A63J5/026" definition-exists="false" ipc-concordant="A63J5/02" c-set-base-allowed="false" c-set-subsequent-allowed="true" date-revised="2013-01-01" status="published"><classification-symbol>A63J2005/026</classification-symbol><class-title date-revised="2013-01-01"><title-part><CPC-specific-text><text>for making smoke rings</text></CPC-specific-text></title-part></class-title></classification-item></classification-item>
<classification-item breakdown-code="false" not-allocatable="false" level="9" additional-only="false" sort-key="A63J5/028" definition-exists="false" ipc-concordant="A63J5/02" c-set-base-allowed="false" c-set-subsequent-allowed="true" date-revised="2013-01-01" status="published"><classification-symbol>A63J5/028</classification-symbol><class-title date-revised="2013-01-01"><title-part><CPC-specific-text><text>Devices for making snow effects</text></CPC-specific-text></title-part></class-title></classification-item>
<classification-item breakdown-code="false" not-allocatable="false" level="9" additional-only="false" sort-key="A63J5/04" definition-exists="false" ipc-concordant="A63J5/04" c-set-base-allowed="false" c-set-subsequent-allowed="true" date-revised="2013-01-01" status="published"><classification-symbol>A63J5/04</classification-symbol><class-title date-revised="2013-01-01"><title-part><text>Arrangements for making sound-effects</text></title-part></class-title></classification-item></classification-item>
<classification-item breakdown-code="false" not-allocatable="false" level="8" additional-only="false" sort-key="A63J5/10" definition-exists="false" ipc-concordant="A63J5/10" c-set-base-allowed="false" c-set-subsequent-allowed="true" date-revised="2013-01-01" status="published"><classification-symbol>A63J5/10</classification-symbol><class-title date-revised="2013-01-01"><title-part><text>Arrangements for making visible or audible the words spoken</text></title-part></class-title></classification-item>
<classification-item breakdown-code="false" not-allocatable="false" level="8" additional-only="false" sort-key="A63J5/12" definition-exists="true" ipc-concordant="A63J5/12" c-set-base-allowed="false" c-set-subsequent-allowed="true" date-revised="2017-08-01" status="published"><classification-symbol>A63J5/12</classification-symbol><class-title date-revised="2017-08-01"><title-part><text>Apparatus for raising or lowering persons</text></title-part></class-title></classification-item></classification-item>
<classification-item breakdown-code="false" not-allocatable="false" level="7" additional-only="false" sort-key="A63J7/00" definition-exists="true" ipc-concordant="A63J7/00" c-set-base-allowed="false" c-set-subsequent-allowed="true" date-revised="2013-01-01" status="published"><classification-symbol>A63J7/00</classification-symbol><class-title date-revised="2013-01-01"><title-part><text>Auxiliary apparatus for artistes</text></title-part></class-title>
<classification-item breakdown-code="false" not-allocatable="false" level="8" additional-only="false" sort-key="A63J7/005" definition-exists="true" ipc-concordant="A63J7/00" c-set-base-allowed="false" c-set-subsequent-allowed="true" date-revised="2013-01-01" status="published"><classification-symbol>A63J7/005</classification-symbol><class-title date-revised="2013-01-01"><title-part><CPC-specific-text><text>Disguises for one or more persons for life-like imitations of creatures, e.g. animals, giants </text><reference><text>masks <class-ref scheme="cpc">A41G7/00</class-ref>; hand-puppets <class-ref scheme="cpc">A63H3/14</class-ref></text></reference></CPC-specific-text></title-part></class-title></classification-item></classification-item>
<classification-item breakdown-code="false" not-allocatable="false" level="7" additional-only="false" sort-key="A63J9/00" definition-exists="true" ipc-concordant="A63J9/00" c-set-base-allowed="false" c-set-subsequent-allowed="true" date-revised="2017-08-01" status="published"><classification-symbol>A63J9/00</classification-symbol><class-title date-revised="2017-08-01"><title-part><text>Centrifugal tracks, loop-the-loops or the like</text></title-part></class-title></classification-item>
<classification-item breakdown-code="false" not-allocatable="false" level="7" additional-only="false" sort-key="A63J11/00" definition-exists="true" ipc-concordant="A63J11/00" c-set-base-allowed="false" c-set-subsequent-allowed="true" date-revised="2013-01-01" status="published"><classification-symbol>A63J11/00</classification-symbol><class-title date-revised="2013-01-01"><title-part><text>Labyrinths</text></title-part></class-title></classification-item>
<classification-item breakdown-code="false" not-allocatable="false" level="7" additional-only="false" sort-key="A63J13/00" definition-exists="true" ipc-concordant="A63J13/00" c-set-base-allowed="false" c-set-subsequent-allowed="true" date-revised="2017-08-01" status="published"><classification-symbol>A63J13/00</classification-symbol><class-title date-revised="2017-08-01"><title-part><text>Panoramas, dioramas, stereoramas, or the like</text></title-part></class-title></classification-item>
<classification-item breakdown-code="false" not-allocatable="false" level="7" additional-only="false" sort-key="A63J15/00" definition-exists="true" ipc-concordant="A63J15/00" c-set-base-allowed="false" c-set-subsequent-allowed="true" date-revised="2017-08-01" status="published"><classification-symbol>A63J15/00</classification-symbol><class-title date-revised="2017-08-01"><title-part><text>Peep-shows, e.g. raree-shows</text></title-part><title-part><text>Kaleidoscopic or other opalescence exhibitions</text></title-part></class-title></classification-item>
<classification-item breakdown-code="false" not-allocatable="false" level="7" additional-only="false" sort-key="A63J17/00" definition-exists="true" ipc-concordant="A63J17/00" c-set-base-allowed="false" c-set-subsequent-allowed="true" date-revised="2013-01-01" status="published"><classification-symbol>A63J17/00</classification-symbol><class-title date-revised="2013-01-01"><title-part><text>Apparatus for performing colour-music</text></title-part></class-title></classification-item>
<classification-item breakdown-code="false" not-allocatable="false" level="7" additional-only="false" sort-key="A63J19/00" definition-exists="true" ipc-concordant="A63J19/00" c-set-base-allowed="false" c-set-subsequent-allowed="true" date-revised="2013-01-01" status="published"><classification-symbol>A63J19/00</classification-symbol><class-title date-revised="2013-01-01"><title-part><text>Puppet, marionette, or shadow shows or theatres</text></title-part></class-title>
<classification-item breakdown-code="true" not-allocatable="false" level="8" additional-only="true" sort-key="A63J19/003" definition-exists="false" ipc-concordant="A63J19/00" c-set-base-allowed="false" c-set-subsequent-allowed="true" date-revised="2013-01-01" status="published"><classification-symbol>A63J2019/003</classification-symbol><class-title date-revised="2013-01-01"><title-part><CPC-specific-text><text>Shadow shows</text></CPC-specific-text></title-part></class-title></classification-item>
<classification-item breakdown-code="false" not-allocatable="false" level="8" additional-only="false" sort-key="A63J19/006" definition-exists="true" ipc-concordant="A63J19/00" c-set-base-allowed="false" c-set-subsequent-allowed="true" date-revised="2013-01-01" status="published"><classification-symbol>A63J19/006</classification-symbol><class-title date-revised="2013-01-01"><title-part><CPC-specific-text><text>Puppets or marionettes therefor</text></CPC-specific-text></title-part></class-title></classification-item></classification-item>
<classification-item breakdown-code="false" not-allocatable="false" level="7" additional-only="false" sort-key="A63J21/00" definition-exists="true" ipc-concordant="A63J21/00" c-set-base-allowed="false" c-set-subsequent-allowed="true" date-revised="2013-01-01" status="published"><classification-symbol>A63J21/00</classification-symbol><class-title date-revised="2013-01-01"><title-part><text>Conjuring appliances</text></title-part><title-part><text>Auxiliary apparatus for conjurers</text></title-part></class-title></classification-item>
<classification-item breakdown-code="false" not-allocatable="false" level="7" additional-only="false" sort-key="A63J25/00" definition-exists="true" ipc-concordant="A63J25/00" c-set-base-allowed="false" c-set-subsequent-allowed="true" date-revised="2013-01-01" status="published"><classification-symbol>A63J25/00</classification-symbol><class-title date-revised="2013-01-01"><title-part><text>Equipment specially adapted for cinemas </text><reference><text>cinematographic projection means <class-ref scheme="cpc">G03B</class-ref></text></reference></title-part></class-title></classification-item>
<classification-item breakdown-code="false" not-allocatable="false" level="7" additional-only="false" sort-key="A63J99/00" definition-exists="false" ipc-concordant="A63J99/00" c-set-base-allowed="false" c-set-subsequent-allowed="true" date-revised="2013-01-01" status="published"><classification-symbol>A63J99/00</classification-symbol><class-title date-revised="2013-01-01"><title-part><text>Subject matter not provided for in other groups of this subclass</text></title-part></class-title></classification-item></classification-item></classification-item></class-scheme>