<?xml version="1.0" encoding="UTF-8"?>
<class-scheme publication-date="2022-08-01" scheme-type="cpc" publication-type="official">
<classification-item breakdown-code="false" not-allocatable="true" level="5" additional-only="false" sort-key="G16Y" definition-exists="true" date-revised="2020-01-01" status="published"><classification-symbol>G16Y</classification-symbol><class-title date-revised="2020-01-01"><title-part><text>INFORMATION AND COMMUNICATION TECHNOLOGY SPECIALLY ADAPTED FOR THE INTERNET OF THINGS [IoT]</text></title-part></class-title><notes-and-warnings><note type="note"><note-paragraph>This subclass <u>covers</u> inter-networking of physical objects (&quot;things&quot;) that embed technology enabling the things to sense and collect information from their internal state or their external environment, wherein the information is processed by the things or by other devices, e.g. servers, to be output to the things, to other things or to other devices, and enabling these things to be connected to the Internet either directly or indirectly.<subnote type="bullet"><note-paragraph> &quot;Directly connected to Internet&quot; means that a thing possesses a network address of the Internet address space, which is used to communicate over the Internet.</note-paragraph><note-paragraph>&quot;Indirectly connected to Internet&quot; means that a thing is connected to a proxy device, which possesses a network address of the Internet address space and which communicates over the Internet on behalf of the thing.</note-paragraph><note-paragraph> A network address of the Internet address space is an address uniquely identifying a device in the Internet.</note-paragraph></subnote></note-paragraph><note-paragraph>This subclass <u>does not cover</u>:<subnote type="bullet"><note-paragraph>Mere monitoring, e.g. security cameras, or mere controlling, e.g. remote control arrangements.</note-paragraph><note-paragraph>Generic computing and communicating devices, e.g. computers or telephones</note-paragraph></subnote> </note-paragraph><note-paragraph>This subclass is intended to enable a complementary search of subject matter related to IoT by combination of classification symbols of this subclass with classification symbols from other subclasses. Therefore this subclass <u>covers</u> aspects of IoT (e.g. detection or navigation) that might also be entirely or partially covered elsewhere in the IPC.</note-paragraph><note-paragraph>This subclass is for obligatory supplementary classification of subject matter already classified as such in other classification places, when the subject matter contains an aspect of IoT.</note-paragraph><note-paragraph>The classification symbols of this subclass are not listed first when assigned to patent documents.</note-paragraph><note-paragraph>No systematic reclassification was done when this subclass was introduced. When searching using the symbols of this subclass it should be noted that many documents published before 2020 are not classified in subclass <class-ref scheme="cpc">G16Y</class-ref>.</note-paragraph></note></notes-and-warnings>
<classification-item breakdown-code="false" not-allocatable="true" level="6" additional-only="false" sort-key="G16Y10/00" date-revised="2020-01-01" status="published"><classification-symbol>G16Y10/00</classification-symbol>
<classification-item breakdown-code="false" not-allocatable="false" level="7" additional-only="false" sort-key="G16Y10/00" definition-exists="false" ipc-concordant="G16Y10/00" c-set-base-allowed="false" c-set-subsequent-allowed="true" date-revised="2020-01-01" status="published"><classification-symbol>G16Y10/00</classification-symbol><class-title date-revised="2020-01-01"><title-part><text>Economic sectors</text></title-part></class-title>
<classification-item breakdown-code="false" not-allocatable="false" level="8" additional-only="false" sort-key="G16Y10/05" definition-exists="false" ipc-concordant="G16Y10/05" c-set-base-allowed="false" c-set-subsequent-allowed="true" date-revised="2020-01-01" status="published"><classification-symbol>G16Y10/05</classification-symbol><class-title date-revised="2020-01-01"><title-part><text>Agriculture</text></title-part></class-title></classification-item>
<classification-item breakdown-code="false" not-allocatable="false" level="8" additional-only="false" sort-key="G16Y10/10" definition-exists="false" ipc-concordant="G16Y10/10" c-set-base-allowed="false" c-set-subsequent-allowed="true" date-revised="2020-01-01" status="published"><classification-symbol>G16Y10/10</classification-symbol><class-title date-revised="2020-01-01"><title-part><text>Forestry</text></title-part></class-title></classification-item>
<classification-item breakdown-code="false" not-allocatable="false" level="8" additional-only="false" sort-key="G16Y10/15" definition-exists="false" ipc-concordant="G16Y10/15" c-set-base-allowed="false" c-set-subsequent-allowed="true" date-revised="2020-01-01" status="published"><classification-symbol>G16Y10/15</classification-symbol><class-title date-revised="2020-01-01"><title-part><text>Fishing</text></title-part></class-title></classification-item>
<classification-item breakdown-code="false" not-allocatable="false" level="8" additional-only="false" sort-key="G16Y10/20" definition-exists="false" ipc-concordant="G16Y10/20" c-set-base-allowed="false" c-set-subsequent-allowed="true" date-revised="2020-01-01" status="published"><classification-symbol>G16Y10/20</classification-symbol><class-title date-revised="2020-01-01"><title-part><text>Mining</text></title-part></class-title></classification-item>
<classification-item breakdown-code="false" not-allocatable="false" level="8" additional-only="false" sort-key="G16Y10/25" definition-exists="false" ipc-concordant="G16Y10/25" c-set-base-allowed="false" c-set-subsequent-allowed="true" date-revised="2020-01-01" status="published"><classification-symbol>G16Y10/25</classification-symbol><class-title date-revised="2020-01-01"><title-part><text>Manufacturing</text></title-part></class-title></classification-item>
<classification-item breakdown-code="false" not-allocatable="false" level="8" additional-only="false" sort-key="G16Y10/30" definition-exists="false" ipc-concordant="G16Y10/30" c-set-base-allowed="false" c-set-subsequent-allowed="true" date-revised="2020-01-01" status="published"><classification-symbol>G16Y10/30</classification-symbol><class-title date-revised="2020-01-01"><title-part><text>Construction</text></title-part></class-title></classification-item>
<classification-item breakdown-code="false" not-allocatable="false" level="8" additional-only="false" sort-key="G16Y10/35" definition-exists="false" ipc-concordant="G16Y10/35" c-set-base-allowed="false" c-set-subsequent-allowed="true" date-revised="2020-01-01" status="published"><classification-symbol>G16Y10/35</classification-symbol><class-title date-revised="2020-01-01"><title-part><text>Utilities, e.g. electricity, gas or water</text></title-part></class-title></classification-item>
<classification-item breakdown-code="false" not-allocatable="false" level="8" additional-only="false" sort-key="G16Y10/40" definition-exists="false" ipc-concordant="G16Y10/40" c-set-base-allowed="false" c-set-subsequent-allowed="true" date-revised="2020-01-01" status="published"><classification-symbol>G16Y10/40</classification-symbol><class-title date-revised="2020-01-01"><title-part><text>Transportation</text></title-part></class-title></classification-item>
<classification-item breakdown-code="false" not-allocatable="false" level="8" additional-only="false" sort-key="G16Y10/45" definition-exists="false" ipc-concordant="G16Y10/45" c-set-base-allowed="false" c-set-subsequent-allowed="true" date-revised="2020-01-01" status="published"><classification-symbol>G16Y10/45</classification-symbol><class-title date-revised="2020-01-01"><title-part><text>Commerce</text></title-part></class-title></classification-item>
<classification-item breakdown-code="false" not-allocatable="false" level="8" additional-only="false" sort-key="G16Y10/50" definition-exists="false" ipc-concordant="G16Y10/50" c-set-base-allowed="false" c-set-subsequent-allowed="true" date-revised="2020-01-01" status="published"><classification-symbol>G16Y10/50</classification-symbol><class-title date-revised="2020-01-01"><title-part><text>Finance</text></title-part><title-part><text>Insurance</text></title-part></class-title></classification-item>
<classification-item breakdown-code="false" not-allocatable="false" level="8" additional-only="false" sort-key="G16Y10/55" definition-exists="false" ipc-concordant="G16Y10/55" c-set-base-allowed="false" c-set-subsequent-allowed="true" date-revised="2020-01-01" status="published"><classification-symbol>G16Y10/55</classification-symbol><class-title date-revised="2020-01-01"><title-part><text>Education</text></title-part></class-title></classification-item>
<classification-item breakdown-code="false" not-allocatable="false" level="8" additional-only="false" sort-key="G16Y10/60" definition-exists="false" ipc-concordant="G16Y10/60" c-set-base-allowed="false" c-set-subsequent-allowed="true" date-revised="2020-01-01" status="published"><classification-symbol>G16Y10/60</classification-symbol><class-title date-revised="2020-01-01"><title-part><text>Healthcare</text></title-part><title-part><text>Welfare</text></title-part></class-title></classification-item>
<classification-item breakdown-code="false" not-allocatable="false" level="8" additional-only="false" sort-key="G16Y10/65" definition-exists="false" ipc-concordant="G16Y10/65" c-set-base-allowed="false" c-set-subsequent-allowed="true" date-revised="2020-01-01" status="published"><classification-symbol>G16Y10/65</classification-symbol><class-title date-revised="2020-01-01"><title-part><text>Entertainment or amusement</text></title-part><title-part><text>Sports</text></title-part></class-title></classification-item>
<classification-item breakdown-code="false" not-allocatable="false" level="8" additional-only="false" sort-key="G16Y10/70" definition-exists="false" ipc-concordant="G16Y10/70" c-set-base-allowed="false" c-set-subsequent-allowed="true" date-revised="2020-01-01" status="published"><classification-symbol>G16Y10/70</classification-symbol><class-title date-revised="2020-01-01"><title-part><text>Broadcasting</text></title-part></class-title></classification-item>
<classification-item breakdown-code="false" not-allocatable="false" level="8" additional-only="false" sort-key="G16Y10/75" definition-exists="false" ipc-concordant="G16Y10/75" c-set-base-allowed="false" c-set-subsequent-allowed="true" date-revised="2020-01-01" status="published"><classification-symbol>G16Y10/75</classification-symbol><class-title date-revised="2020-01-01"><title-part><text>Information technology</text></title-part><title-part><text>Communication</text></title-part></class-title></classification-item>
<classification-item breakdown-code="false" not-allocatable="false" level="8" additional-only="false" sort-key="G16Y10/80" definition-exists="false" ipc-concordant="G16Y10/80" c-set-base-allowed="false" c-set-subsequent-allowed="true" date-revised="2020-01-01" status="published"><classification-symbol>G16Y10/80</classification-symbol><class-title date-revised="2020-01-01"><title-part><text>Homes</text></title-part><title-part><text>Buildings</text></title-part></class-title></classification-item>
<classification-item breakdown-code="false" not-allocatable="false" level="8" additional-only="false" sort-key="G16Y10/90" definition-exists="false" ipc-concordant="G16Y10/90" c-set-base-allowed="false" c-set-subsequent-allowed="true" date-revised="2020-01-01" status="published"><classification-symbol>G16Y10/90</classification-symbol><class-title date-revised="2020-01-01"><title-part><text>Chemistry</text></title-part></class-title></classification-item></classification-item>
<classification-item breakdown-code="false" not-allocatable="false" level="7" additional-only="false" sort-key="G16Y20/00" definition-exists="false" ipc-concordant="G16Y20/00" c-set-base-allowed="false" c-set-subsequent-allowed="true" date-revised="2020-01-01" status="published"><classification-symbol>G16Y20/00</classification-symbol><class-title date-revised="2020-01-01"><title-part><text>Information sensed or collected by the things</text></title-part></class-title>
<classification-item breakdown-code="false" not-allocatable="false" level="8" additional-only="false" sort-key="G16Y20/10" definition-exists="false" ipc-concordant="G16Y20/10" c-set-base-allowed="false" c-set-subsequent-allowed="true" date-revised="2020-01-01" status="published"><classification-symbol>G16Y20/10</classification-symbol><class-title date-revised="2020-01-01"><title-part><text>relating to the environment, e.g. temperature</text></title-part><title-part><text>relating to location</text></title-part></class-title></classification-item>
<classification-item breakdown-code="false" not-allocatable="false" level="8" additional-only="false" sort-key="G16Y20/20" definition-exists="false" ipc-concordant="G16Y20/20" c-set-base-allowed="false" c-set-subsequent-allowed="true" date-revised="2020-01-01" status="published"><classification-symbol>G16Y20/20</classification-symbol><class-title date-revised="2020-01-01"><title-part><text>relating to the thing itself</text></title-part></class-title></classification-item>
<classification-item breakdown-code="false" not-allocatable="false" level="8" additional-only="false" sort-key="G16Y20/30" definition-exists="false" ipc-concordant="G16Y20/30" c-set-base-allowed="false" c-set-subsequent-allowed="true" date-revised="2020-01-01" status="published"><classification-symbol>G16Y20/30</classification-symbol><class-title date-revised="2020-01-01"><title-part><text>relating to resources, e.g. consumed power</text></title-part></class-title></classification-item>
<classification-item breakdown-code="false" not-allocatable="false" level="8" additional-only="false" sort-key="G16Y20/40" definition-exists="false" ipc-concordant="G16Y20/40" c-set-base-allowed="false" c-set-subsequent-allowed="true" date-revised="2020-01-01" status="published"><classification-symbol>G16Y20/40</classification-symbol><class-title date-revised="2020-01-01"><title-part><text>relating to personal data, e.g. biometric data, records or preferences</text></title-part></class-title></classification-item></classification-item>
<classification-item breakdown-code="false" not-allocatable="false" level="7" additional-only="false" sort-key="G16Y30/00" definition-exists="true" ipc-concordant="G16Y30/00" c-set-base-allowed="false" c-set-subsequent-allowed="true" date-revised="2020-01-01" status="published"><classification-symbol>G16Y30/00</classification-symbol><class-title date-revised="2020-01-01"><title-part><text>IoT infrastructure</text></title-part></class-title>
<classification-item breakdown-code="false" not-allocatable="false" level="8" additional-only="false" sort-key="G16Y30/10" definition-exists="false" ipc-concordant="G16Y30/10" c-set-base-allowed="false" c-set-subsequent-allowed="true" date-revised="2020-01-01" status="published"><classification-symbol>G16Y30/10</classification-symbol><class-title date-revised="2020-01-01"><title-part><text>Security thereof</text></title-part></class-title></classification-item></classification-item>
<classification-item breakdown-code="false" not-allocatable="false" level="7" additional-only="false" sort-key="G16Y40/00" definition-exists="true" ipc-concordant="G16Y40/00" c-set-base-allowed="false" c-set-subsequent-allowed="true" date-revised="2020-01-01" status="published"><classification-symbol>G16Y40/00</classification-symbol><class-title date-revised="2020-01-01"><title-part><text>IoT characterised by the purpose of the information processing</text></title-part></class-title>
<classification-item breakdown-code="false" not-allocatable="false" level="8" additional-only="false" sort-key="G16Y40/10" definition-exists="false" ipc-concordant="G16Y40/10" c-set-base-allowed="false" c-set-subsequent-allowed="true" date-revised="2020-01-01" status="published"><classification-symbol>G16Y40/10</classification-symbol><class-title date-revised="2020-01-01"><title-part><text>Detection</text></title-part><title-part><text>Monitoring</text></title-part></class-title></classification-item>
<classification-item breakdown-code="false" not-allocatable="false" level="8" additional-only="false" sort-key="G16Y40/20" definition-exists="false" ipc-concordant="G16Y40/20" c-set-base-allowed="false" c-set-subsequent-allowed="true" date-revised="2020-01-01" status="published"><classification-symbol>G16Y40/20</classification-symbol><class-title date-revised="2020-01-01"><title-part><text>Analytics</text></title-part><title-part><text>Diagnosis</text></title-part></class-title></classification-item>
<classification-item breakdown-code="false" not-allocatable="false" level="8" additional-only="false" sort-key="G16Y40/30" definition-exists="false" ipc-concordant="G16Y40/30" c-set-base-allowed="false" c-set-subsequent-allowed="true" date-revised="2020-01-01" status="published"><classification-symbol>G16Y40/30</classification-symbol><class-title date-revised="2020-01-01"><title-part><text>Control</text></title-part></class-title>
<classification-item breakdown-code="false" not-allocatable="false" level="9" additional-only="false" sort-key="G16Y40/35" definition-exists="false" ipc-concordant="G16Y40/35" c-set-base-allowed="false" c-set-subsequent-allowed="true" date-revised="2020-01-01" status="published"><classification-symbol>G16Y40/35</classification-symbol><class-title date-revised="2020-01-01"><title-part><text>Management of things, i.e. controlling in accordance with a policy or in order to achieve specified objectives</text></title-part></class-title></classification-item></classification-item>
<classification-item breakdown-code="false" not-allocatable="false" level="8" additional-only="false" sort-key="G16Y40/40" definition-exists="false" ipc-concordant="G16Y40/40" c-set-base-allowed="false" c-set-subsequent-allowed="true" date-revised="2020-01-01" status="published"><classification-symbol>G16Y40/40</classification-symbol><class-title date-revised="2020-01-01"><title-part><text>Maintenance of things</text></title-part></class-title></classification-item>
<classification-item breakdown-code="false" not-allocatable="false" level="8" additional-only="false" sort-key="G16Y40/50" definition-exists="false" ipc-concordant="G16Y40/50" c-set-base-allowed="false" c-set-subsequent-allowed="true" date-revised="2020-01-01" status="published"><classification-symbol>G16Y40/50</classification-symbol><class-title date-revised="2020-01-01"><title-part><text>Safety</text></title-part><title-part><text>Security of things, users, data or systems</text></title-part></class-title></classification-item>
<classification-item breakdown-code="false" not-allocatable="false" level="8" additional-only="false" sort-key="G16Y40/60" definition-exists="false" ipc-concordant="G16Y40/60" c-set-base-allowed="false" c-set-subsequent-allowed="true" date-revised="2020-01-01" status="published"><classification-symbol>G16Y40/60</classification-symbol><class-title date-revised="2020-01-01"><title-part><text>Positioning</text></title-part><title-part><text>Navigation</text></title-part></class-title></classification-item></classification-item></classification-item></classification-item></class-scheme>