<?xml version="1.0" encoding="UTF-8"?>
<class-scheme publication-date="2022-08-01" scheme-type="cpc" publication-type="official">
<classification-item breakdown-code="false" not-allocatable="true" level="5" additional-only="false" sort-key="A23D" definition-exists="true" date-revised="2020-05-01" status="published"><classification-symbol>A23D</classification-symbol><class-title date-revised="2018-05-01"><title-part><text>EDIBLE OILS OR FATS, e.g. MARGARINES, SHORTENINGS, COOKING OILS </text><reference><text>animal feeding-stuffs <class-ref scheme="cpc">A23K10/00</class-ref>-<class-ref scheme="cpc">A23K20/30</class-ref>, <class-ref scheme="cpc">A23K30/00</class-ref>-<class-ref scheme="cpc">A23K50/90</class-ref>; foods or foodstuffs containing edible oils or fats <class-ref scheme="cpc">A21D</class-ref>, <class-ref scheme="cpc">A23C</class-ref>, <class-ref scheme="cpc">A23G</class-ref>, <class-ref scheme="cpc">A23L</class-ref>; obtaining, refining, preserving <class-ref scheme="cpc">C11B</class-ref>, <class-ref scheme="cpc">C11C</class-ref>; hydrogenation <class-ref scheme="cpc">C11C3/12</class-ref></text></reference></title-part></class-title><notes-and-warnings><note type="warning"><note-paragraph>In this subclass non-limiting references (in the sense of paragraph 39 of the Guide to the IPC) may still be displayed in the scheme.</note-paragraph></note></notes-and-warnings>
<classification-item breakdown-code="false" not-allocatable="true" level="6" additional-only="false" sort-key="A23D7/00" date-revised="2013-01-01" status="published"><classification-symbol>A23D7/00</classification-symbol>
<classification-item breakdown-code="false" not-allocatable="false" level="7" additional-only="false" sort-key="A23D7/00" definition-exists="true" ipc-concordant="A23D7/00" c-set-base-allowed="false" c-set-subsequent-allowed="true" date-revised="2013-01-01" status="published"><classification-symbol>A23D7/00</classification-symbol><class-title date-revised="2013-01-01"><title-part><text>Edible oil or fat compositions containing an aqueous phase, e.g. margarines</text></title-part></class-title>
<classification-item breakdown-code="false" not-allocatable="false" level="8" additional-only="false" sort-key="A23D7/001" definition-exists="true" ipc-concordant="A23D7/00" c-set-base-allowed="false" c-set-subsequent-allowed="true" date-revised="2013-01-01" status="published"><classification-symbol>A23D7/001</classification-symbol><class-title date-revised="2013-01-01"><title-part><CPC-specific-text><text>Spread compositions </text><reference><text>characterised by ingredients other than fatty acid triglycerides <class-ref scheme="cpc">A23D7/0056</class-ref></text></reference></CPC-specific-text></title-part></class-title></classification-item>
<classification-item breakdown-code="false" not-allocatable="false" level="8" additional-only="false" sort-key="A23D7/003" definition-exists="true" ipc-concordant="A23D7/00" c-set-base-allowed="false" c-set-subsequent-allowed="true" date-revised="2013-01-01" status="published"><classification-symbol>A23D7/003</classification-symbol><class-title date-revised="2013-01-01"><title-part><CPC-specific-text><text>Compositions other than spreads </text><reference><text>characterised by ingredients other than fatty acid triglycerides <class-ref scheme="cpc">A23D7/0053</class-ref></text></reference></CPC-specific-text></title-part></class-title></classification-item>
<classification-item breakdown-code="false" not-allocatable="false" level="8" additional-only="false" sort-key="A23D7/005" definition-exists="true" ipc-concordant="A23D7/005" c-set-base-allowed="false" c-set-subsequent-allowed="true" date-revised="2013-01-01" status="published"><classification-symbol>A23D7/005</classification-symbol><class-title date-revised="2013-01-01"><title-part><text>characterised by ingredients other than fatty acid triglycerides</text></title-part></class-title>
<classification-item breakdown-code="false" not-allocatable="false" level="9" additional-only="false" sort-key="A23D7/0053" definition-exists="true" ipc-concordant="A23D7/005" c-set-base-allowed="false" c-set-subsequent-allowed="true" date-revised="2013-01-01" status="published"><classification-symbol>A23D7/0053</classification-symbol><class-title date-revised="2013-01-01"><title-part><CPC-specific-text><text>Compositions other than spreads</text></CPC-specific-text></title-part></class-title></classification-item>
<classification-item breakdown-code="false" not-allocatable="false" level="9" additional-only="false" sort-key="A23D7/0056" definition-exists="true" ipc-concordant="A23D7/005" c-set-base-allowed="false" c-set-subsequent-allowed="true" date-revised="2013-01-01" status="published"><classification-symbol>A23D7/0056</classification-symbol><class-title date-revised="2013-01-01"><title-part><CPC-specific-text><text>Spread compositions</text></CPC-specific-text></title-part></class-title></classification-item></classification-item>
<classification-item breakdown-code="false" not-allocatable="false" level="8" additional-only="false" sort-key="A23D7/01" definition-exists="true" ipc-concordant="A23D7/01" c-set-base-allowed="false" c-set-subsequent-allowed="true" date-revised="2013-01-01" status="published"><classification-symbol>A23D7/01</classification-symbol><class-title date-revised="2013-01-01"><title-part><text>Other fatty acid esters, e.g. phosphatides</text></title-part></class-title>
<classification-item breakdown-code="false" not-allocatable="false" level="9" additional-only="false" sort-key="A23D7/011" definition-exists="true" ipc-concordant="A23D7/01" c-set-base-allowed="false" c-set-subsequent-allowed="true" date-revised="2013-01-01" status="published"><classification-symbol>A23D7/011</classification-symbol><class-title date-revised="2013-01-01"><title-part><CPC-specific-text><text>Compositions other than spreads</text></CPC-specific-text></title-part></class-title></classification-item>
<classification-item breakdown-code="false" not-allocatable="false" level="9" additional-only="false" sort-key="A23D7/013" definition-exists="true" ipc-concordant="A23D7/01" c-set-base-allowed="false" c-set-subsequent-allowed="true" date-revised="2013-01-01" status="published"><classification-symbol>A23D7/013</classification-symbol><class-title date-revised="2013-01-01"><title-part><CPC-specific-text><text>Spread compositions</text></CPC-specific-text></title-part></class-title></classification-item></classification-item>
<classification-item breakdown-code="false" not-allocatable="false" level="8" additional-only="false" sort-key="A23D7/015" definition-exists="true" ipc-concordant="A23D7/015" c-set-base-allowed="false" c-set-subsequent-allowed="true" date-revised="2017-08-01" status="published"><classification-symbol>A23D7/015</classification-symbol><class-title date-revised="2017-08-01"><title-part><text>Reducing calorie content</text></title-part><title-part><text>Reducing fat content </text><CPC-specific-text><text>, e.g. &quot;halvarines&quot;</text></CPC-specific-text></title-part></class-title></classification-item>
<classification-item breakdown-code="false" not-allocatable="false" level="8" additional-only="false" sort-key="A23D7/02" definition-exists="true" ipc-concordant="A23D7/02" c-set-base-allowed="false" c-set-subsequent-allowed="true" date-revised="2013-01-01" status="published"><classification-symbol>A23D7/02</classification-symbol><class-title date-revised="2013-01-01"><title-part><text>characterised by the production or working-up </text><CPC-specific-text><reference><text>kneading, forming <class-ref scheme="cpc">A01J21/00</class-ref></text></reference></CPC-specific-text></title-part></class-title>
<classification-item breakdown-code="false" not-allocatable="false" level="9" additional-only="false" sort-key="A23D7/04" definition-exists="true" ipc-concordant="A23D7/04" c-set-base-allowed="false" c-set-subsequent-allowed="true" date-revised="2013-01-01" status="published"><classification-symbol>A23D7/04</classification-symbol><class-title date-revised="2013-01-01"><title-part><text>Working-up</text></title-part></class-title>
<classification-item breakdown-code="false" not-allocatable="false" level="10" additional-only="false" sort-key="A23D7/05" definition-exists="true" ipc-concordant="A23D7/05" c-set-base-allowed="false" c-set-subsequent-allowed="true" date-revised="2013-01-01" status="published"><classification-symbol>A23D7/05</classification-symbol><class-title date-revised="2013-01-01"><title-part><text>characterised by essential cooling</text></title-part></class-title></classification-item></classification-item></classification-item>
<classification-item breakdown-code="false" not-allocatable="false" level="8" additional-only="false" sort-key="A23D7/06" definition-exists="true" ipc-concordant="A23D7/06" c-set-base-allowed="false" c-set-subsequent-allowed="true" date-revised="2013-01-01" status="published"><classification-symbol>A23D7/06</classification-symbol><class-title date-revised="2013-01-01"><title-part><text>Preservation of finished products </text><CPC-specific-text><reference><text>by using antioxidants or biocides <class-ref scheme="cpc">C11B5/00</class-ref></text></reference></CPC-specific-text></title-part></class-title></classification-item></classification-item>
<classification-item breakdown-code="false" not-allocatable="false" level="7" additional-only="false" sort-key="A23D9/00" definition-exists="true" ipc-concordant="A23D9/00" c-set-base-allowed="false" c-set-subsequent-allowed="true" date-revised="2013-01-01" status="published"><classification-symbol>A23D9/00</classification-symbol><class-title date-revised="2013-01-01"><title-part><text>Other edible oils or fats, e.g. shortenings, cooking oils</text></title-part></class-title>
<classification-item breakdown-code="false" not-allocatable="false" level="8" additional-only="false" sort-key="A23D9/007" definition-exists="true" ipc-concordant="A23D9/007" c-set-base-allowed="false" c-set-subsequent-allowed="true" date-revised="2013-01-01" status="published"><classification-symbol>A23D9/007</classification-symbol><class-title date-revised="2013-01-01"><title-part><text>characterised by ingredients other than fatty acid triglycerides</text></title-part></class-title>
<classification-item breakdown-code="false" not-allocatable="false" level="9" additional-only="false" sort-key="A23D9/013" definition-exists="true" ipc-concordant="A23D9/013" c-set-base-allowed="false" c-set-subsequent-allowed="true" date-revised="2013-01-01" status="published"><classification-symbol>A23D9/013</classification-symbol><class-title date-revised="2013-01-01"><title-part><text>Other fatty acid esters, e.g. phosphatides</text></title-part></class-title></classification-item></classification-item>
<classification-item breakdown-code="false" not-allocatable="false" level="8" additional-only="false" sort-key="A23D9/02" definition-exists="true" ipc-concordant="A23D9/02" c-set-base-allowed="false" c-set-subsequent-allowed="true" date-revised="2013-01-01" status="published"><classification-symbol>A23D9/02</classification-symbol><class-title date-revised="2013-01-01"><title-part><text>characterised by the production or working-up</text></title-part></class-title>
<classification-item breakdown-code="false" not-allocatable="false" level="9" additional-only="false" sort-key="A23D9/04" definition-exists="true" ipc-concordant="A23D9/04" c-set-base-allowed="false" c-set-subsequent-allowed="true" date-revised="2013-01-01" status="published"><classification-symbol>A23D9/04</classification-symbol><class-title date-revised="2013-01-01"><title-part><text>Working-up</text></title-part></class-title>
<classification-item breakdown-code="false" not-allocatable="false" level="10" additional-only="false" sort-key="A23D9/05" definition-exists="true" ipc-concordant="A23D9/05" c-set-base-allowed="false" c-set-subsequent-allowed="true" date-revised="2013-01-01" status="published"><classification-symbol>A23D9/05</classification-symbol><class-title date-revised="2013-01-01"><title-part><text>Forming free-flowing pieces</text></title-part></class-title></classification-item></classification-item></classification-item>
<classification-item breakdown-code="false" not-allocatable="false" level="8" additional-only="false" sort-key="A23D9/06" definition-exists="false" ipc-concordant="A23D9/06" c-set-base-allowed="false" c-set-subsequent-allowed="true" date-revised="2013-01-01" status="published"><classification-symbol>A23D9/06</classification-symbol><class-title date-revised="2013-01-01"><title-part><text>Preservation of finished products </text><CPC-specific-text><reference><text>by using antioxidants or biocides <class-ref scheme="cpc">C11B5/00</class-ref></text></reference></CPC-specific-text></title-part></class-title></classification-item></classification-item></classification-item></classification-item></class-scheme>