<?xml version="1.0" encoding="UTF-8"?>
<class-scheme publication-date="2022-08-01" scheme-type="cpc" publication-type="official">
<classification-item breakdown-code="false" not-allocatable="true" level="5" additional-only="false" sort-key="G16Z" definition-exists="false" date-revised="2019-02-01" status="published"><classification-symbol>G16Z</classification-symbol><class-title date-revised="2019-02-01"><title-part><text>INFORMATION AND COMMUNICATION TECHNOLOGY [ICT] SPECIALLY ADAPTED FOR SPECIFIC APPLICATION FIELDS, NOT OTHERWISE PROVIDED FOR</text></title-part></class-title>
<classification-item breakdown-code="false" not-allocatable="true" level="6" additional-only="false" sort-key="G16Z99/00" date-revised="2019-02-01" status="published"><classification-symbol>G16Z99/00</classification-symbol>
<classification-item breakdown-code="false" not-allocatable="false" level="7" additional-only="false" sort-key="G16Z99/00" definition-exists="false" ipc-concordant="G16Z99/00" c-set-base-allowed="false" c-set-subsequent-allowed="true" date-revised="2022-02-01" status="published"><classification-symbol>G16Z99/00</classification-symbol><class-title date-revised="2019-02-01"><title-part><text>Subject matter not provided for in other main groups of this subclass</text></title-part></class-title></classification-item></classification-item></classification-item></class-scheme>