<?xml version="1.0" encoding="UTF-8"?>
<class-scheme publication-date="2022-08-01" scheme-type="cpc" publication-type="official">
<classification-item breakdown-code="false" not-allocatable="true" level="5" additional-only="false" sort-key="A63D" definition-exists="true" date-revised="2020-05-01" status="published"><classification-symbol>A63D</classification-symbol><class-title date-revised="2019-01-01"><title-part><text>BOWLING GAMES, e.g. SKITTLES, BOCCE OR BOWLS</text></title-part><title-part><text>INSTALLATIONS THEREFOR</text></title-part><title-part><text>BAGATELLE OR SIMILAR GAMES</text></title-part><title-part><text>BILLIARDS </text><reference><text>balls <class-ref scheme="cpc">A63B37/00</class-ref></text></reference></title-part></class-title><notes-and-warnings><note type="warning"><note-paragraph>In this subclass non-limiting references (in the sense of paragraph 39 of the Guide to the IPC) may still be displayed in the scheme.</note-paragraph></note></notes-and-warnings>
<classification-item breakdown-code="false" not-allocatable="true" level="6" additional-only="false" sort-key="A63D1/00" date-revised="2013-01-01" status="published"><classification-symbol>A63D1/00</classification-symbol>
<classification-item breakdown-code="false" not-allocatable="false" level="7" additional-only="false" sort-key="A63D1/00" definition-exists="true" ipc-concordant="A63D1/00" c-set-base-allowed="false" c-set-subsequent-allowed="true" date-revised="2019-01-01" status="published"><classification-symbol>A63D1/00</classification-symbol><class-title date-revised="2019-01-01"><title-part><text>Installations for bowling games, e.g. bowling-alleys or bocce courts </text><reference><text>bowling greens <class-ref scheme="cpc">A63C19/00</class-ref></text></reference></title-part></class-title>
<classification-item breakdown-code="false" not-allocatable="false" level="8" additional-only="false" sort-key="A63D1/02" definition-exists="false" ipc-concordant="A63D1/02" c-set-base-allowed="false" c-set-subsequent-allowed="true" date-revised="2013-01-01" status="published"><classification-symbol>A63D1/02</classification-symbol><class-title date-revised="2013-01-01"><title-part><text>collapsible</text></title-part><title-part><text>portable</text></title-part></class-title></classification-item>
<classification-item breakdown-code="false" not-allocatable="false" level="8" additional-only="false" sort-key="A63D1/04" definition-exists="false" ipc-concordant="A63D1/04" c-set-base-allowed="false" c-set-subsequent-allowed="true" date-revised="2013-01-01" status="published"><classification-symbol>A63D1/04</classification-symbol><class-title date-revised="2013-01-01"><title-part><text>Form or material of the surface</text></title-part><title-part><text>Pin-stands integral with the surface</text></title-part></class-title></classification-item>
<classification-item breakdown-code="false" not-allocatable="false" level="8" additional-only="false" sort-key="A63D1/06" definition-exists="false" ipc-concordant="A63D1/06" c-set-base-allowed="false" c-set-subsequent-allowed="true" date-revised="2013-01-01" status="published"><classification-symbol>A63D1/06</classification-symbol><class-title date-revised="2013-01-01"><title-part><text>Adjusting apparatus</text></title-part><title-part><text>Stands for players</text></title-part></class-title></classification-item>
<classification-item breakdown-code="false" not-allocatable="false" level="8" additional-only="false" sort-key="A63D1/08" definition-exists="false" ipc-concordant="A63D1/08" c-set-base-allowed="false" c-set-subsequent-allowed="true" date-revised="2013-01-01" status="published"><classification-symbol>A63D1/08</classification-symbol><class-title date-revised="2013-01-01"><title-part><text>Tracks for returning or circulating the balls</text></title-part></class-title></classification-item></classification-item>
<classification-item breakdown-code="false" not-allocatable="false" level="7" additional-only="false" sort-key="A63D3/00" definition-exists="true" ipc-concordant="A63D3/00" c-set-base-allowed="false" c-set-subsequent-allowed="true" date-revised="2019-01-01" status="published"><classification-symbol>A63D3/00</classification-symbol><class-title date-revised="2019-01-01"><title-part><text>Table bowling games</text></title-part><title-part><text>Miniature bowling-alleys</text></title-part><title-part><text>Bowling games </text><reference><text>games of pins <class-ref scheme="cpc">A63D7/00</class-ref></text></reference></title-part></class-title>
<classification-item breakdown-code="false" not-allocatable="false" level="8" additional-only="false" sort-key="A63D3/02" definition-exists="true" ipc-concordant="A63D3/02" c-set-base-allowed="false" c-set-subsequent-allowed="true" date-revised="2017-08-01" status="published"><classification-symbol>A63D3/02</classification-symbol><class-title date-revised="2017-08-01"><title-part><text>Arrangement of devices for propelling or projecting the balls </text><CPC-specific-text><text>, e.g. spring, string, sling drive, roll-off devices</text></CPC-specific-text></title-part></class-title></classification-item></classification-item>
<classification-item breakdown-code="false" not-allocatable="false" level="7" additional-only="false" sort-key="A63D5/00" definition-exists="true" ipc-concordant="A63D5/00" c-set-base-allowed="false" c-set-subsequent-allowed="true" date-revised="2013-01-01" status="published"><classification-symbol>A63D5/00</classification-symbol><class-title date-revised="2013-01-01"><title-part><text>Accessories for bowling-alleys or table alleys</text></title-part></class-title>
<classification-item breakdown-code="true" not-allocatable="false" level="8" additional-only="true" sort-key="A63D5/003" definition-exists="false" ipc-concordant="A63D5/00" c-set-base-allowed="false" c-set-subsequent-allowed="true" date-revised="2013-01-01" status="published"><classification-symbol>A63D2005/003</classification-symbol><class-title date-revised="2013-01-01"><title-part><CPC-specific-text><text>Means for preventing the bowling ball to enter the gutter</text></CPC-specific-text></title-part></class-title></classification-item>
<classification-item breakdown-code="true" not-allocatable="false" level="8" additional-only="true" sort-key="A63D5/006" definition-exists="false" ipc-concordant="A63D5/00" c-set-base-allowed="false" c-set-subsequent-allowed="true" date-revised="2013-01-01" status="published"><classification-symbol>A63D2005/006</classification-symbol><class-title date-revised="2013-01-01"><title-part><CPC-specific-text><text>Heating means for the surface of the alleys</text></CPC-specific-text></title-part></class-title></classification-item>
<classification-item breakdown-code="false" not-allocatable="false" level="8" additional-only="false" sort-key="A63D5/02" definition-exists="false" ipc-concordant="A63D5/02" c-set-base-allowed="false" c-set-subsequent-allowed="true" date-revised="2013-01-01" status="published"><classification-symbol>A63D5/02</classification-symbol><class-title date-revised="2013-01-01"><title-part><text>Apparatus for trapping or lifting the balls</text></title-part><title-part><text>Separate devices for returning the balls</text></title-part></class-title>
<classification-item breakdown-code="false" not-allocatable="false" level="9" additional-only="false" sort-key="A63D5/023" definition-exists="false" ipc-concordant="A63D5/02" c-set-base-allowed="false" c-set-subsequent-allowed="true" date-revised="2013-01-01" status="published"><classification-symbol>A63D5/023</classification-symbol><class-title date-revised="2013-01-01"><title-part><CPC-specific-text><text>Separate devices for returning the balls</text></CPC-specific-text></title-part></class-title>
<classification-item breakdown-code="false" not-allocatable="false" level="10" additional-only="false" sort-key="A63D5/026" definition-exists="false" ipc-concordant="A63D5/02" c-set-base-allowed="false" c-set-subsequent-allowed="true" date-revised="2013-01-01" status="published"><classification-symbol>A63D5/026</classification-symbol><class-title date-revised="2013-01-01"><title-part><CPC-specific-text><text>Retarding devices for the returned bowling ball</text></CPC-specific-text></title-part></class-title></classification-item></classification-item></classification-item>
<classification-item breakdown-code="false" not-allocatable="false" level="8" additional-only="false" sort-key="A63D5/04" definition-exists="true" ipc-concordant="A63D5/04" c-set-base-allowed="false" c-set-subsequent-allowed="true" date-revised="2013-01-01" status="published"><classification-symbol>A63D5/04</classification-symbol><class-title date-revised="2013-01-01"><title-part><text>Indicating devices</text></title-part></class-title>
<classification-item breakdown-code="true" not-allocatable="false" level="9" additional-only="true" sort-key="A63D5/042" definition-exists="false" ipc-concordant="A63D5/04" c-set-base-allowed="false" c-set-subsequent-allowed="true" date-revised="2013-01-01" status="published"><classification-symbol>A63D2005/042</classification-symbol><class-title date-revised="2013-01-01"><title-part><CPC-specific-text><text>for indicating the ball path</text></CPC-specific-text></title-part></class-title></classification-item>
<classification-item breakdown-code="true" not-allocatable="false" level="9" additional-only="true" sort-key="A63D5/044" definition-exists="false" ipc-concordant="A63D5/04" c-set-base-allowed="false" c-set-subsequent-allowed="true" date-revised="2013-01-01" status="published"><classification-symbol>A63D2005/044</classification-symbol><class-title date-revised="2013-01-01"><title-part><CPC-specific-text><text>for indicating if a bowling ball touches the border of the alley</text></CPC-specific-text></title-part></class-title></classification-item>
<classification-item breakdown-code="true" not-allocatable="false" level="9" additional-only="true" sort-key="A63D5/046" definition-exists="false" ipc-concordant="A63D5/04" c-set-base-allowed="false" c-set-subsequent-allowed="true" date-revised="2013-01-01" status="published"><classification-symbol>A63D2005/046</classification-symbol><class-title date-revised="2013-01-01"><title-part><CPC-specific-text><text>for indicating if the ball is passing the foul line</text></CPC-specific-text></title-part></class-title></classification-item>
<classification-item breakdown-code="true" not-allocatable="false" level="9" additional-only="true" sort-key="A63D5/048" definition-exists="false" ipc-concordant="A63D5/04" c-set-base-allowed="false" c-set-subsequent-allowed="true" date-revised="2013-01-01" status="published"><classification-symbol>A63D2005/048</classification-symbol><class-title date-revised="2013-01-01"><title-part><CPC-specific-text><text>Score sheets</text></CPC-specific-text></title-part></class-title></classification-item></classification-item>
<classification-item breakdown-code="false" not-allocatable="false" level="8" additional-only="false" sort-key="A63D5/06" definition-exists="false" ipc-concordant="A63D5/06" c-set-base-allowed="false" c-set-subsequent-allowed="true" date-revised="2013-01-01" status="published"><classification-symbol>A63D5/06</classification-symbol><class-title date-revised="2013-01-01"><title-part><text>Pin stands</text></title-part></class-title></classification-item>
<classification-item breakdown-code="false" not-allocatable="false" level="8" additional-only="false" sort-key="A63D5/08" definition-exists="false" ipc-concordant="A63D5/08" c-set-base-allowed="false" c-set-subsequent-allowed="true" date-revised="2013-01-01" status="published"><classification-symbol>A63D5/08</classification-symbol><class-title date-revised="2013-01-01"><title-part><text>Arrangements for setting-up or taking away pins</text></title-part></class-title>
<classification-item breakdown-code="true" not-allocatable="false" level="9" additional-only="true" sort-key="A63D5/083" definition-exists="false" ipc-concordant="A63D5/08" c-set-base-allowed="false" c-set-subsequent-allowed="true" date-revised="2013-01-01" status="published"><classification-symbol>A63D2005/083</classification-symbol><class-title date-revised="2013-01-01"><title-part><CPC-specific-text><text>Threaded pins</text></CPC-specific-text></title-part></class-title></classification-item>
<classification-item breakdown-code="true" not-allocatable="false" level="9" additional-only="true" sort-key="A63D5/086" definition-exists="false" ipc-concordant="A63D5/08" c-set-base-allowed="false" c-set-subsequent-allowed="true" date-revised="2013-01-01" status="published"><classification-symbol>A63D2005/086</classification-symbol><class-title date-revised="2013-01-01"><title-part><CPC-specific-text><text>Pivotable pins</text></CPC-specific-text></title-part></class-title></classification-item>
<classification-item breakdown-code="false" not-allocatable="false" level="9" additional-only="false" sort-key="A63D5/09" definition-exists="false" ipc-concordant="A63D5/09" c-set-base-allowed="false" c-set-subsequent-allowed="true" date-revised="2013-01-01" status="published"><classification-symbol>A63D5/09</classification-symbol><class-title date-revised="2013-01-01"><title-part><text>the pins being assembled in right order before setting down</text></title-part></class-title></classification-item></classification-item>
<classification-item breakdown-code="false" not-allocatable="false" level="8" additional-only="false" sort-key="A63D5/10" definition-exists="false" ipc-concordant="A63D5/10" c-set-base-allowed="false" c-set-subsequent-allowed="true" date-revised="2013-01-01" status="published"><classification-symbol>A63D5/10</classification-symbol><class-title date-revised="2013-01-01"><title-part><text>Apparatus for cleaning balls, pins, or alleys</text></title-part></class-title></classification-item></classification-item>
<classification-item breakdown-code="false" not-allocatable="false" level="7" additional-only="false" sort-key="A63D7/00" definition-exists="true" ipc-concordant="A63D7/00" c-set-base-allowed="false" c-set-subsequent-allowed="true" date-revised="2013-01-01" status="published"><classification-symbol>A63D7/00</classification-symbol><class-title date-revised="2013-01-01"><title-part><text>Games of pins, e.g. ninepins, with tethered balls</text></title-part></class-title></classification-item>
<classification-item breakdown-code="false" not-allocatable="false" level="7" additional-only="false" sort-key="A63D9/00" definition-exists="true" ipc-concordant="A63D9/00" c-set-base-allowed="false" c-set-subsequent-allowed="true" date-revised="2013-01-01" status="published"><classification-symbol>A63D9/00</classification-symbol><class-title date-revised="2013-01-01"><title-part><text>Pins</text></title-part></class-title><notes-and-warnings date-revised="2013-01-01"><note type="note"><note-paragraph>In this group, the following term is used with the meaning indicated: <subnote type="bullet"><note-paragraph>&quot;Bagatelle&quot; means a modification of billiards in which the  player&apos;s object is to strike the balls so that they, and  perhaps other balls, shall fall into numbered holes that  determine the score</note-paragraph></subnote></note-paragraph></note></notes-and-warnings></classification-item>
<classification-item breakdown-code="false" not-allocatable="false" level="7" additional-only="false" sort-key="A63D13/00" definition-exists="true" ipc-concordant="A63D13/00" c-set-base-allowed="false" c-set-subsequent-allowed="true" date-revised="2019-01-01" status="published"><classification-symbol>A63D13/00</classification-symbol><class-title date-revised="2019-01-01"><title-part><text>Bagatelles or similar games</text></title-part></class-title></classification-item>
<classification-item breakdown-code="false" not-allocatable="false" level="7" additional-only="false" sort-key="A63D15/00" definition-exists="true" ipc-concordant="A63D15/00" c-set-base-allowed="false" c-set-subsequent-allowed="true" date-revised="2019-01-01" status="published"><classification-symbol>A63D15/00</classification-symbol><class-title date-revised="2019-01-01"><title-part><text>Billiards, e.g. carom billiards or pocket billiards</text></title-part><title-part><text>Billiard tables </text><reference><text>bagatelle <class-ref scheme="cpc">A63D13/00</class-ref></text></reference></title-part></class-title>
<classification-item breakdown-code="true" not-allocatable="false" level="8" additional-only="true" sort-key="A63D15/001" definition-exists="false" ipc-concordant="A63D15/00" c-set-base-allowed="false" c-set-subsequent-allowed="true" date-revised="2013-01-01" status="published"><classification-symbol>A63D2015/001</classification-symbol><class-title date-revised="2013-01-01"><title-part><CPC-specific-text><text>with inclination indicating means</text></CPC-specific-text></title-part></class-title></classification-item>
<classification-item breakdown-code="false" not-allocatable="false" level="8" additional-only="false" sort-key="A63D15/003" definition-exists="true" ipc-concordant="A63D15/00" c-set-base-allowed="false" c-set-subsequent-allowed="true" date-revised="2013-01-01" status="published"><classification-symbol>A63D15/003</classification-symbol><class-title date-revised="2013-01-01"><title-part><CPC-specific-text><text>Pockets for pocket billiard tables</text></CPC-specific-text></title-part></class-title></classification-item>
<classification-item breakdown-code="false" not-allocatable="false" level="8" additional-only="false" sort-key="A63D15/005" definition-exists="true" ipc-concordant="A63D15/00" c-set-base-allowed="false" c-set-subsequent-allowed="true" date-revised="2013-01-01" status="published"><classification-symbol>A63D15/005</classification-symbol><class-title date-revised="2013-01-01"><title-part><CPC-specific-text><text>Ball-spotting racks, i.e. frames for positioning the balls in pocket billiards or pool</text></CPC-specific-text></title-part></class-title></classification-item>
<classification-item breakdown-code="false" not-allocatable="false" level="8" additional-only="false" sort-key="A63D15/006" definition-exists="true" ipc-concordant="A63D15/00" c-set-base-allowed="false" c-set-subsequent-allowed="true" date-revised="2013-01-01" status="published"><classification-symbol>A63D15/006</classification-symbol><class-title date-revised="2013-01-01"><title-part><CPC-specific-text><text>Training or aiming arrangements on billiard tables</text></CPC-specific-text></title-part></class-title></classification-item>
<classification-item breakdown-code="true" not-allocatable="false" level="8" additional-only="true" sort-key="A63D15/008" definition-exists="false" ipc-concordant="A63D15/00" c-set-base-allowed="false" c-set-subsequent-allowed="true" date-revised="2013-01-01" status="published"><classification-symbol>A63D2015/008</classification-symbol><class-title date-revised="2013-01-01"><title-part><CPC-specific-text><text>with heating elements</text></CPC-specific-text></title-part></class-title></classification-item>
<classification-item breakdown-code="false" not-allocatable="false" level="8" additional-only="false" sort-key="A63D15/02" definition-exists="false" ipc-concordant="A63D15/02" c-set-base-allowed="false" c-set-subsequent-allowed="true" date-revised="2013-01-01" status="published"><classification-symbol>A63D15/02</classification-symbol><class-title date-revised="2013-01-01"><title-part><text>Billiard tables adapted to rest on ordinary tables or the like</text></title-part></class-title></classification-item>
<classification-item breakdown-code="false" not-allocatable="false" level="8" additional-only="false" sort-key="A63D15/04" definition-exists="true" ipc-concordant="A63D15/04" c-set-base-allowed="false" c-set-subsequent-allowed="true" date-revised="2013-01-01" status="published"><classification-symbol>A63D15/04</classification-symbol><class-title date-revised="2013-01-01"><title-part><text>Billiard tables convertible into other tables, or the like </text><reference><text>into beds <class-ref scheme="cpc">A47C17/62</class-ref></text></reference></title-part></class-title>
<classification-item breakdown-code="false" not-allocatable="false" level="9" additional-only="false" sort-key="A63D15/045" definition-exists="false" ipc-concordant="A63D15/04" c-set-base-allowed="false" c-set-subsequent-allowed="true" date-revised="2013-01-01" status="published"><classification-symbol>A63D15/045</classification-symbol><class-title date-revised="2013-01-01"><title-part><CPC-specific-text><text>into different kinds of billiard tables, e.g. converting a pocket billiard table into a carom billiard table</text></CPC-specific-text></title-part></class-title></classification-item></classification-item>
<classification-item breakdown-code="false" not-allocatable="false" level="8" additional-only="false" sort-key="A63D15/06" definition-exists="true" ipc-concordant="A63D15/06" c-set-base-allowed="false" c-set-subsequent-allowed="true" date-revised="2013-01-01" status="published"><classification-symbol>A63D15/06</classification-symbol><class-title date-revised="2013-01-01"><title-part><text>Cushions or fastenings therefor</text></title-part></class-title></classification-item>
<classification-item breakdown-code="false" not-allocatable="false" level="8" additional-only="false" sort-key="A63D15/08" definition-exists="true" ipc-concordant="A63D15/08" c-set-base-allowed="false" c-set-subsequent-allowed="true" date-revised="2013-01-01" status="published"><classification-symbol>A63D15/08</classification-symbol><class-title date-revised="2013-01-01"><title-part><text>Cues</text></title-part></class-title>
<classification-item breakdown-code="false" not-allocatable="false" level="9" additional-only="false" sort-key="A63D15/083" definition-exists="false" ipc-concordant="A63D15/08" c-set-base-allowed="false" c-set-subsequent-allowed="true" date-revised="2013-01-01" status="published"><classification-symbol>A63D15/083</classification-symbol><class-title date-revised="2013-01-01"><title-part><CPC-specific-text><text>Means, integrated in the cue, for actuating the ball, e.g. springs</text></CPC-specific-text></title-part></class-title></classification-item>
<classification-item breakdown-code="false" not-allocatable="false" level="9" additional-only="false" sort-key="A63D15/086" definition-exists="false" ipc-concordant="A63D15/08" c-set-base-allowed="false" c-set-subsequent-allowed="true" date-revised="2013-01-01" status="published"><classification-symbol>A63D15/086</classification-symbol><class-title date-revised="2013-01-01"><title-part><CPC-specific-text><text>adjustable in length</text></CPC-specific-text></title-part></class-title></classification-item>
<classification-item breakdown-code="false" not-allocatable="false" level="9" additional-only="false" sort-key="A63D15/10" definition-exists="false" ipc-concordant="A63D15/10" c-set-base-allowed="false" c-set-subsequent-allowed="true" date-revised="2017-08-01" status="published"><classification-symbol>A63D15/10</classification-symbol><class-title date-revised="2017-08-01"><title-part><text>Apparatus for holding or handing-up cues </text><CPC-specific-text><text>, e.g. racks</text></CPC-specific-text></title-part></class-title>
<classification-item breakdown-code="false" not-allocatable="false" level="10" additional-only="false" sort-key="A63D15/105" definition-exists="false" ipc-concordant="A63D15/10" c-set-base-allowed="false" c-set-subsequent-allowed="true" date-revised="2013-01-01" status="published"><classification-symbol>A63D15/105</classification-symbol><class-title date-revised="2013-01-01"><title-part><CPC-specific-text><text>Guides for the cue during strike, e.g. cue rests, bridges</text></CPC-specific-text></title-part></class-title></classification-item></classification-item>
<classification-item breakdown-code="false" not-allocatable="false" level="9" additional-only="false" sort-key="A63D15/12" definition-exists="false" ipc-concordant="A63D15/12" c-set-base-allowed="false" c-set-subsequent-allowed="true" date-revised="2013-01-01" status="published"><classification-symbol>A63D15/12</classification-symbol><class-title date-revised="2013-01-01"><title-part><text>Tip fastenings</text></title-part></class-title></classification-item>
<classification-item breakdown-code="false" not-allocatable="false" level="9" additional-only="false" sort-key="A63D15/14" definition-exists="false" ipc-concordant="A63D15/14" c-set-base-allowed="false" c-set-subsequent-allowed="true" date-revised="2013-01-01" status="published"><classification-symbol>A63D15/14</classification-symbol><class-title date-revised="2013-01-01"><title-part><text>Means for roughening the cue-tips</text></title-part></class-title></classification-item></classification-item>
<classification-item breakdown-code="false" not-allocatable="false" level="8" additional-only="false" sort-key="A63D15/16" definition-exists="false" ipc-concordant="A63D15/16" c-set-base-allowed="false" c-set-subsequent-allowed="true" date-revised="2013-01-01" status="published"><classification-symbol>A63D15/16</classification-symbol><class-title date-revised="2013-01-01"><title-part><text>Chalk holders</text></title-part></class-title></classification-item>
<classification-item breakdown-code="false" not-allocatable="false" level="8" additional-only="false" sort-key="A63D15/20" definition-exists="true" ipc-concordant="A63D15/20" c-set-base-allowed="false" c-set-subsequent-allowed="true" date-revised="2019-01-01" status="published"><classification-symbol>A63D15/20</classification-symbol><class-title date-revised="2019-01-01"><title-part><text>Scoring or registering devices</text></title-part></class-title></classification-item></classification-item></classification-item></classification-item></class-scheme>