<?xml version="1.0" encoding="UTF-8"?>
<class-scheme publication-date="2022-08-01" scheme-type="cpc" publication-type="official">
<classification-item breakdown-code="false" not-allocatable="true" level="5" additional-only="false" sort-key="A01L" definition-exists="true" date-revised="2020-01-01" status="published"><classification-symbol>A01L</classification-symbol><class-title date-revised="2020-01-01"><title-part><text>SHOEING OF ANIMALS</text></title-part></class-title>
<classification-item breakdown-code="false" not-allocatable="true" level="6" additional-only="false" sort-key="A01L1/00" date-revised="2013-01-01" status="published"><classification-symbol>A01L1/00</classification-symbol>
<classification-item breakdown-code="false" not-allocatable="false" level="7" additional-only="false" sort-key="A01L1/00" definition-exists="true" ipc-concordant="A01L1/00" c-set-base-allowed="false" c-set-subsequent-allowed="true" date-revised="2013-01-01" status="published"><classification-symbol>A01L1/00</classification-symbol><class-title date-revised="2013-01-01"><title-part><text>Shoes for horses or other solipeds fastened with nails </text><reference><text><class-ref scheme="cpc">A01L3/00</class-ref> takes precedence</text></reference></title-part></class-title>
<classification-item breakdown-code="false" not-allocatable="false" level="8" additional-only="false" sort-key="A01L1/02" definition-exists="false" ipc-concordant="A01L1/02" c-set-base-allowed="false" c-set-subsequent-allowed="true" date-revised="2013-01-01" status="published"><classification-symbol>A01L1/02</classification-symbol><class-title date-revised="2013-01-01"><title-part><text>Solid horseshoes consisting of one part</text></title-part></class-title></classification-item>
<classification-item breakdown-code="false" not-allocatable="false" level="8" additional-only="false" sort-key="A01L1/04" definition-exists="true" ipc-concordant="A01L1/04" c-set-base-allowed="false" c-set-subsequent-allowed="true" date-revised="2020-01-01" status="published"><classification-symbol>A01L1/04</classification-symbol><class-title date-revised="2020-01-01"><title-part><text>Solid horseshoes consisting of multiple parts</text></title-part></class-title></classification-item></classification-item>
<classification-item breakdown-code="false" not-allocatable="false" level="7" additional-only="false" sort-key="A01L3/00" definition-exists="false" ipc-concordant="A01L3/00" c-set-base-allowed="false" c-set-subsequent-allowed="true" date-revised="2013-01-01" status="published"><classification-symbol>A01L3/00</classification-symbol><class-title date-revised="2013-01-01"><title-part><text>Horseshoes fastened by means other than nails, with or without additional fastening by nailing</text></title-part></class-title>
<classification-item breakdown-code="false" not-allocatable="false" level="8" additional-only="false" sort-key="A01L3/02" definition-exists="false" ipc-concordant="A01L3/02" c-set-base-allowed="false" c-set-subsequent-allowed="true" date-revised="2013-01-01" status="published"><classification-symbol>A01L3/02</classification-symbol><class-title date-revised="2013-01-01"><title-part><text>Horseshoes consisting of one part</text></title-part></class-title></classification-item>
<classification-item breakdown-code="false" not-allocatable="false" level="8" additional-only="false" sort-key="A01L3/04" definition-exists="false" ipc-concordant="A01L3/04" c-set-base-allowed="false" c-set-subsequent-allowed="true" date-revised="2013-01-01" status="published"><classification-symbol>A01L3/04</classification-symbol><class-title date-revised="2013-01-01"><title-part><text>Horseshoes consisting of two or more parts connected by hinged joints</text></title-part></class-title></classification-item>
<classification-item breakdown-code="false" not-allocatable="false" level="8" additional-only="false" sort-key="A01L3/06" definition-exists="false" ipc-concordant="A01L3/06" c-set-base-allowed="false" c-set-subsequent-allowed="true" date-revised="2013-01-01" status="published"><classification-symbol>A01L3/06</classification-symbol><class-title date-revised="2013-01-01"><title-part><text>Shoe-like appliances enabling draught animals to walk on bogs or the like</text></title-part></class-title></classification-item></classification-item>
<classification-item breakdown-code="false" not-allocatable="false" level="7" additional-only="false" sort-key="A01L5/00" definition-exists="true" ipc-concordant="A01L5/00" c-set-base-allowed="false" c-set-subsequent-allowed="true" date-revised="2020-01-01" status="published"><classification-symbol>A01L5/00</classification-symbol><class-title date-revised="2020-01-01"><title-part><text>Horseshoes made of elastic materials</text></title-part></class-title></classification-item>
<classification-item breakdown-code="false" not-allocatable="false" level="7" additional-only="false" sort-key="A01L7/00" definition-exists="true" ipc-concordant="A01L7/00" c-set-base-allowed="false" c-set-subsequent-allowed="true" date-revised="2013-01-01" status="published"><classification-symbol>A01L7/00</classification-symbol><class-title date-revised="2013-01-01"><title-part><text>Accessories for shoeing animals</text></title-part></class-title>
<classification-item breakdown-code="false" not-allocatable="false" level="8" additional-only="false" sort-key="A01L7/02" definition-exists="false" ipc-concordant="A01L7/02" c-set-base-allowed="false" c-set-subsequent-allowed="true" date-revised="2013-01-01" status="published"><classification-symbol>A01L7/02</classification-symbol><class-title date-revised="2013-01-01"><title-part><text>Elastic inserts or soles for horseshoes</text></title-part></class-title></classification-item>
<classification-item breakdown-code="false" not-allocatable="false" level="8" additional-only="false" sort-key="A01L7/04" definition-exists="false" ipc-concordant="A01L7/04" c-set-base-allowed="false" c-set-subsequent-allowed="true" date-revised="2013-01-01" status="published"><classification-symbol>A01L7/04</classification-symbol><class-title date-revised="2013-01-01"><title-part><text>Solid calks or studs</text></title-part></class-title></classification-item>
<classification-item breakdown-code="false" not-allocatable="false" level="8" additional-only="false" sort-key="A01L7/06" definition-exists="false" ipc-concordant="A01L7/06" c-set-base-allowed="false" c-set-subsequent-allowed="true" date-revised="2013-01-01" status="published"><classification-symbol>A01L7/06</classification-symbol><class-title date-revised="2013-01-01"><title-part><text>Elastic calks or studs</text></title-part></class-title></classification-item>
<classification-item breakdown-code="false" not-allocatable="false" level="8" additional-only="false" sort-key="A01L7/08" definition-exists="false" ipc-concordant="A01L7/08" c-set-base-allowed="false" c-set-subsequent-allowed="true" date-revised="2013-01-01" status="published"><classification-symbol>A01L7/08</classification-symbol><class-title date-revised="2013-01-01"><title-part><text>Ice-spurs for horseshoes</text></title-part></class-title></classification-item>
<classification-item breakdown-code="false" not-allocatable="false" level="8" additional-only="false" sort-key="A01L7/10" definition-exists="false" ipc-concordant="A01L7/10" c-set-base-allowed="false" c-set-subsequent-allowed="true" date-revised="2013-01-01" status="published"><classification-symbol>A01L7/10</classification-symbol><class-title date-revised="2013-01-01"><title-part><text>Horseshoe nails</text></title-part></class-title></classification-item></classification-item>
<classification-item breakdown-code="false" not-allocatable="false" level="7" additional-only="false" sort-key="A01L9/00" definition-exists="true" ipc-concordant="A01L9/00" c-set-base-allowed="false" c-set-subsequent-allowed="true" date-revised="2013-01-01" status="published"><classification-symbol>A01L9/00</classification-symbol><class-title date-revised="2013-01-01"><title-part><text>Shoes for other animals, e.g. oxen</text></title-part></class-title></classification-item>
<classification-item breakdown-code="false" not-allocatable="false" level="7" additional-only="false" sort-key="A01L11/00" definition-exists="true" ipc-concordant="A01L11/00" c-set-base-allowed="false" c-set-subsequent-allowed="true" date-revised="2020-01-01" status="published"><classification-symbol>A01L11/00</classification-symbol><class-title date-revised="2020-01-01"><title-part><text>Farriers&apos; tools and appliances</text></title-part></class-title></classification-item>
<classification-item breakdown-code="false" not-allocatable="false" level="7" additional-only="false" sort-key="A01L13/00" definition-exists="true" ipc-concordant="A01L13/00" c-set-base-allowed="false" c-set-subsequent-allowed="true" date-revised="2020-01-01" status="published"><classification-symbol>A01L13/00</classification-symbol><class-title date-revised="2020-01-01"><title-part><text>Pens for animals while being shod</text></title-part></class-title></classification-item>
<classification-item breakdown-code="false" not-allocatable="false" level="7" additional-only="false" sort-key="A01L15/00" definition-exists="false" ipc-concordant="A01L15/00" c-set-base-allowed="false" c-set-subsequent-allowed="true" date-revised="2013-01-01" status="published"><classification-symbol>A01L15/00</classification-symbol><class-title date-revised="2013-01-01"><title-part><text>Apparatus or use of substances for the care of hoofs</text></title-part></class-title></classification-item></classification-item></classification-item></class-scheme>