<?xml version="1.0" encoding="UTF-8"?>
<class-scheme publication-date="2022-08-01" scheme-type="cpc" publication-type="official">
<classification-item breakdown-code="false" not-allocatable="true" level="5" additional-only="false" sort-key="A45F" definition-exists="true" date-revised="2017-08-01" status="published"><classification-symbol>A45F</classification-symbol><class-title date-revised="2017-08-01"><title-part><text>TRAVELLING OR CAMP EQUIPMENT: SACKS OR PACKS CARRIED ON THE BODY</text></title-part></class-title><notes-and-warnings date-revised="2013-01-01"><note type="note"><note-paragraph>This subclass <u>covers</u> only the equipment specified in its subdivisions. Travelling or camp equipment is normally classified in the classes for the equipment concerned, e.g. camp furniture  <class-ref scheme="cpc">A47</class-ref>.</note-paragraph></note></notes-and-warnings>
<classification-item breakdown-code="false" not-allocatable="true" level="6" additional-only="false" sort-key="A45F3/00" date-revised="2013-01-01" status="published"><classification-symbol>A45F3/00</classification-symbol>
<classification-item breakdown-code="false" not-allocatable="false" level="7" additional-only="false" sort-key="A45F3/00" definition-exists="true" ipc-concordant="A45F3/00" c-set-base-allowed="false" c-set-subsequent-allowed="true" date-revised="2013-01-01" status="published"><classification-symbol>A45F3/00</classification-symbol><class-title date-revised="2013-01-01"><title-part><text>Travelling or camp articles </text><reference><text>travelling rugs <class-ref scheme="cpc">A47G9/06</class-ref></text></reference></title-part><title-part><text>Sacks or packs carried on the body </text><reference><text>convertible into other articles <class-ref scheme="cpc">A45F4/00</class-ref></text></reference></title-part></class-title>
<classification-item breakdown-code="true" not-allocatable="false" level="8" additional-only="true" sort-key="A45F3/001" definition-exists="false" ipc-concordant="A45F3/00" c-set-base-allowed="false" c-set-subsequent-allowed="true" date-revised="2013-01-01" status="published"><classification-symbol>A45F2003/001</classification-symbol><class-title date-revised="2013-01-01"><title-part><CPC-specific-text><text>Accessories</text></CPC-specific-text></title-part></class-title></classification-item>
<classification-item breakdown-code="true" not-allocatable="false" level="8" additional-only="true" sort-key="A45F3/002" definition-exists="false" ipc-concordant="A45F3/00" c-set-base-allowed="false" c-set-subsequent-allowed="true" date-revised="2013-01-01" status="published"><classification-symbol>A45F2003/002</classification-symbol><class-title date-revised="2013-01-01"><title-part><CPC-specific-text><text>Sacks or packs carried on the body by means of a single strap passing around the neck</text></CPC-specific-text></title-part></class-title></classification-item>
<classification-item breakdown-code="true" not-allocatable="false" level="8" additional-only="true" sort-key="A45F3/003" definition-exists="false" ipc-concordant="A45F3/00" c-set-base-allowed="false" c-set-subsequent-allowed="true" date-revised="2013-01-01" status="published"><classification-symbol>A45F2003/003</classification-symbol><class-title date-revised="2013-01-01"><title-part><CPC-specific-text><text>combined with other objects;  specially adapted for carrying specific objects</text></CPC-specific-text></title-part></class-title></classification-item>
<classification-item breakdown-code="false" not-allocatable="false" level="8" additional-only="false" sort-key="A45F3/005" definition-exists="true" ipc-concordant="A45F3/00" c-set-base-allowed="false" c-set-subsequent-allowed="true" date-revised="2013-01-01" status="published"><classification-symbol>A45F3/005</classification-symbol><class-title date-revised="2013-01-01"><title-part><CPC-specific-text><text>Sacks or packs carried on the body by means of a single strap around the waist</text></CPC-specific-text></title-part></class-title></classification-item>
<classification-item breakdown-code="true" not-allocatable="false" level="8" additional-only="true" sort-key="A45F3/006" definition-exists="false" ipc-concordant="A45F3/00" c-set-base-allowed="false" c-set-subsequent-allowed="true" date-revised="2013-01-01" status="published"><classification-symbol>A45F2003/006</classification-symbol><class-title date-revised="2013-01-01"><title-part><CPC-specific-text><text>Sacks or packs carried on the body by means of straps passing around an arm or a leg</text></CPC-specific-text></title-part></class-title></classification-item>
<classification-item breakdown-code="true" not-allocatable="false" level="8" additional-only="true" sort-key="A45F3/007" definition-exists="false" ipc-concordant="A45F3/00" c-set-base-allowed="false" c-set-subsequent-allowed="true" date-revised="2013-01-01" status="published"><classification-symbol>A45F2003/007</classification-symbol><class-title date-revised="2013-01-01"><title-part><CPC-specific-text><text>Sacks or packs carried on the body by means of one strap passing around the neck and one additional strap around the waist</text></CPC-specific-text></title-part></class-title></classification-item>
<classification-item breakdown-code="true" not-allocatable="false" level="8" additional-only="true" sort-key="A45F3/008" definition-exists="false" ipc-concordant="A45F3/00" c-set-base-allowed="false" c-set-subsequent-allowed="true" date-revised="2013-01-01" status="published"><classification-symbol>A45F2003/008</classification-symbol><class-title date-revised="2013-01-01"><title-part><CPC-specific-text><text>Sacks or packs carried on the body by means of one strap passing around the waist and additional straps around a leg or an arm</text></CPC-specific-text></title-part></class-title></classification-item>
<classification-item breakdown-code="false" not-allocatable="false" level="8" additional-only="false" sort-key="A45F3/02" definition-exists="true" ipc-concordant="A45F3/02" c-set-base-allowed="false" c-set-subsequent-allowed="true" date-revised="2013-01-01" status="published"><classification-symbol>A45F3/02</classification-symbol><class-title date-revised="2013-01-01"><title-part><text>Sacks or packs carried on the body by means of one strap passing over the shoulder</text></title-part></class-title>
<classification-item breakdown-code="true" not-allocatable="false" level="9" additional-only="true" sort-key="A45F3/025" definition-exists="false" ipc-concordant="A45F3/02" c-set-base-allowed="false" c-set-subsequent-allowed="true" date-revised="2013-01-01" status="published"><classification-symbol>A45F2003/025</classification-symbol><class-title date-revised="2013-01-01"><title-part><CPC-specific-text><text>and one additional strap around the waist</text></CPC-specific-text></title-part></class-title></classification-item></classification-item>
<classification-item breakdown-code="false" not-allocatable="false" level="8" additional-only="false" sort-key="A45F3/04" definition-exists="true" ipc-concordant="A45F3/04" c-set-base-allowed="false" c-set-subsequent-allowed="true" date-revised="2013-01-01" status="published"><classification-symbol>A45F3/04</classification-symbol><class-title date-revised="2013-01-01"><title-part><text>Sacks or packs carried on the body by means of two straps passing over the two shoulders</text></title-part></class-title>
<classification-item breakdown-code="false" not-allocatable="false" level="9" additional-only="false" sort-key="A45F3/042" definition-exists="true" ipc-concordant="A45F3/04" c-set-base-allowed="false" c-set-subsequent-allowed="true" date-revised="2013-01-01" status="published"><classification-symbol>A45F3/042</classification-symbol><class-title date-revised="2013-01-01"><title-part><CPC-specific-text><text>specially adapted for school children</text></CPC-specific-text></title-part></class-title></classification-item>
<classification-item breakdown-code="true" not-allocatable="false" level="9" additional-only="true" sort-key="A45F3/045" definition-exists="false" ipc-concordant="A45F3/04" c-set-base-allowed="false" c-set-subsequent-allowed="true" date-revised="2013-01-01" status="published"><classification-symbol>A45F2003/045</classification-symbol><class-title date-revised="2013-01-01"><title-part><CPC-specific-text><text>and one additional strap around the waist</text></CPC-specific-text></title-part></class-title></classification-item>
<classification-item breakdown-code="false" not-allocatable="false" level="9" additional-only="false" sort-key="A45F3/047" definition-exists="true" ipc-concordant="A45F3/04" c-set-base-allowed="false" c-set-subsequent-allowed="true" date-revised="2013-01-01" status="published"><classification-symbol>A45F3/047</classification-symbol><class-title date-revised="2013-01-01"><title-part><CPC-specific-text><text>with adjustable fastenings for the shoulder straps or waist belts</text></CPC-specific-text></title-part></class-title></classification-item>
<classification-item breakdown-code="false" not-allocatable="false" level="9" additional-only="false" sort-key="A45F3/06" definition-exists="true" ipc-concordant="A45F3/06" c-set-base-allowed="false" c-set-subsequent-allowed="true" date-revised="2013-01-01" status="published"><classification-symbol>A45F3/06</classification-symbol><class-title date-revised="2013-01-01"><title-part><text>specially adapted for military purposes</text></title-part></class-title></classification-item>
<classification-item breakdown-code="false" not-allocatable="false" level="9" additional-only="false" sort-key="A45F3/08" definition-exists="true" ipc-concordant="A45F3/08" c-set-base-allowed="false" c-set-subsequent-allowed="true" date-revised="2017-08-01" status="published"><classification-symbol>A45F3/08</classification-symbol><class-title date-revised="2017-08-01"><title-part><text>Carrying-frames</text></title-part><title-part><text>Frames combined with sacks</text></title-part></class-title></classification-item></classification-item>
<classification-item breakdown-code="false" not-allocatable="false" level="8" additional-only="false" sort-key="A45F3/10" definition-exists="true" ipc-concordant="A45F3/10" c-set-base-allowed="false" c-set-subsequent-allowed="true" date-revised="2013-01-01" status="published"><classification-symbol>A45F3/10</classification-symbol><class-title date-revised="2013-01-01"><title-part><text>Pack-frames carried on the body</text></title-part></class-title></classification-item>
<classification-item breakdown-code="false" not-allocatable="false" level="8" additional-only="false" sort-key="A45F3/12" definition-exists="true" ipc-concordant="A45F3/12" c-set-base-allowed="false" c-set-subsequent-allowed="true" date-revised="2013-01-01" status="published"><classification-symbol>A45F3/12</classification-symbol><class-title date-revised="2013-01-01"><title-part><text>Shoulder-pads</text></title-part></class-title>
<classification-item breakdown-code="true" not-allocatable="false" level="9" additional-only="true" sort-key="A45F3/122" definition-exists="false" ipc-concordant="A45F3/12" c-set-base-allowed="false" c-set-subsequent-allowed="true" date-revised="2013-01-01" status="published"><classification-symbol>A45F2003/122</classification-symbol><class-title date-revised="2013-01-01"><title-part><CPC-specific-text><text>Back cushioning parts or details of backpacks, e.g. with ventilation</text></CPC-specific-text></title-part></class-title>
<classification-item breakdown-code="true" not-allocatable="false" level="10" additional-only="true" sort-key="A45F3/125" definition-exists="false" ipc-concordant="A45F3/12" c-set-base-allowed="false" c-set-subsequent-allowed="true" date-revised="2013-01-01" status="published"><classification-symbol>A45F2003/125</classification-symbol><class-title date-revised="2013-01-01"><title-part><CPC-specific-text><text>with ventilation</text></CPC-specific-text></title-part></class-title></classification-item></classification-item>
<classification-item breakdown-code="true" not-allocatable="false" level="9" additional-only="true" sort-key="A45F3/127" definition-exists="false" ipc-concordant="A45F3/12" c-set-base-allowed="false" c-set-subsequent-allowed="true" date-revised="2013-01-01" status="published"><classification-symbol>A45F2003/127</classification-symbol><class-title date-revised="2013-01-01"><title-part><CPC-specific-text><text>Dorsal or hip pads for the lumbar back or for the waist</text></CPC-specific-text></title-part></class-title></classification-item></classification-item>
<classification-item breakdown-code="false" not-allocatable="false" level="8" additional-only="false" sort-key="A45F3/14" definition-exists="true" ipc-concordant="A45F3/14" c-set-base-allowed="false" c-set-subsequent-allowed="true" date-revised="2013-01-01" status="published"><classification-symbol>A45F3/14</classification-symbol><class-title date-revised="2013-01-01"><title-part><text>Carrying-straps</text></title-part><title-part><text>Pack-carrying harnesses</text></title-part></class-title>
<classification-item breakdown-code="true" not-allocatable="false" level="9" additional-only="true" sort-key="A45F3/142" definition-exists="false" ipc-concordant="A45F3/14" c-set-base-allowed="false" c-set-subsequent-allowed="true" date-revised="2013-01-01" status="published"><classification-symbol>A45F2003/142</classification-symbol><class-title date-revised="2013-01-01"><title-part><CPC-specific-text><text>Carrying-straps</text></CPC-specific-text></title-part></class-title></classification-item>
<classification-item breakdown-code="true" not-allocatable="false" level="9" additional-only="true" sort-key="A45F3/144" definition-exists="false" ipc-concordant="A45F3/14" c-set-base-allowed="false" c-set-subsequent-allowed="true" date-revised="2013-01-01" status="published"><classification-symbol>A45F2003/144</classification-symbol><class-title date-revised="2013-01-01"><title-part><CPC-specific-text><text>Pack-carrying waist or torso belts</text></CPC-specific-text></title-part></class-title></classification-item>
<classification-item breakdown-code="true" not-allocatable="false" level="9" additional-only="true" sort-key="A45F3/146" definition-exists="false" ipc-concordant="A45F3/14" c-set-base-allowed="false" c-set-subsequent-allowed="true" date-revised="2013-01-01" status="published"><classification-symbol>A45F2003/146</classification-symbol><class-title date-revised="2013-01-01"><title-part><CPC-specific-text><text>Pack-carrying harnesses</text></CPC-specific-text></title-part></class-title></classification-item>
<classification-item breakdown-code="true" not-allocatable="false" level="9" additional-only="true" sort-key="A45F3/148" definition-exists="false" ipc-concordant="A45F3/14" c-set-base-allowed="false" c-set-subsequent-allowed="true" date-revised="2013-01-01" status="published"><classification-symbol>A45F2003/148</classification-symbol><class-title date-revised="2013-01-01"><title-part><CPC-specific-text><text>Pack-carrying shoulder holsters</text></CPC-specific-text></title-part></class-title></classification-item>
<classification-item breakdown-code="false" not-allocatable="false" level="9" additional-only="false" sort-key="A45F3/15" definition-exists="true" ipc-concordant="A45F3/15" c-set-base-allowed="false" c-set-subsequent-allowed="true" date-revised="2013-01-01" status="published"><classification-symbol>A45F3/15</classification-symbol><class-title date-revised="2013-01-01"><title-part><text>Harnesses specially adapted for carrying small boats</text></title-part></class-title></classification-item></classification-item>
<classification-item breakdown-code="false" not-allocatable="false" level="8" additional-only="false" sort-key="A45F3/16" definition-exists="true" ipc-concordant="A45F3/16" c-set-base-allowed="false" c-set-subsequent-allowed="true" date-revised="2013-01-01" status="published"><classification-symbol>A45F3/16</classification-symbol><class-title date-revised="2013-01-01"><title-part><text>Water-bottles</text></title-part><title-part><text>Mess-tins</text></title-part><title-part><text>Cups</text></title-part></class-title>
<classification-item breakdown-code="true" not-allocatable="false" level="9" additional-only="true" sort-key="A45F3/163" definition-exists="false" ipc-concordant="A45F3/16" c-set-base-allowed="false" c-set-subsequent-allowed="true" date-revised="2013-01-01" status="published"><classification-symbol>A45F2003/163</classification-symbol><class-title date-revised="2013-01-01"><title-part><CPC-specific-text><text>Water bottles with purification filter</text></CPC-specific-text></title-part></class-title></classification-item>
<classification-item breakdown-code="true" not-allocatable="false" level="9" additional-only="true" sort-key="A45F3/166" definition-exists="false" ipc-concordant="A45F3/16" c-set-base-allowed="false" c-set-subsequent-allowed="true" date-revised="2013-01-01" status="published"><classification-symbol>A45F2003/166</classification-symbol><class-title date-revised="2013-01-01"><title-part><CPC-specific-text><text>Hydration systems attached to the body by straps, e.g. incorporated in a backpack</text></CPC-specific-text></title-part></class-title></classification-item>
<classification-item breakdown-code="false" not-allocatable="false" level="9" additional-only="false" sort-key="A45F3/18" definition-exists="true" ipc-concordant="A45F3/18" c-set-base-allowed="false" c-set-subsequent-allowed="true" date-revised="2013-01-01" status="published"><classification-symbol>A45F3/18</classification-symbol><class-title date-revised="2013-01-01"><title-part><text>of rigid material</text></title-part></class-title></classification-item>
<classification-item breakdown-code="false" not-allocatable="false" level="9" additional-only="false" sort-key="A45F3/20" definition-exists="true" ipc-concordant="A45F3/20" c-set-base-allowed="false" c-set-subsequent-allowed="true" date-revised="2013-01-01" status="published"><classification-symbol>A45F3/20</classification-symbol><class-title date-revised="2013-01-01"><title-part><text>of flexible material</text></title-part><title-part><text>Collapsible or stackable cups</text></title-part></class-title>
<classification-item breakdown-code="true" not-allocatable="false" level="10" additional-only="true" sort-key="A45F3/205" definition-exists="false" ipc-concordant="A45F3/20" c-set-base-allowed="false" c-set-subsequent-allowed="true" date-revised="2013-01-01" status="published"><classification-symbol>A45F2003/205</classification-symbol><class-title date-revised="2013-01-01"><title-part><CPC-specific-text><text>Collapsible or foldable cups</text></CPC-specific-text></title-part></class-title></classification-item></classification-item></classification-item>
<classification-item breakdown-code="false" not-allocatable="false" level="8" additional-only="false" sort-key="A45F3/22" definition-exists="true" ipc-concordant="A45F3/22" c-set-base-allowed="false" c-set-subsequent-allowed="true" date-revised="2013-01-01" status="published"><classification-symbol>A45F3/22</classification-symbol><class-title date-revised="2013-01-01"><title-part><text>Hammocks</text></title-part><title-part><text>Hammock spreaders</text></title-part></class-title>
<classification-item breakdown-code="false" not-allocatable="false" level="9" additional-only="false" sort-key="A45F3/24" definition-exists="true" ipc-concordant="A45F3/24" c-set-base-allowed="false" c-set-subsequent-allowed="true" date-revised="2013-01-01" status="published"><classification-symbol>A45F3/24</classification-symbol><class-title date-revised="2013-01-01"><title-part><text>Stands</text></title-part><title-part><text>Supports</text></title-part></class-title></classification-item></classification-item>
<classification-item breakdown-code="false" not-allocatable="false" level="8" additional-only="false" sort-key="A45F3/26" definition-exists="true" ipc-concordant="A45F3/26" c-set-base-allowed="false" c-set-subsequent-allowed="true" date-revised="2013-01-01" status="published"><classification-symbol>A45F3/26</classification-symbol><class-title date-revised="2013-01-01"><title-part><text>Hanging seats</text></title-part></class-title></classification-item>
<classification-item breakdown-code="false" not-allocatable="false" level="8" additional-only="false" sort-key="A45F3/44" definition-exists="true" ipc-concordant="A45F3/44" c-set-base-allowed="false" c-set-subsequent-allowed="true" date-revised="2013-01-01" status="published"><classification-symbol>A45F3/44</classification-symbol><class-title date-revised="2013-01-01"><title-part><text>Article supports adapted to be stuck into the ground </text><CPC-specific-text><reference><text>posts driven into the ground <class-ref scheme="cpc">E04H12/2215</class-ref></text></reference></CPC-specific-text></title-part></class-title></classification-item>
<classification-item breakdown-code="false" not-allocatable="false" level="8" additional-only="false" sort-key="A45F3/46" definition-exists="true" ipc-concordant="A45F3/46" c-set-base-allowed="false" c-set-subsequent-allowed="true" date-revised="2017-08-01" status="published"><classification-symbol>A45F3/46</classification-symbol><class-title date-revised="2017-08-01"><title-part><text>Picnic sets </text><reference><text>picnic boxes <class-ref scheme="cpc">A45C11/20</class-ref></text></reference></title-part></class-title></classification-item>
<classification-item breakdown-code="false" not-allocatable="false" level="8" additional-only="false" sort-key="A45F3/48" definition-exists="true" ipc-concordant="A45F3/48" c-set-base-allowed="false" c-set-subsequent-allowed="true" date-revised="2013-01-01" status="published"><classification-symbol>A45F3/48</classification-symbol><class-title date-revised="2013-01-01"><title-part><text>Sewing kits</text></title-part></class-title></classification-item>
<classification-item breakdown-code="false" not-allocatable="false" level="8" additional-only="false" sort-key="A45F3/50" definition-exists="true" ipc-concordant="A45F3/50" c-set-base-allowed="false" c-set-subsequent-allowed="true" date-revised="2017-08-01" status="published"><classification-symbol>A45F3/50</classification-symbol><class-title date-revised="2017-08-01"><title-part><text>Map-cases used as travelling equipment</text></title-part></class-title></classification-item>
<classification-item breakdown-code="false" not-allocatable="false" level="8" additional-only="false" sort-key="A45F3/52" definition-exists="true" ipc-concordant="A45F3/52" c-set-base-allowed="false" c-set-subsequent-allowed="true" date-revised="2013-01-01" status="published"><classification-symbol>A45F3/52</classification-symbol><class-title date-revised="2013-01-01"><title-part><text>Nets affording protection against insects</text></title-part></class-title></classification-item></classification-item>
<classification-item breakdown-code="false" not-allocatable="false" level="7" additional-only="false" sort-key="A45F4/00" definition-exists="true" ipc-concordant="A45F4/00" c-set-base-allowed="false" c-set-subsequent-allowed="true" date-revised="2013-01-01" status="published"><classification-symbol>A45F4/00</classification-symbol><class-title date-revised="2013-01-01"><title-part><text>Travelling or camp articles which may be converted into </text><CPC-specific-text><text>other</text></CPC-specific-text><text> articles </text><CPC-specific-text><text>or into objects</text></CPC-specific-text><text> for other use</text></title-part><title-part><text>Sacks or packs carried on the body and convertible into other articles </text><CPC-specific-text><text>or into objects for other use</text></CPC-specific-text></title-part></class-title>
<classification-item breakdown-code="true" not-allocatable="false" level="8" additional-only="true" sort-key="A45F4/003" definition-exists="false" ipc-concordant="A45F4/00" c-set-base-allowed="false" c-set-subsequent-allowed="true" date-revised="2013-01-01" status="published"><classification-symbol>A45F2004/003</classification-symbol><class-title date-revised="2013-01-01"><title-part><CPC-specific-text><text>Holders or carriers for hand articles, or for use while travelling or camping, convertible into articles for other use</text></CPC-specific-text></title-part></class-title></classification-item>
<classification-item breakdown-code="true" not-allocatable="false" level="8" additional-only="true" sort-key="A45F4/006" definition-exists="false" ipc-concordant="A45F4/00" c-set-base-allowed="false" c-set-subsequent-allowed="true" date-revised="2013-01-01" status="published"><classification-symbol>A45F2004/006</classification-symbol><class-title date-revised="2013-01-01"><title-part><CPC-specific-text><text>Pack-frames, pack-carrying harnesses, carrying straps or shoulder-pads convertible into articles for other use</text></CPC-specific-text></title-part></class-title></classification-item>
<classification-item breakdown-code="false" not-allocatable="false" level="8" additional-only="false" sort-key="A45F4/02" definition-exists="true" ipc-concordant="A45F4/02" c-set-base-allowed="false" c-set-subsequent-allowed="true" date-revised="2013-01-01" status="published"><classification-symbol>A45F4/02</classification-symbol><class-title date-revised="2013-01-01"><title-part><text>Sacks or packs convertible into other articles </text><CPC-specific-text><text>or into objects for other use</text></CPC-specific-text></title-part></class-title>
<classification-item breakdown-code="true" not-allocatable="false" level="9" additional-only="true" sort-key="A45F4/023" definition-exists="false" ipc-concordant="A45F4/02" c-set-base-allowed="false" c-set-subsequent-allowed="true" date-revised="2016-05-01" status="published"><classification-symbol>A45F2004/023</classification-symbol><class-title date-revised="2016-05-01"><title-part><CPC-specific-text><text>into articles covered by groups <class-ref scheme="cpc">A45F3/00</class-ref>&#160;-&#160;<class-ref scheme="cpc">A45F3/15</class-ref></text></CPC-specific-text></title-part></class-title></classification-item>
<classification-item breakdown-code="true" not-allocatable="false" level="9" additional-only="true" sort-key="A45F4/026" definition-exists="false" ipc-concordant="A45F4/02" c-set-base-allowed="false" c-set-subsequent-allowed="true" date-revised="2013-01-01" status="published"><classification-symbol>A45F2004/026</classification-symbol><class-title date-revised="2013-01-01"><title-part><CPC-specific-text><text>into seats or sitting cushions</text></CPC-specific-text></title-part></class-title></classification-item>
<classification-item breakdown-code="false" not-allocatable="false" level="9" additional-only="false" sort-key="A45F4/04" definition-exists="true" ipc-concordant="A45F4/04" c-set-base-allowed="false" c-set-subsequent-allowed="true" date-revised="2013-01-01" status="published"><classification-symbol>A45F4/04</classification-symbol><class-title date-revised="2013-01-01"><title-part><text>into tents</text></title-part></class-title></classification-item>
<classification-item breakdown-code="false" not-allocatable="false" level="9" additional-only="false" sort-key="A45F4/06" definition-exists="true" ipc-concordant="A45F4/06" c-set-base-allowed="false" c-set-subsequent-allowed="true" date-revised="2013-01-01" status="published"><classification-symbol>A45F4/06</classification-symbol><class-title date-revised="2013-01-01"><title-part><text>into beds or mattresses</text></title-part></class-title></classification-item>
<classification-item breakdown-code="false" not-allocatable="false" level="9" additional-only="false" sort-key="A45F4/08" definition-exists="true" ipc-concordant="A45F4/08" c-set-base-allowed="false" c-set-subsequent-allowed="true" date-revised="2013-01-01" status="published"><classification-symbol>A45F4/08</classification-symbol><class-title date-revised="2013-01-01"><title-part><text>into hammocks, litters or sleeping-bags</text></title-part></class-title></classification-item>
<classification-item breakdown-code="false" not-allocatable="false" level="9" additional-only="false" sort-key="A45F4/10" definition-exists="true" ipc-concordant="A45F4/10" c-set-base-allowed="false" c-set-subsequent-allowed="true" date-revised="2013-01-01" status="published"><classification-symbol>A45F4/10</classification-symbol><class-title date-revised="2013-01-01"><title-part><text>into boats or sledges</text></title-part></class-title></classification-item>
<classification-item breakdown-code="false" not-allocatable="false" level="9" additional-only="false" sort-key="A45F4/12" definition-exists="true" ipc-concordant="A45F4/12" c-set-base-allowed="false" c-set-subsequent-allowed="true" date-revised="2013-01-01" status="published"><classification-symbol>A45F4/12</classification-symbol><class-title date-revised="2013-01-01"><title-part><text>into coats or capes</text></title-part></class-title></classification-item></classification-item>
<classification-item breakdown-code="false" not-allocatable="false" level="8" additional-only="false" sort-key="A45F4/14" definition-exists="true" ipc-concordant="A45F4/14" c-set-base-allowed="false" c-set-subsequent-allowed="true" date-revised="2013-01-01" status="published"><classification-symbol>A45F4/14</classification-symbol><class-title date-revised="2013-01-01"><title-part><text>Coats or capes convertible into tent coverings</text></title-part></class-title></classification-item></classification-item>
<classification-item breakdown-code="false" not-allocatable="false" level="7" additional-only="false" sort-key="A45F5/00" definition-exists="true" ipc-concordant="A45F5/00" c-set-base-allowed="false" c-set-subsequent-allowed="true" date-revised="2013-01-01" status="published"><classification-symbol>A45F5/00</classification-symbol><class-title date-revised="2013-01-01"><title-part><text>Holders or carriers for hand articles</text></title-part><title-part><text>Holders or carriers for use while travelling or camping</text></title-part></class-title>
<classification-item breakdown-code="true" not-allocatable="false" level="8" additional-only="true" sort-key="A45F5/002" definition-exists="false" ipc-concordant="A45F5/00" c-set-base-allowed="false" c-set-subsequent-allowed="true" date-revised="2013-01-01" status="published"><classification-symbol>A45F2005/002</classification-symbol><class-title date-revised="2013-01-01"><title-part><CPC-specific-text><text>combined with other objects</text></CPC-specific-text></title-part></class-title></classification-item>
<classification-item breakdown-code="false" not-allocatable="false" level="8" additional-only="false" sort-key="A45F5/004" definition-exists="true" ipc-concordant="A45F5/00" c-set-base-allowed="false" c-set-subsequent-allowed="true" date-revised="2013-01-01" status="published"><classification-symbol>A45F5/004</classification-symbol><class-title date-revised="2013-01-01"><title-part><CPC-specific-text><text>with an automatic spring reel</text></CPC-specific-text></title-part></class-title></classification-item>
<classification-item breakdown-code="true" not-allocatable="false" level="8" additional-only="true" sort-key="A45F5/006" definition-exists="false" ipc-concordant="A45F5/00" c-set-base-allowed="false" c-set-subsequent-allowed="true" date-revised="2013-01-01" status="published"><classification-symbol>A45F2005/006</classification-symbol><class-title date-revised="2013-01-01"><title-part><CPC-specific-text><text>comprising a suspension strap or lanyard</text></CPC-specific-text></title-part></class-title></classification-item>
<classification-item breakdown-code="true" not-allocatable="false" level="8" additional-only="true" sort-key="A45F5/008" definition-exists="false" ipc-concordant="A45F5/00" c-set-base-allowed="false" c-set-subsequent-allowed="true" date-revised="2013-01-01" status="published"><classification-symbol>A45F2005/008</classification-symbol><class-title date-revised="2013-01-01"><title-part><CPC-specific-text><text>Hand articles fastened to the wrist or to the arm or to the leg</text></CPC-specific-text></title-part></class-title></classification-item>
<classification-item breakdown-code="false" not-allocatable="false" level="8" additional-only="false" sort-key="A45F5/02" definition-exists="true" ipc-concordant="A45F5/02" c-set-base-allowed="false" c-set-subsequent-allowed="true" date-revised="2013-01-01" status="published"><classification-symbol>A45F5/02</classification-symbol><class-title date-revised="2013-01-01"><title-part><text>Fastening articles to the garment</text></title-part></class-title>
<classification-item breakdown-code="false" not-allocatable="false" level="9" additional-only="false" sort-key="A45F5/021" definition-exists="true" ipc-concordant="A45F5/02" c-set-base-allowed="false" c-set-subsequent-allowed="true" date-revised="2013-01-01" status="published"><classification-symbol>A45F5/021</classification-symbol><class-title date-revised="2013-01-01"><title-part><CPC-specific-text><text>to the belt</text></CPC-specific-text></title-part></class-title></classification-item>
<classification-item breakdown-code="false" not-allocatable="false" level="9" additional-only="false" sort-key="A45F5/022" definition-exists="true" ipc-concordant="A45F5/02" c-set-base-allowed="false" c-set-subsequent-allowed="true" date-revised="2013-01-01" status="published"><classification-symbol>A45F5/022</classification-symbol><class-title date-revised="2013-01-01"><title-part><CPC-specific-text><text>within pockets</text></CPC-specific-text></title-part></class-title></classification-item>
<classification-item breakdown-code="true" not-allocatable="false" level="9" additional-only="true" sort-key="A45F5/023" definition-exists="false" ipc-concordant="A45F5/02" c-set-base-allowed="false" c-set-subsequent-allowed="true" date-revised="2013-01-01" status="published"><classification-symbol>A45F2005/023</classification-symbol><class-title date-revised="2013-01-01"><title-part><CPC-specific-text><text>to a fastening element of the garment, e.g. button</text></CPC-specific-text></title-part></class-title></classification-item>
<classification-item breakdown-code="true" not-allocatable="false" level="9" additional-only="true" sort-key="A45F5/025" definition-exists="false" ipc-concordant="A45F5/02" c-set-base-allowed="false" c-set-subsequent-allowed="true" date-revised="2013-01-01" status="published"><classification-symbol>A45F2005/025</classification-symbol><class-title date-revised="2013-01-01"><title-part><CPC-specific-text><text>with a holder or item rotatably connected to the fastening device, e.g. having a rotation axis perpendicular to the garment</text></CPC-specific-text></title-part></class-title>
<classification-item breakdown-code="true" not-allocatable="false" level="10" additional-only="true" sort-key="A45F5/026" definition-exists="false" ipc-concordant="A45F5/02" c-set-base-allowed="false" c-set-subsequent-allowed="true" date-revised="2013-01-01" status="published"><classification-symbol>A45F2005/026</classification-symbol><class-title date-revised="2013-01-01"><title-part><CPC-specific-text><text>with a pin having an enlarged head detachably connected to a fastening device, e.g. to a pin receiving slot</text></CPC-specific-text></title-part></class-title></classification-item>
<classification-item breakdown-code="true" not-allocatable="false" level="10" additional-only="true" sort-key="A45F5/027" definition-exists="false" ipc-concordant="A45F5/02" c-set-base-allowed="false" c-set-subsequent-allowed="true" date-revised="2013-01-01" status="published"><classification-symbol>A45F2005/027</classification-symbol><class-title date-revised="2013-01-01"><title-part><CPC-specific-text><text>with a horizontal and parallel rotation axis, i.e. the axis being parallel to the surface of the garment</text></CPC-specific-text></title-part></class-title></classification-item>
<classification-item breakdown-code="true" not-allocatable="false" level="10" additional-only="true" sort-key="A45F5/028" definition-exists="false" ipc-concordant="A45F5/02" c-set-base-allowed="false" c-set-subsequent-allowed="true" date-revised="2013-01-01" status="published"><classification-symbol>A45F2005/028</classification-symbol><class-title date-revised="2013-01-01"><title-part><CPC-specific-text><text>with a vertical rotation axis</text></CPC-specific-text></title-part></class-title></classification-item></classification-item>
<classification-item breakdown-code="false" not-allocatable="false" level="9" additional-only="false" sort-key="A45F5/04" definition-exists="true" ipc-concordant="A45F5/04" c-set-base-allowed="false" c-set-subsequent-allowed="true" date-revised="2013-01-01" status="published"><classification-symbol>A45F5/04</classification-symbol><class-title date-revised="2013-01-01"><title-part><text>Holding handkerchiefs, napkins, or the like</text></title-part></class-title></classification-item>
<classification-item breakdown-code="false" not-allocatable="false" level="9" additional-only="false" sort-key="A45F5/06" definition-exists="true" ipc-concordant="A45F5/06" c-set-base-allowed="false" c-set-subsequent-allowed="true" date-revised="2013-01-01" status="published"><classification-symbol>A45F5/06</classification-symbol><class-title date-revised="2013-01-01"><title-part><text>Holding hats or other garments</text></title-part></class-title></classification-item>
<classification-item breakdown-code="false" not-allocatable="false" level="9" additional-only="false" sort-key="A45F5/08" definition-exists="true" ipc-concordant="A45F5/08" c-set-base-allowed="false" c-set-subsequent-allowed="true" date-revised="2013-01-01" status="published"><classification-symbol>A45F5/08</classification-symbol><class-title date-revised="2013-01-01"><title-part><text>Holding flowers</text></title-part></class-title></classification-item></classification-item>
<classification-item breakdown-code="false" not-allocatable="false" level="8" additional-only="false" sort-key="A45F5/10" definition-exists="true" ipc-concordant="A45F5/10" c-set-base-allowed="false" c-set-subsequent-allowed="true" date-revised="2017-08-01" status="published"><classification-symbol>A45F5/10</classification-symbol><class-title date-revised="2017-08-01"><title-part><text>Handles for carrying purposes</text></title-part></class-title>
<classification-item breakdown-code="true" not-allocatable="false" level="9" additional-only="true" sort-key="A45F5/1006" definition-exists="false" ipc-concordant="A45F5/10" c-set-base-allowed="false" c-set-subsequent-allowed="true" date-revised="2013-01-01" status="published"><classification-symbol>A45F2005/1006</classification-symbol><class-title date-revised="2013-01-01"><title-part><CPC-specific-text><text>with means embracing the hand article to be carried</text></CPC-specific-text></title-part></class-title>
<classification-item breakdown-code="true" not-allocatable="false" level="10" additional-only="true" sort-key="A45F5/1013" definition-exists="false" ipc-concordant="A45F5/10" c-set-base-allowed="false" c-set-subsequent-allowed="true" date-revised="2013-01-01" status="published"><classification-symbol>A45F2005/1013</classification-symbol><class-title date-revised="2013-01-01"><title-part><CPC-specific-text><text>comprising a strap or band</text></CPC-specific-text></title-part></class-title></classification-item></classification-item>
<classification-item breakdown-code="false" not-allocatable="false" level="9" additional-only="false" sort-key="A45F5/102" definition-exists="true" ipc-concordant="A45F5/10" c-set-base-allowed="false" c-set-subsequent-allowed="true" date-revised="2013-01-01" status="published"><classification-symbol>A45F5/102</classification-symbol><class-title date-revised="2013-01-01"><title-part><CPC-specific-text><text>with means, e.g. a hook, receiving a carrying element of the hand article to be carried</text></CPC-specific-text></title-part></class-title>
<classification-item breakdown-code="false" not-allocatable="false" level="10" additional-only="false" sort-key="A45F5/1026" definition-exists="true" ipc-concordant="A45F5/10" c-set-base-allowed="false" c-set-subsequent-allowed="true" date-revised="2013-01-01" status="published"><classification-symbol>A45F5/1026</classification-symbol><class-title date-revised="2013-01-01"><title-part><CPC-specific-text><text>the carrying element being flexible, e.g. plastic bag handle</text></CPC-specific-text></title-part></class-title>
<classification-item breakdown-code="true" not-allocatable="false" level="11" additional-only="true" sort-key="A45F5/1033" definition-exists="false" ipc-concordant="A45F5/10" c-set-base-allowed="false" c-set-subsequent-allowed="true" date-revised="2013-01-01" status="published"><classification-symbol>A45F2005/1033</classification-symbol><class-title date-revised="2013-01-01"><title-part><CPC-specific-text><text>and supported below the grip surface of the carrying handle</text></CPC-specific-text></title-part></class-title></classification-item>
<classification-item breakdown-code="true" not-allocatable="false" level="11" additional-only="true" sort-key="A45F5/104" definition-exists="false" ipc-concordant="A45F5/10" c-set-base-allowed="false" c-set-subsequent-allowed="true" date-revised="2013-01-01" status="published"><classification-symbol>A45F2005/104</classification-symbol><class-title date-revised="2013-01-01"><title-part><CPC-specific-text><text>and supported near the lateral ends of the grip surface of the carrying handle</text></CPC-specific-text></title-part></class-title></classification-item>
<classification-item breakdown-code="false" not-allocatable="false" level="11" additional-only="false" sort-key="A45F5/1046" definition-exists="true" ipc-concordant="A45F5/10" c-set-base-allowed="false" c-set-subsequent-allowed="true" date-revised="2013-01-01" status="published"><classification-symbol>A45F5/1046</classification-symbol><class-title date-revised="2013-01-01"><title-part><CPC-specific-text><text>and supported above the grip surface of the carrying handle</text></CPC-specific-text></title-part></class-title></classification-item>
<classification-item breakdown-code="true" not-allocatable="false" level="11" additional-only="true" sort-key="A45F5/1053" definition-exists="false" ipc-concordant="A45F5/10" c-set-base-allowed="false" c-set-subsequent-allowed="true" date-revised="2013-01-01" status="published"><classification-symbol>A45F2005/1053</classification-symbol><class-title date-revised="2013-01-01"><title-part><CPC-specific-text><text>Carrying handles intended for receiving parcel cords or package bands</text></CPC-specific-text></title-part></class-title>
<classification-item breakdown-code="true" not-allocatable="false" level="12" additional-only="true" sort-key="A45F5/106" definition-exists="false" ipc-concordant="A45F5/10" c-set-base-allowed="false" c-set-subsequent-allowed="true" date-revised="2013-01-01" status="published"><classification-symbol>A45F2005/106</classification-symbol><class-title date-revised="2013-01-01"><title-part><CPC-specific-text><text>specially adapted for crossed cords or bands</text></CPC-specific-text></title-part></class-title></classification-item></classification-item></classification-item>
<classification-item breakdown-code="true" not-allocatable="false" level="10" additional-only="true" sort-key="A45F5/1066" definition-exists="false" ipc-concordant="A45F5/10" c-set-base-allowed="false" c-set-subsequent-allowed="true" date-revised="2013-01-01" status="published"><classification-symbol>A45F2005/1066</classification-symbol><class-title date-revised="2013-01-01"><title-part><CPC-specific-text><text>Details</text></CPC-specific-text></title-part></class-title>
<classification-item breakdown-code="true" not-allocatable="false" level="11" additional-only="true" sort-key="A45F5/1073" definition-exists="false" ipc-concordant="A45F5/10" c-set-base-allowed="false" c-set-subsequent-allowed="true" date-revised="2013-01-01" status="published"><classification-symbol>A45F2005/1073</classification-symbol><class-title date-revised="2013-01-01"><title-part><CPC-specific-text><text>Retaining means for controlled release of the carrying element</text></CPC-specific-text></title-part></class-title></classification-item></classification-item></classification-item>
<classification-item breakdown-code="true" not-allocatable="false" level="9" additional-only="true" sort-key="A45F5/108" definition-exists="false" ipc-concordant="A45F5/10" c-set-base-allowed="false" c-set-subsequent-allowed="true" date-revised="2013-01-01" status="published"><classification-symbol>A45F2005/108</classification-symbol><class-title date-revised="2013-01-01"><title-part><CPC-specific-text><text>Accessories</text></CPC-specific-text></title-part></class-title>
<classification-item breakdown-code="true" not-allocatable="false" level="10" additional-only="true" sort-key="A45F5/1086" definition-exists="false" ipc-concordant="A45F5/10" c-set-base-allowed="false" c-set-subsequent-allowed="true" date-revised="2013-01-01" status="published"><classification-symbol>A45F2005/1086</classification-symbol><class-title date-revised="2013-01-01"><title-part><CPC-specific-text><text>Storage means for additional items</text></CPC-specific-text></title-part></class-title></classification-item>
<classification-item breakdown-code="true" not-allocatable="false" level="10" additional-only="true" sort-key="A45F5/1093" definition-exists="false" ipc-concordant="A45F5/10" c-set-base-allowed="false" c-set-subsequent-allowed="true" date-revised="2013-01-01" status="published"><classification-symbol>A45F2005/1093</classification-symbol><class-title date-revised="2013-01-01"><title-part><CPC-specific-text><text>Labels, logos or indicators</text></CPC-specific-text></title-part></class-title></classification-item></classification-item></classification-item>
<classification-item breakdown-code="false" not-allocatable="false" level="8" additional-only="false" sort-key="A45F5/12" definition-exists="true" ipc-concordant="A45F5/12" c-set-base-allowed="false" c-set-subsequent-allowed="true" date-revised="2013-01-01" status="published"><classification-symbol>A45F5/12</classification-symbol><class-title date-revised="2013-01-01"><title-part><text>Book-carriers</text></title-part></class-title>
<classification-item breakdown-code="true" not-allocatable="false" level="9" additional-only="true" sort-key="A45F5/125" definition-exists="false" ipc-concordant="A45F5/12" c-set-base-allowed="false" c-set-subsequent-allowed="true" date-revised="2013-01-01" status="published"><classification-symbol>A45F2005/125</classification-symbol><class-title date-revised="2013-01-01"><title-part><CPC-specific-text><text>Mail-carriers</text></CPC-specific-text></title-part></class-title></classification-item></classification-item>
<classification-item breakdown-code="false" not-allocatable="false" level="8" additional-only="false" sort-key="A45F5/14" definition-exists="true" ipc-concordant="A45F5/14" c-set-base-allowed="false" c-set-subsequent-allowed="true" date-revised="2013-01-01" status="published"><classification-symbol>A45F5/14</classification-symbol><class-title date-revised="2013-01-01"><title-part><text>Holders for spades, hatchets, or like implements</text></title-part></class-title></classification-item></classification-item></classification-item>
<classification-item breakdown-code="true" not-allocatable="true" level="6" additional-only="true" sort-key="A45F200/00" date-revised="2013-01-01" status="published"><classification-symbol>A45F2200/00</classification-symbol>
<classification-item breakdown-code="true" not-allocatable="false" level="7" additional-only="true" sort-key="A45F200/00" definition-exists="false" ipc-concordant="CPCONLY" c-set-base-allowed="false" c-set-subsequent-allowed="true" date-revised="2015-07-01" status="published"><classification-symbol>A45F2200/00</classification-symbol><class-title date-revised="2013-01-01"><title-part><text>Details not otherwise provided for in <class-ref scheme="cpc">A45F</class-ref></text></title-part></class-title>
<classification-item breakdown-code="true" not-allocatable="false" level="8" additional-only="true" sort-key="A45F200/05" definition-exists="false" ipc-concordant="CPCONLY" c-set-base-allowed="false" c-set-subsequent-allowed="true" date-revised="2013-01-01" status="published"><classification-symbol>A45F2200/05</classification-symbol><class-title date-revised="2013-01-01"><title-part><text>Holder or carrier for specific articles</text></title-part></class-title>
<classification-item breakdown-code="true" not-allocatable="false" level="9" additional-only="true" sort-key="A45F200/0508" definition-exists="false" ipc-concordant="CPCONLY" c-set-base-allowed="false" c-set-subsequent-allowed="true" date-revised="2013-01-01" status="published"><classification-symbol>A45F2200/0508</classification-symbol><class-title date-revised="2013-01-01"><title-part><text>Portable audio devices, e.g. walkman, discman, radio, MP3 player, headphones</text></title-part></class-title></classification-item>
<classification-item breakdown-code="true" not-allocatable="false" level="9" additional-only="true" sort-key="A45F200/0516" definition-exists="false" ipc-concordant="CPCONLY" c-set-base-allowed="false" c-set-subsequent-allowed="true" date-revised="2013-01-01" status="published"><classification-symbol>A45F2200/0516</classification-symbol><class-title date-revised="2013-01-01"><title-part><text>Portable handheld communication devices, e.g. mobile phone, pager, beeper, PDA, smart phone</text></title-part></class-title></classification-item>
<classification-item breakdown-code="true" not-allocatable="false" level="9" additional-only="true" sort-key="A45F200/0525" definition-exists="false" ipc-concordant="CPCONLY" c-set-base-allowed="false" c-set-subsequent-allowed="true" date-revised="2013-01-01" status="published"><classification-symbol>A45F2200/0525</classification-symbol><class-title date-revised="2013-01-01"><title-part><text>Personal portable computing devices, e.g. laptop, tablet, netbook, game boy, navigation system, calculator</text></title-part></class-title></classification-item>
<classification-item breakdown-code="true" not-allocatable="false" level="9" additional-only="true" sort-key="A45F200/0533" definition-exists="false" ipc-concordant="CPCONLY" c-set-base-allowed="false" c-set-subsequent-allowed="true" date-revised="2013-01-01" status="published"><classification-symbol>A45F2200/0533</classification-symbol><class-title date-revised="2013-01-01"><title-part><text>Cameras, e.g. reflex, digital, video camera</text></title-part></class-title></classification-item>
<classification-item breakdown-code="true" not-allocatable="false" level="9" additional-only="true" sort-key="A45F200/0541" definition-exists="false" ipc-concordant="CPCONLY" c-set-base-allowed="false" c-set-subsequent-allowed="true" date-revised="2013-01-01" status="published"><classification-symbol>A45F2200/0541</classification-symbol><class-title date-revised="2013-01-01"><title-part><text>Eyeglasses or spectacles</text></title-part></class-title></classification-item>
<classification-item breakdown-code="true" not-allocatable="false" level="9" additional-only="true" sort-key="A45F200/055" definition-exists="false" ipc-concordant="CPCONLY" c-set-base-allowed="false" c-set-subsequent-allowed="true" date-revised="2013-01-01" status="published"><classification-symbol>A45F2200/055</classification-symbol><class-title date-revised="2013-01-01"><title-part><text>Thin, flat, rectangular articles, e.g. ID badges or cards</text></title-part></class-title></classification-item>
<classification-item breakdown-code="true" not-allocatable="false" level="9" additional-only="true" sort-key="A45F200/0558" definition-exists="false" ipc-concordant="CPCONLY" c-set-base-allowed="false" c-set-subsequent-allowed="true" date-revised="2013-01-01" status="published"><classification-symbol>A45F2200/0558</classification-symbol><class-title date-revised="2013-01-01"><title-part><text>Keys</text></title-part></class-title></classification-item>
<classification-item breakdown-code="true" not-allocatable="false" level="9" additional-only="true" sort-key="A45F200/0566" definition-exists="false" ipc-concordant="CPCONLY" c-set-base-allowed="false" c-set-subsequent-allowed="true" date-revised="2013-01-01" status="published"><classification-symbol>A45F2200/0566</classification-symbol><class-title date-revised="2013-01-01"><title-part><text>Tubular, rod-shaped articles, e.g. batons</text></title-part></class-title></classification-item>
<classification-item breakdown-code="true" not-allocatable="false" level="9" additional-only="true" sort-key="A45F200/0575" definition-exists="false" ipc-concordant="CPCONLY" c-set-base-allowed="false" c-set-subsequent-allowed="true" date-revised="2013-01-01" status="published"><classification-symbol>A45F2200/0575</classification-symbol><class-title date-revised="2013-01-01"><title-part><text>Portable tools</text></title-part></class-title></classification-item>
<classification-item breakdown-code="true" not-allocatable="false" level="9" additional-only="true" sort-key="A45F200/0583" definition-exists="false" ipc-concordant="CPCONLY" c-set-base-allowed="false" c-set-subsequent-allowed="true" date-revised="2013-01-01" status="published"><classification-symbol>A45F2200/0583</classification-symbol><class-title date-revised="2013-01-01"><title-part><text>Beverage vessels, e.g. bottles</text></title-part></class-title></classification-item>
<classification-item breakdown-code="true" not-allocatable="false" level="9" additional-only="true" sort-key="A45F200/0591" definition-exists="false" ipc-concordant="CPCONLY" c-set-base-allowed="false" c-set-subsequent-allowed="true" date-revised="2013-01-01" status="published"><classification-symbol>A45F2200/0591</classification-symbol><class-title date-revised="2013-01-01"><title-part><text>Defense articles, e.g. small arms, handguns, pistols, or the like</text></title-part></class-title></classification-item></classification-item></classification-item></classification-item></classification-item></class-scheme>