<?xml version="1.0" encoding="UTF-8"?>
<class-scheme publication-date="2022-08-01" scheme-type="cpc" publication-type="official">
<classification-item breakdown-code="false" not-allocatable="true" level="5" additional-only="true" sort-key="Y02W" definition-exists="false" date-revised="2015-05-01" status="published"><classification-symbol>Y02W</classification-symbol><class-title><title-part><text>CLIMATE CHANGE MITIGATION TECHNOLOGIES RELATED TO WASTEWATER TREATMENT OR WASTE MANAGEMENT</text></title-part></class-title>
<classification-item breakdown-code="false" not-allocatable="true" level="6" additional-only="true" sort-key="Y02W10/00" date-revised="2015-05-01" status="published"><classification-symbol>Y02W10/00</classification-symbol>
<classification-item breakdown-code="false" not-allocatable="false" level="7" additional-only="true" sort-key="Y02W10/00" definition-exists="false" ipc-concordant="CPCONLY" c-set-base-allowed="false" c-set-subsequent-allowed="false" date-revised="2020-08-01" status="published"><classification-symbol>Y02W10/00</classification-symbol><class-title date-revised="2020-08-01"><title-part><text>Technologies for wastewater treatment</text></title-part></class-title>
<classification-item breakdown-code="false" not-allocatable="false" level="8" additional-only="true" sort-key="Y02W10/10" definition-exists="false" ipc-concordant="CPCONLY" c-set-base-allowed="false" c-set-subsequent-allowed="false" date-revised="2015-05-01" status="published"><classification-symbol>Y02W10/10</classification-symbol><class-title><title-part><text>Biological treatment of water, waste water, or sewage</text></title-part></class-title></classification-item>
<classification-item breakdown-code="false" not-allocatable="false" level="8" additional-only="true" sort-key="Y02W10/20" definition-exists="false" ipc-concordant="CPCONLY" c-set-base-allowed="false" c-set-subsequent-allowed="false" date-revised="2015-05-01" status="published"><classification-symbol>Y02W10/20</classification-symbol><class-title><title-part><text>Sludge processing</text></title-part></class-title></classification-item>
<classification-item breakdown-code="false" not-allocatable="false" level="8" additional-only="true" sort-key="Y02W10/30" definition-exists="false" ipc-concordant="CPCONLY" c-set-base-allowed="false" c-set-subsequent-allowed="false" date-revised="2020-08-01" status="published"><classification-symbol>Y02W10/30</classification-symbol><class-title date-revised="2020-08-01"><title-part><text>Wastewater or sewage treatment systems using renewable energies</text></title-part></class-title>
<classification-item breakdown-code="false" not-allocatable="false" level="9" additional-only="true" sort-key="Y02W10/33" definition-exists="false" ipc-concordant="CPCONLY" c-set-base-allowed="false" c-set-subsequent-allowed="false" date-revised="2015-05-01" status="published"><classification-symbol>Y02W10/33</classification-symbol><class-title><title-part><text>using wind energy</text></title-part></class-title></classification-item>
<classification-item breakdown-code="false" not-allocatable="false" level="9" additional-only="true" sort-key="Y02W10/37" definition-exists="false" ipc-concordant="CPCONLY" c-set-base-allowed="false" c-set-subsequent-allowed="false" date-revised="2015-05-01" status="published"><classification-symbol>Y02W10/37</classification-symbol><class-title><title-part><text>using solar energy</text></title-part></class-title></classification-item></classification-item>
<classification-item breakdown-code="false" not-allocatable="false" level="8" additional-only="true" sort-key="Y02W10/40" definition-exists="false" ipc-concordant="CPCONLY" c-set-base-allowed="false" c-set-subsequent-allowed="false" date-revised="2015-05-01" status="published"><classification-symbol>Y02W10/40</classification-symbol><class-title><title-part><text>Valorisation of by-products of wastewater, sewage or sludge processing</text></title-part></class-title></classification-item></classification-item>
<classification-item breakdown-code="false" not-allocatable="false" level="7" additional-only="true" sort-key="Y02W30/00" definition-exists="false" ipc-concordant="CPCONLY" c-set-base-allowed="false" c-set-subsequent-allowed="false" date-revised="2020-08-01" status="published"><classification-symbol>Y02W30/00</classification-symbol><class-title date-revised="2020-08-01"><title-part><text>Technologies for solid waste management</text></title-part></class-title>
<classification-item breakdown-code="false" not-allocatable="false" level="8" additional-only="true" sort-key="Y02W30/10" definition-exists="false" ipc-concordant="CPCONLY" c-set-base-allowed="false" c-set-subsequent-allowed="false" date-revised="2020-08-01" status="published"><classification-symbol>Y02W30/10</classification-symbol><class-title date-revised="2020-08-01"><title-part><text>Waste collection, transportation, transfer or storage, e.g. segregated refuse collecting, electric or hybrid propulsion</text></title-part></class-title></classification-item>
<classification-item breakdown-code="false" not-allocatable="false" level="8" additional-only="true" sort-key="Y02W30/20" definition-exists="false" ipc-concordant="CPCONLY" c-set-base-allowed="false" c-set-subsequent-allowed="false" date-revised="2020-08-01" status="published"><classification-symbol>Y02W30/20</classification-symbol><class-title date-revised="2020-08-01"><title-part><text>Waste processing or separation</text></title-part></class-title></classification-item>
<classification-item breakdown-code="false" not-allocatable="false" level="8" additional-only="true" sort-key="Y02W30/30" definition-exists="false" ipc-concordant="CPCONLY" c-set-base-allowed="false" c-set-subsequent-allowed="false" date-revised="2015-05-01" status="published"><classification-symbol>Y02W30/30</classification-symbol><class-title><title-part><text>Landfill technologies aiming to mitigate methane emissions</text></title-part></class-title></classification-item>
<classification-item breakdown-code="false" not-allocatable="false" level="8" additional-only="true" sort-key="Y02W30/40" definition-exists="false" ipc-concordant="CPCONLY" c-set-base-allowed="false" c-set-subsequent-allowed="false" date-revised="2015-05-01" status="published"><classification-symbol>Y02W30/40</classification-symbol><class-title><title-part><text>Bio-organic fraction processing</text></title-part><title-part><text>Production of fertilisers from the organic fraction of waste or refuse</text></title-part></class-title></classification-item>
<classification-item breakdown-code="false" not-allocatable="false" level="8" additional-only="true" sort-key="Y02W30/50" definition-exists="false" ipc-concordant="CPCONLY" c-set-base-allowed="false" c-set-subsequent-allowed="false" date-revised="2015-05-01" status="published"><classification-symbol>Y02W30/50</classification-symbol><class-title><title-part><text>Reuse, recycling or recovery technologies</text></title-part></class-title>
<classification-item breakdown-code="false" not-allocatable="false" level="9" additional-only="true" sort-key="Y02W30/52" definition-exists="false" ipc-concordant="CPCONLY" c-set-base-allowed="false" c-set-subsequent-allowed="false" date-revised="2020-08-01" status="published"><classification-symbol>Y02W30/52</classification-symbol><class-title date-revised="2020-08-01"><title-part><text>Mechanical processing of waste for the recovery of materials, e.g. crushing, shredding, separation or disassembly</text></title-part></class-title></classification-item>
<classification-item breakdown-code="false" not-allocatable="false" level="9" additional-only="true" sort-key="Y02W30/56" definition-exists="false" ipc-concordant="CPCONLY" c-set-base-allowed="false" c-set-subsequent-allowed="false" date-revised="2020-08-01" status="published"><classification-symbol>Y02W30/56</classification-symbol><class-title date-revised="2020-08-01"><title-part><text>of vehicles</text></title-part></class-title></classification-item>
<classification-item breakdown-code="false" not-allocatable="false" level="9" additional-only="true" sort-key="Y02W30/58" definition-exists="false" ipc-concordant="CPCONLY" c-set-base-allowed="false" c-set-subsequent-allowed="false" date-revised="2015-05-01" status="published"><classification-symbol>Y02W30/58</classification-symbol><class-title><title-part><text>Construction or demolition [C&amp;D] waste</text></title-part></class-title></classification-item>
<classification-item breakdown-code="false" not-allocatable="false" level="9" additional-only="true" sort-key="Y02W30/60" definition-exists="false" ipc-concordant="CPCONLY" c-set-base-allowed="false" c-set-subsequent-allowed="false" date-revised="2015-05-01" status="published"><classification-symbol>Y02W30/60</classification-symbol><class-title><title-part><text>Glass recycling</text></title-part></class-title></classification-item>
<classification-item breakdown-code="false" not-allocatable="false" level="9" additional-only="true" sort-key="Y02W30/62" definition-exists="false" ipc-concordant="CPCONLY" c-set-base-allowed="false" c-set-subsequent-allowed="false" date-revised="2020-08-01" status="published"><classification-symbol>Y02W30/62</classification-symbol><class-title date-revised="2020-08-01"><title-part><text>Plastics recycling</text></title-part><title-part><text>Rubber recycling</text></title-part></class-title></classification-item>
<classification-item breakdown-code="false" not-allocatable="false" level="9" additional-only="true" sort-key="Y02W30/64" definition-exists="false" ipc-concordant="CPCONLY" c-set-base-allowed="false" c-set-subsequent-allowed="false" date-revised="2015-05-01" status="published"><classification-symbol>Y02W30/64</classification-symbol><class-title><title-part><text>Paper recycling</text></title-part></class-title></classification-item>
<classification-item breakdown-code="false" not-allocatable="false" level="9" additional-only="true" sort-key="Y02W30/66" definition-exists="false" ipc-concordant="CPCONLY" c-set-base-allowed="false" c-set-subsequent-allowed="false" date-revised="2015-05-01" status="published"><classification-symbol>Y02W30/66</classification-symbol><class-title><title-part><text>Disintegrating fibre-containing textile articles to obtain fibres for re-use</text></title-part></class-title></classification-item>
<classification-item breakdown-code="false" not-allocatable="false" level="9" additional-only="true" sort-key="Y02W30/74" definition-exists="false" ipc-concordant="CPCONLY" c-set-base-allowed="false" c-set-subsequent-allowed="false" date-revised="2015-05-01" status="published"><classification-symbol>Y02W30/74</classification-symbol><class-title><title-part><text>Recovery of fats, fatty oils, fatty acids or other fatty substances, e.g. lanolin or waxes</text></title-part></class-title></classification-item>
<classification-item breakdown-code="false" not-allocatable="false" level="9" additional-only="true" sort-key="Y02W30/78" definition-exists="false" ipc-concordant="CPCONLY" c-set-base-allowed="false" c-set-subsequent-allowed="false" date-revised="2020-08-01" status="published"><classification-symbol>Y02W30/78</classification-symbol><class-title date-revised="2020-08-01"><title-part><text>Recycling of wood or furniture waste</text></title-part></class-title></classification-item>
<classification-item breakdown-code="false" not-allocatable="false" level="9" additional-only="true" sort-key="Y02W30/80" definition-exists="false" ipc-concordant="CPCONLY" c-set-base-allowed="false" c-set-subsequent-allowed="false" date-revised="2020-08-01" status="published"><classification-symbol>Y02W30/80</classification-symbol><class-title date-revised="2020-08-01"><title-part><text>Packaging reuse or recycling, e.g. of multilayer packaging </text><reference><text>bio-packaging <class-ref scheme="cpc">Y02W90/10</class-ref></text></reference></title-part></class-title></classification-item>
<classification-item breakdown-code="false" not-allocatable="false" level="9" additional-only="true" sort-key="Y02W30/82" definition-exists="false" ipc-concordant="CPCONLY" c-set-base-allowed="false" c-set-subsequent-allowed="false" date-revised="2015-05-01" status="published"><classification-symbol>Y02W30/82</classification-symbol><class-title><title-part><text>Recycling of waste of electrical or electronic equipment [WEEE]</text></title-part></class-title></classification-item>
<classification-item breakdown-code="false" not-allocatable="false" level="9" additional-only="true" sort-key="Y02W30/84" definition-exists="false" ipc-concordant="CPCONLY" c-set-base-allowed="false" c-set-subsequent-allowed="false" date-revised="2020-08-01" status="published"><classification-symbol>Y02W30/84</classification-symbol><class-title date-revised="2020-08-01"><title-part><text>Recycling of batteries or fuel cells</text></title-part></class-title></classification-item>
<classification-item breakdown-code="false" not-allocatable="false" level="9" additional-only="true" sort-key="Y02W30/91" definition-exists="false" ipc-concordant="CPCONLY" c-set-base-allowed="false" c-set-subsequent-allowed="false" date-revised="2020-08-01" status="published"><classification-symbol>Y02W30/91</classification-symbol><class-title><title-part><text>Use of waste materials as fillers for mortars or concrete</text></title-part></class-title></classification-item></classification-item></classification-item>
<classification-item breakdown-code="false" not-allocatable="false" level="7" additional-only="true" sort-key="Y02W90/00" definition-exists="false" ipc-concordant="CPCONLY" c-set-base-allowed="false" c-set-subsequent-allowed="false" date-revised="2015-05-01" status="published"><classification-symbol>Y02W90/00</classification-symbol><class-title><title-part><text>Enabling technologies or technologies with a potential or indirect contribution to greenhouse gas [GHG] emissions mitigation</text></title-part></class-title>
<classification-item breakdown-code="false" not-allocatable="false" level="8" additional-only="true" sort-key="Y02W90/10" definition-exists="false" ipc-concordant="CPCONLY" c-set-base-allowed="false" c-set-subsequent-allowed="false" date-revised="2020-08-01" status="published"><classification-symbol>Y02W90/10</classification-symbol><class-title date-revised="2020-08-01"><title-part><text>Bio-packaging, e.g. packing containers made from renewable resources or bio-plastics</text></title-part></class-title></classification-item></classification-item></classification-item></classification-item></class-scheme>