<?xml version="1.0" encoding="UTF-8"?>
<class-scheme publication-date="2022-08-01" scheme-type="cpc" publication-type="official">
<classification-item breakdown-code="false" not-allocatable="true" level="5" additional-only="false" sort-key="D21J" definition-exists="true" date-revised="2018-08-01" status="published"><classification-symbol>D21J</classification-symbol><class-title date-revised="2013-01-01"><title-part><text>FIBREBOARD</text></title-part><title-part><text>MANUFACTURE OF ARTICLES FROM CELLULOSIC FIBROUS SUSPENSIONS OR FROM PAPIER-MACHE </text><reference><text>manufacture of articles by dry processes <class-ref scheme="cpc">B27N</class-ref></text></reference></title-part></class-title><notes-and-warnings><note type="warning"><note-paragraph>In this subclass non-limiting references (in the sense of paragraph 39 of the Guide to the IPC) may still be displayed in the scheme.</note-paragraph></note></notes-and-warnings>
<classification-item breakdown-code="false" not-allocatable="true" level="6" additional-only="false" sort-key="D21J1/00" date-revised="2013-01-01" status="published"><classification-symbol>D21J1/00</classification-symbol>
<classification-item breakdown-code="false" not-allocatable="false" level="7" additional-only="false" sort-key="D21J1/00" definition-exists="true" ipc-concordant="D21J1/00" c-set-base-allowed="false" c-set-subsequent-allowed="true" date-revised="2013-01-01" status="published"><classification-symbol>D21J1/00</classification-symbol><class-title date-revised="2013-01-01"><title-part><text>Fibreboard </text><reference><text>preparation of pulp compositions or addition of chemical agents <class-ref scheme="cpc">D21B</class-ref>, <class-ref scheme="cpc">D21C</class-ref>, <class-ref scheme="cpc">D21H</class-ref>; formation of the wet web <class-ref scheme="cpc">D21F</class-ref></text></reference></title-part></class-title>
<classification-item breakdown-code="false" not-allocatable="false" level="8" additional-only="false" sort-key="D21J1/02" definition-exists="false" ipc-concordant="D21J1/02" c-set-base-allowed="false" c-set-subsequent-allowed="true" date-revised="2013-01-01" status="published"><classification-symbol>D21J1/02</classification-symbol><class-title date-revised="2013-01-01"><title-part><text>Cutting, e.g. using wet saws</text></title-part></class-title></classification-item>
<classification-item breakdown-code="false" not-allocatable="false" level="8" additional-only="false" sort-key="D21J1/04" definition-exists="false" ipc-concordant="D21J1/04" c-set-base-allowed="false" c-set-subsequent-allowed="true" date-revised="2013-01-01" status="published"><classification-symbol>D21J1/04</classification-symbol><class-title date-revised="2013-01-01"><title-part><text>Pressing</text></title-part></class-title></classification-item>
<classification-item breakdown-code="false" not-allocatable="false" level="8" additional-only="false" sort-key="D21J1/06" definition-exists="false" ipc-concordant="D21J1/06" c-set-base-allowed="false" c-set-subsequent-allowed="true" date-revised="2013-01-01" status="published"><classification-symbol>D21J1/06</classification-symbol><class-title date-revised="2013-01-01"><title-part><text>Drying</text></title-part></class-title></classification-item>
<classification-item breakdown-code="false" not-allocatable="false" level="8" additional-only="false" sort-key="D21J1/08" definition-exists="false" ipc-concordant="D21J1/08" c-set-base-allowed="false" c-set-subsequent-allowed="true" date-revised="2013-01-01" status="published"><classification-symbol>D21J1/08</classification-symbol><class-title date-revised="2013-01-01"><title-part><text>Impregnated or coated fibreboard</text></title-part></class-title></classification-item>
<classification-item breakdown-code="false" not-allocatable="false" level="8" additional-only="false" sort-key="D21J1/10" definition-exists="false" ipc-concordant="D21J1/10" c-set-base-allowed="false" c-set-subsequent-allowed="true" date-revised="2013-01-01" status="published"><classification-symbol>D21J1/10</classification-symbol><class-title date-revised="2013-01-01"><title-part><text>After-treatment</text></title-part></class-title>
<classification-item breakdown-code="false" not-allocatable="false" level="9" additional-only="false" sort-key="D21J1/12" definition-exists="false" ipc-concordant="D21J1/12" c-set-base-allowed="false" c-set-subsequent-allowed="true" date-revised="2013-01-01" status="published"><classification-symbol>D21J1/12</classification-symbol><class-title date-revised="2013-01-01"><title-part><text>Hardening</text></title-part></class-title></classification-item>
<classification-item breakdown-code="false" not-allocatable="false" level="9" additional-only="false" sort-key="D21J1/14" definition-exists="false" ipc-concordant="D21J1/14" c-set-base-allowed="false" c-set-subsequent-allowed="true" date-revised="2013-01-01" status="published"><classification-symbol>D21J1/14</classification-symbol><class-title date-revised="2013-01-01"><title-part><text>Conditioning</text></title-part></class-title></classification-item></classification-item>
<classification-item breakdown-code="false" not-allocatable="false" level="8" additional-only="false" sort-key="D21J1/16" definition-exists="true" ipc-concordant="D21J1/16" c-set-base-allowed="false" c-set-subsequent-allowed="true" date-revised="2013-01-01" status="published"><classification-symbol>D21J1/16</classification-symbol><class-title date-revised="2013-01-01"><title-part><text>Special fibreboard</text></title-part></class-title>
<classification-item breakdown-code="false" not-allocatable="false" level="9" additional-only="false" sort-key="D21J1/165" definition-exists="false" ipc-concordant="D21J1/16" c-set-base-allowed="false" c-set-subsequent-allowed="true" date-revised="2013-01-01" status="published"><classification-symbol>D21J1/165</classification-symbol><class-title date-revised="2013-01-01"><title-part><CPC-specific-text><text>Roofing material</text></CPC-specific-text></title-part></class-title></classification-item>
<classification-item breakdown-code="false" not-allocatable="false" level="9" additional-only="false" sort-key="D21J1/18" definition-exists="false" ipc-concordant="D21J1/18" c-set-base-allowed="false" c-set-subsequent-allowed="true" date-revised="2013-01-01" status="published"><classification-symbol>D21J1/18</classification-symbol><class-title date-revised="2013-01-01"><title-part><text>Hardboard</text></title-part></class-title></classification-item>
<classification-item breakdown-code="false" not-allocatable="false" level="9" additional-only="false" sort-key="D21J1/20" definition-exists="true" ipc-concordant="D21J1/20" c-set-base-allowed="false" c-set-subsequent-allowed="true" date-revised="2013-01-01" status="published"><classification-symbol>D21J1/20</classification-symbol><class-title date-revised="2013-01-01"><title-part><text>Insulating board</text></title-part></class-title></classification-item></classification-item></classification-item>
<classification-item breakdown-code="false" not-allocatable="false" level="7" additional-only="false" sort-key="D21J3/00" definition-exists="true" ipc-concordant="D21J3/00" c-set-base-allowed="false" c-set-subsequent-allowed="true" date-revised="2018-01-01" status="published"><classification-symbol>D21J3/00</classification-symbol><class-title date-revised="2018-01-01"><title-part><text>Manufacture of articles by pressing wet fibre pulp, or papier-m&#226;ch&#233;, between moulds</text></title-part></class-title>
<classification-item breakdown-code="false" not-allocatable="false" level="8" additional-only="false" sort-key="D21J3/02" definition-exists="false" ipc-concordant="D21J3/02" c-set-base-allowed="false" c-set-subsequent-allowed="true" date-revised="2013-01-01" status="published"><classification-symbol>D21J3/02</classification-symbol><class-title date-revised="2013-01-01"><title-part><text>of rings</text></title-part></class-title></classification-item>
<classification-item breakdown-code="false" not-allocatable="false" level="8" additional-only="false" sort-key="D21J3/04" definition-exists="false" ipc-concordant="D21J3/04" c-set-base-allowed="false" c-set-subsequent-allowed="true" date-revised="2013-01-01" status="published"><classification-symbol>D21J3/04</classification-symbol><class-title date-revised="2013-01-01"><title-part><text>of tubes</text></title-part></class-title></classification-item>
<classification-item breakdown-code="false" not-allocatable="false" level="8" additional-only="false" sort-key="D21J3/06" definition-exists="false" ipc-concordant="D21J3/06" c-set-base-allowed="false" c-set-subsequent-allowed="true" date-revised="2013-01-01" status="published"><classification-symbol>D21J3/06</classification-symbol><class-title date-revised="2013-01-01"><title-part><text>of stoppers</text></title-part></class-title></classification-item>
<classification-item breakdown-code="false" not-allocatable="false" level="8" additional-only="false" sort-key="D21J3/08" definition-exists="false" ipc-concordant="D21J3/08" c-set-base-allowed="false" c-set-subsequent-allowed="true" date-revised="2013-01-01" status="published"><classification-symbol>D21J3/08</classification-symbol><class-title date-revised="2013-01-01"><title-part><text>of bobbins</text></title-part></class-title></classification-item>
<classification-item breakdown-code="false" not-allocatable="false" level="8" additional-only="false" sort-key="D21J3/10" definition-exists="false" ipc-concordant="D21J3/10" c-set-base-allowed="false" c-set-subsequent-allowed="true" date-revised="2013-01-01" status="published"><classification-symbol>D21J3/10</classification-symbol><class-title date-revised="2013-01-01"><title-part><text>of hollow bodies</text></title-part></class-title></classification-item>
<classification-item breakdown-code="false" not-allocatable="false" level="8" additional-only="false" sort-key="D21J3/12" definition-exists="false" ipc-concordant="D21J3/12" c-set-base-allowed="false" c-set-subsequent-allowed="true" date-revised="2013-01-01" status="published"><classification-symbol>D21J3/12</classification-symbol><class-title date-revised="2013-01-01"><title-part><text>of sheets</text></title-part><title-part><text>of diaphragms</text></title-part></class-title></classification-item></classification-item>
<classification-item breakdown-code="false" not-allocatable="false" level="7" additional-only="false" sort-key="D21J5/00" definition-exists="true" ipc-concordant="D21J5/00" c-set-base-allowed="false" c-set-subsequent-allowed="true" date-revised="2018-01-01" status="published"><classification-symbol>D21J5/00</classification-symbol><class-title date-revised="2018-01-01"><title-part><text>Manufacture of hollow articles by transferring sheets, produced from fibres suspensions or papier-m&#226;ch&#233; by suction on wire-net moulds, to couch-moulds</text></title-part></class-title></classification-item>
<classification-item breakdown-code="false" not-allocatable="false" level="7" additional-only="false" sort-key="D21J7/00" definition-exists="true" ipc-concordant="D21J7/00" c-set-base-allowed="false" c-set-subsequent-allowed="true" date-revised="2018-01-01" status="published"><classification-symbol>D21J7/00</classification-symbol><class-title date-revised="2018-01-01"><title-part><text>Manufacture of hollow articles from fibre suspensions or papier-m&#226;ch&#233; by deposition of fibres in or on a wire-net mould</text></title-part></class-title></classification-item></classification-item></classification-item></class-scheme>