<?xml version="1.0" encoding="UTF-8"?>
<class-scheme publication-date="2022-08-01" scheme-type="cpc" publication-type="official">
<classification-item breakdown-code="false" not-allocatable="true" level="5" additional-only="false" sort-key="B41G" definition-exists="true" date-revised="2018-08-01" status="published"><classification-symbol>B41G</classification-symbol><class-title date-revised="2013-01-01"><title-part><text>APPARATUS FOR BRONZE PRINTING, LINE PRINTING, OR FOR BORDERING OR EDGING SHEETS OR LIKE ARTICLES</text></title-part><title-part><text>AUXILIARY FOR PERFORATING IN CONJUNCTION WITH PRINTING </text><reference><text>perforating in general <class-ref scheme="cpc">B26D</class-ref>; production of decorations <class-ref scheme="cpc">B44C</class-ref>; perforating in conjunction with sheet or web delivery <class-ref scheme="cpc">B65H35/00</class-ref>; folding or unfolding thin material, e.g. sheets, webs, <class-ref scheme="cpc">B65H45/00</class-ref>, <class-ref scheme="cpc">B65H47/00</class-ref></text></reference></title-part></class-title><notes-and-warnings><note type="warning"><note-paragraph>In this subclass non-limiting references (in the sense of paragraph 39 of the Guide to the IPC) may still be displayed in the scheme.</note-paragraph></note></notes-and-warnings>
<classification-item breakdown-code="false" not-allocatable="true" level="6" additional-only="false" sort-key="B41G1/00" date-revised="2013-01-01" status="published"><classification-symbol>B41G1/00</classification-symbol>
<classification-item breakdown-code="false" not-allocatable="false" level="7" additional-only="false" sort-key="B41G1/00" definition-exists="true" ipc-concordant="B41G1/00" c-set-base-allowed="false" c-set-subsequent-allowed="true" date-revised="2013-01-01" status="published"><classification-symbol>B41G1/00</classification-symbol><class-title date-revised="2013-01-01"><title-part><text>Apparatus for bronze printing or for like operations </text><reference><text>applying granular materials or metallic foils for decorative purposes <class-ref scheme="cpc">B44C1/00</class-ref></text></reference></title-part></class-title>
<classification-item breakdown-code="false" not-allocatable="false" level="8" additional-only="false" sort-key="B41G1/02" definition-exists="false" ipc-concordant="B41G1/02" c-set-base-allowed="false" c-set-subsequent-allowed="true" date-revised="2013-01-01" status="published"><classification-symbol>B41G1/02</classification-symbol><class-title date-revised="2013-01-01"><title-part><text>platen type</text></title-part></class-title></classification-item>
<classification-item breakdown-code="false" not-allocatable="false" level="8" additional-only="false" sort-key="B41G1/04" definition-exists="false" ipc-concordant="B41G1/04" c-set-base-allowed="false" c-set-subsequent-allowed="true" date-revised="2013-01-01" status="published"><classification-symbol>B41G1/04</classification-symbol><class-title date-revised="2013-01-01"><title-part><text>cylinder type</text></title-part></class-title></classification-item></classification-item>
<classification-item breakdown-code="false" not-allocatable="false" level="7" additional-only="false" sort-key="B41G3/00" definition-exists="true" ipc-concordant="B41G3/00" c-set-base-allowed="false" c-set-subsequent-allowed="true" date-revised="2013-01-01" status="published"><classification-symbol>B41G3/00</classification-symbol><class-title date-revised="2013-01-01"><title-part><text>Apparatus for printing lines</text></title-part></class-title></classification-item>
<classification-item breakdown-code="false" not-allocatable="false" level="7" additional-only="false" sort-key="B41G5/00" definition-exists="true" ipc-concordant="B41G5/00" c-set-base-allowed="false" c-set-subsequent-allowed="true" date-revised="2013-01-01" status="published"><classification-symbol>B41G5/00</classification-symbol><class-title date-revised="2013-01-01"><title-part><text>Apparatus for bordering or edging sheets or like articles, e.g. for producing black rims on mourning cards</text></title-part></class-title></classification-item>
<classification-item breakdown-code="false" not-allocatable="false" level="7" additional-only="false" sort-key="B41G7/00" definition-exists="true" ipc-concordant="B41G7/00" c-set-base-allowed="false" c-set-subsequent-allowed="true" date-revised="2013-01-01" status="published"><classification-symbol>B41G7/00</classification-symbol><class-title date-revised="2013-01-01"><title-part><text>Auxiliary perforating apparatus associated with printing devices </text><reference><text>apparatus or machines for carrying-out printing operations combined with operations other than perforating <class-ref scheme="cpc">B41F19/00</class-ref></text></reference></title-part></class-title>
<classification-item breakdown-code="false" not-allocatable="false" level="8" additional-only="false" sort-key="B41G7/003" definition-exists="false" ipc-concordant="B41G7/00" c-set-base-allowed="false" c-set-subsequent-allowed="true" date-revised="2013-01-01" status="published"><classification-symbol>B41G7/003</classification-symbol><class-title date-revised="2013-01-01"><title-part><CPC-specific-text><text>for platen presses</text></CPC-specific-text></title-part></class-title></classification-item>
<classification-item breakdown-code="false" not-allocatable="false" level="8" additional-only="false" sort-key="B41G7/006" definition-exists="false" ipc-concordant="B41G7/00" c-set-base-allowed="false" c-set-subsequent-allowed="true" date-revised="2013-01-01" status="published"><classification-symbol>B41G7/006</classification-symbol><class-title date-revised="2013-01-01"><title-part><CPC-specific-text><text>for cylinder presses</text></CPC-specific-text></title-part></class-title></classification-item></classification-item></classification-item></classification-item></class-scheme>